License Number,License Type,Business Name,DBA Name,Address,Address 2,City,State,Zip Code,Phone,Issued Date,Expiration Date,License Status
26-6Z686-SHMO,Mold Remediation Contractor License (SH126),"A to Z  Restoration Environmental Contractor, Inc.",,40-45 99th Street,Suite 1-R,Corona,NY,11368,6466430881,06/09/2026,06/30/2028,Active
01714,Mold Remediation Contractor License (SH126),"1-800-Flood Restoration, Inc.",,232 Nassau St,,WESTBURY,NY,11590,5162835466,02/23/2022,02/28/2024,Expired
26-6I1OF-SHMO,Mold Remediation Contractor License (SH126),"192 Branch Interior Service, Inc.",,2099 9th Avenue,,Ronkonkoma,NY,11779,6314676600,01/14/2026,01/31/2028,Active
25-67QB8-SHMO,Mold Remediation Contractor License (SH126),24 Plus Construction LLC,,506 W 146th Street # 1A,,New York,NY,10031,9178586033,12/03/2025,12/31/2027,Active
26-6ZUVY-SHMO,Mold Remediation Contractor License (SH126),"360 NATIONAL RESTORATION, LTD.",,405 Railroad Avenue,,E Rutherford,NJ,07073,2014604701,05/13/2026,05/31/2028,Active
01701,Mold Assessment Contractor License (SH125),518 Mold LLC,,53 Plant Rd,,CLIFTON PARK,NY,12065,5183806959,02/22/2022,02/28/2024,Expired
25-6LEIO-SHMO,Mold Assessment Contractor License (SH125),911 Environmental Testing LLC,,1548 E 2nd Street,,BROOKLYN,NY,11223,9293937740,09/29/2025,09/30/2027,Active
26-63RRR-SHMO,Mold Assessment Contractor License (SH125),A & G Certified Mold Inspector LLC,,114 S HILLSIDE AVE,,Nesconset,NY,11767,6317667259,07/06/2026,07/31/2028,Active
23-6UKNH-SHMO,Mold Remediation Contractor License (SH126),A Grade Property Restoration LLC,,111 Howard Blvd,,Ledgewood,NJ,07852,9734737247,08/02/2023,08/31/2025,Expired
01823,Mold Remediation Contractor License (SH126),A Pure Strive Service LLC,,208 Piaget Ave Suite 2,,CLIFTON,NJ,07011,9739577733,07/01/2020,01/31/2025,Expired
01778,Mold Assessment Contractor License (SH125),A&A Mold inspection & Remediation Inc,,1084 East 36th St,,BROOKLYN,NY,11210,6469450589,09/20/2022,09/30/2024,Expired
01843,Mold Assessment Contractor License (SH125),A&M Green Cleaning Inc,,"62-60 99th Street, Ste 1519",,REGO PARK,NY,11374,3474806940,03/16/2023,03/31/2025,Expired
01775,Mold Assessment Contractor License (SH125),"A-Pro Home Inspections (Upstate NY), LLC",,258 Autumn Run,,SCHENECTADY,NY,12306,5182758824,09/07/2022,09/30/2024,Expired
25-6HTFU-SHMO,Mold Remediation Contractor License (SH126),A.M. Shield Waterproofing Corp.,,33 Albertson Ave,,Albertson,NY,11507,5162948400,08/28/2025,08/31/2027,Active
25-6HU4U-SHMO,Mold Remediation Contractor License (SH126),A.S.P. Housing Enterprise Inc.,,55-10 68th street 2nd floor,,Maspeth,NY,11378,7186087073,09/08/2025,09/30/2027,Active
25-6HP3V-SHMO,Mold Remediation Contractor License (SH126),A2Z Restoration Group Corp,,1626 RIDGEWAY DRIVE,,HEWLETT,NY,11557,5167708960,08/15/2025,08/31/2027,Active
25-6HTRU-SHMO,Mold Remediation Contractor License (SH126),AAS PAINTING INC.,,42 Cedar Ln Apt C4,,OSSINING,NY,10562,7184504663,08/28/2025,08/31/2027,Active
25-6TKW8-SHMO,Mold Remediation Contractor License (SH126),ABC Emergency Response LLC,,112 Wade Rd,,Latham,NY,12110,5189153291,04/29/2025,04/30/2027,Active
25-6L4X4-SHMO,Mold Assessment Contractor License (SH125),AC & E Home Inspection Corp,,14 Ashford Dr,,RIDGE,NY,11961,,10/23/2025,10/31/2027,Active
26-66AE4-SHMO,Mold Assessment Contractor License (SH125),"ACP BUFFALO, LLC",,135 Delaware Ave.,Ste Frnt 103,Buffalo,NY,14202,7162599071,04/29/2026,04/30/2028,Active
01832,Mold Assessment Contractor License (SH125),ADNY23 Corp.,,59 John Street #4H,,NEW YORK,NY,10038,2128284522,02/10/2023,02/28/2025,Expired
23-6TQKE-SHMO,Mold Remediation Contractor License (SH126),"AFM Professional Services, LLC",,37 Mercury Dr.,,Rochester,NY,14624,5854152406,05/23/2023,05/31/2025,Expired
25-643I9-SHMO,Mold Remediation Contractor License (SH126),"AGG Contracting, Inc.",,140 Gibson Avenue,,Staten Island,NY,10308,7184992300,02/18/2025,02/28/2027,Active
26-6SSLN-SHMO,Mold Assessment Contractor License (SH125),AIM Environmental LLC,,2460 Lemoine Avenue,Suite 503,Fort Lee,NJ,07024,2015285047,02/26/2026,02/29/2028,Active
25-64PHJ-SHMO,Mold Remediation Contractor License (SH126),AJS General Contracting & Home Improvements LLC,,137 Greenwood Drive,,Massapequa,NY,11758,5165096623,01/13/2025,01/31/2027,Active
25-6HIGI-SHMO,Mold Remediation Contractor License (SH126),"ALPHA ENVIRONMENTAL SERVICES, INC",Environmental Services,185 MERRICK ROAD,SUITE LLA,LYNBROOK,NY,11563,9175171860,09/12/2025,09/30/2027,Active
25-65HGF-SHMO,Mold Assessment Contractor License (SH125),AMERICAN EIFS INSPECTORS AND ASSOCIATES INC,,93 Rockwell Dr,,Hilton,NY,14468,5855636585,06/11/2025,06/30/2027,Active
26-6Z198-SHMO,Mold Remediation Contractor License (SH126),AMIT CONSTRUCTION CORP,,89-35 120TH STREET,,RICHMOND HILL,NY,11418,6469325961,02/09/2026,02/29/2028,Active
25-64SV1-SHMO,Mold Remediation Contractor License (SH126),ANNAS 4 CONTRACTING LLC,,51 Highland Ave,,New Rochelle,NY,10801,9143432733,02/06/2025,02/28/2027,Active
01888,Mold Remediation Contractor License (SH126),APN Environmental LLC,,54 Maple Street,,CATSKILL,NY,12414,8458838128,11/16/2022,11/30/2024,Expired
24-63U9U-SHMO,Mold Remediation Contractor License (SH126),"ARCS AND SPARKS, LLC",,11130 bowen rd,,attica,NY,14011,5853222722,11/07/2024,11/30/2026,Active
25-659LZ-SHMO,Mold Remediation Contractor License (SH126),ARMOTECH CORP.,,43-07 28TH AVE,,ASTORIA,NY,11103,6462562538,06/23/2025,06/30/2027,Active
24-6335T-SHMO,Mold Assessment Contractor License (SH125),ASTONSHINE INCORPORATED,,2143 Union Rd,,West Seneca,NY,14224,7169901588,11/27/2024,11/30/2026,Active
26-66LA1-SHMO,Mold Assessment Contractor License (SH125),"AUAR Enterprises, Inc.",Colello Air Technologies,123 Coleman Ave,,Watertown,NY,13601,3157789403,04/16/2026,04/30/2028,Active
26-6SAOF-SHMO,Mold Assessment Contractor License (SH125),Aaction Environmental Services Inc.,,158 Hessland Ct,,Elma,NY,14059,7168181212,02/11/2026,02/29/2028,Active
25-644CB-SHMO,Mold Remediation Contractor License (SH126),Abatepro Mbe Environmental Corp.,,3434boller ave,,Bronx,NY,10475,3472452541,02/20/2025,02/28/2027,Active
25-643SX-SHMO,Mold Assessment Contractor License (SH125),Absolute Enviro LLC,,40 Red Rock Rd,,NEW CITY,NY,10956,6467846013,02/18/2025,02/28/2027,Active
26-63BY7-SHMO,Mold Assessment Contractor License (SH125),Accredited Environmental Safety Corp.,,66-47 Grand Avenue,2nd Floor,Maspeth,NY,11378,9294185281,07/22/2026,07/31/2028,Active
26-6SBCJ-SHMO,Mold Assessment Contractor License (SH125),"Accredited Lead Inspection, Inc.",,156 Shore Road,,Port Washington,NY,11050,5169445323,01/30/2026,01/31/2028,Active
26-6ATL4-SHMO,Mold Assessment Contractor License (SH125),"Ace Mold Inspection, Inc",,1274 49nth Street #262,,Brooklyn,NY,11219,7182856783,06/12/2026,06/30/2028,Active
25-64SKA-SHMO,Mold Remediation Contractor License (SH126),Adam's European Contracting Inc,,589 Johnson Ave,,BROOKLYN,NY,11237,7184179000,02/06/2025,02/28/2027,Active
01873,Mold Remediation Contractor License (SH126),"Advance Catastrophe Technologies, LLC",,4070 N Hoover Ct,,Wichita,KS,67205,8779000493,09/22/2022,09/30/2024,Expired
25-6UKUZ-SHMO,Mold Remediation Contractor License (SH126),Advanced DRI LLC,,2713 Route 17M,,New Hampton,NY,10958,8452948919,06/17/2025,06/30/2027,Active
24-6ZIVL-SHMO,Mold Remediation Contractor License (SH126),"Advantage Service Group Associates, Inc.",,193 Lake Rd.,,BALLSTON LAKE,NY,12019,5183843806,04/04/2024,03/31/2026,Expired
23-6UMC8-SHMO,Mold Remediation Contractor License (SH126),Affordable Remediation & Emergency Services LLC,,5 Kimberly Ct,,MANALAPAN,NJ,07726,7327698101,08/08/2023,05/31/2025,Expired
23-6TJS9-SHMO,Mold Assessment Contractor License (SH125),Aimco Painting Inc.,,49-36 168th Street,,Fresh Meadows,NY,11365,9177323555,04/24/2023,04/24/2025,Expired
01796,Mold Assessment Contractor License (SH125),"Air Quality Solutions, LLC",,9 Bassett Court,,BALDWIN PLACE,NY,10505,9147030039,10/18/2022,10/31/2024,Expired
26-6647Y-SHMO,Mold Assessment Contractor License (SH125),AirQC LLC,,855 East 7 Street,3J,Brooklyn,NY,11230,7186026800,05/07/2026,05/31/2028,Active
26-6LDTY-SHMO,Mold Assessment Contractor License (SH125),"Airborne Inspection Pros, Inc.",All Island Mold Inspectors,32 Ambassador Lane,,Selden,NY,11784,6313461450,01/15/2026,10/31/2027,Active
25-67QDV-SHMO,Mold Assessment Contractor License (SH125),Albert Einstein College of Medicine,,1300 Morris Park Ave,,Bronx,NY,10461,7184304150,12/03/2025,12/31/2027,Active
01724,Mold Assessment Contractor License (SH125),Alex Wolf,A.W. Mold Assessment Co.,207 Garfield Ave,,EAST ROCHESTER,NY,14445,5853299121,04/29/2022,04/30/2024,Expired
25-6LZSE-SHMO,Mold Remediation Contractor License (SH126),All Boro Cleaning Service Inc,,42 Maple Place,,AMITYVILLE,NY,11701,5169423016,11/06/2025,11/30/2027,Active
26-6LFZL-SHMO,Mold Assessment Contractor License (SH125),"All City Contracting & Cleaning, Inc.",All City Restoration,"160 Hicks St.,",,Westbury,NY,11590,5163389800,01/07/2026,12/31/2027,Active
26-6ZETS-SHMO,Mold Assessment Contractor License (SH125),"All Clear Environmental Services, Inc.",,31 TRESCOTT PATH,,FORT SALONGA,NY,11768,6312694205,03/03/2026,03/31/2028,Active
25-6UYS1-SHMO,Mold Remediation Contractor License (SH126),"All Green Contracting USA, Inc.",,2514 62nd St W,,Lehigh Acres,FL,33971,5189372487,07/01/2025,07/31/2027,Active
23-6UXZ8-SHMO,Mold Assessment Contractor License (SH125),All In One Home Inspections LLC,,1202 Ave U,#1099,Brooklyn,NY,11229,6467701556,08/23/2023,08/31/2025,Expired
24-638JN-SHMO,Mold Remediation Contractor License (SH126),All Repair and Restoration LLC,ALL DRY USA,999 South Oyster Bay Road,,BETHPAGE,NY,11714,5163689601,09/16/2024,09/30/2026,Active
26-6AZZY-SHMO,Mold Remediation Contractor License (SH126),"All Star Restoration, Inc.",Rainbow Restoration of Long Island,"4835 Vets Memorial Highway, Unit B",,Holbrook,NY,11741,6315637860,07/20/2026,07/31/2028,Active
26-6Z5J8-SHMO,Mold Remediation Contractor License (SH126),"All Vac Environmental, Inc.",,2558 Route US 9W,,Cornwall,NY,12518,8456417851,03/23/2026,03/31/2028,Active
25-6IDN9-SHMO,Mold Assessment Contractor License (SH125),Ally Environmental LLC,,81 Roosevelt Avenue,,STATEN ISLAND,NY,10314,2122037523,12/01/2025,12/31/2027,Active
24-6ZEHG-SHMO,Mold Assessment Contractor License (SH125),Alpha Phase Design And Construction LLC,,24 Suydam Drive,,Melville,NY,11747,6318488864,03/07/2024,03/31/2026,Expired
01257,Mold Assessment Contractor License (SH125),Alta Enterprise LLC,,2000 Clover St,,ROCHESTER,NY,14618,5857337264,10/16/2018,10/31/2024,Expired
24-6ASEC-SHMO,Mold Assessment Contractor License (SH125),"Alternative Construction & Environmental Solutions, Inc.",,2247 Wrightsboro Road,,Augusta,GA,30904,7062622000,07/09/2024,07/31/2026,Expired
24-6SIFU-SHMO,Mold Remediation Contractor License (SH126),Ama Environmental LLC,,"35 E. Grassy Sprain Rd, Ste 206",,YONKERS,NY,10710,9144343133,02/14/2024,03/31/2027,Active
25-645Q7-SHMO,Mold Assessment Contractor License (SH125),"Ambient Group, Inc.",,470 Seventh Avenue,,NEW YORK,NY,10018,2129444615,02/24/2025,02/28/2027,Active
25-6IXJ1-SHMO,Mold Remediation Contractor License (SH126),"American Fire Restoration, LLC",,71-02 80th St.,,GLENDALE,NY,11385,,11/12/2025,11/30/2027,Active
25-6UOY3-SHMO,Mold Remediation Contractor License (SH126),American Restoration Solutions Inc.,,39 Werman Ct,,PLAINVIEW,NY,11803,5169278263,09/26/2025,09/30/2027,Active
26-69SR9-SHMO,Mold Remediation Contractor License (SH126),"Anchor Contracting NY, Corp.",,3026 Laconia Ave,,Bronx,NY,10469,3476227787,08/07/2026,08/31/2028,Active
26-6A3DQ-SHMO,Mold Assessment Contractor License (SH125),Angstrom Testing Services L.L.C.,,"30 Hempstead Avenue, S4",,Rockville Centre,NY,11570,5167244574,07/02/2026,07/31/2028,Active
25-6UJH8-SHMO,Mold Remediation Contractor License (SH126),Anthony Siquier,Lake Placid Mold Pros,41 Danielle Rd,,Jay,NY,12941,5187276470,08/21/2025,08/31/2027,Active
24-6I5B3-SHMO,Mold Remediation Contractor License (SH126),"Apex Cleaning, Inc.",,4809 Avenue N Suite 250,,BROOKLYN,NY,11234,7182539595,01/17/2024,03/31/2026,Expired
01793,Mold Assessment Contractor License (SH125),Apex Environmental Consulting Corp,,349 Mariaville Road,,SCHENECTADY,NY,12306,5186120294,10/17/2022,10/31/2024,Expired
25-6HE59-SHMO,Mold Remediation Contractor License (SH126),Apex Mold Specialists inc.,,2679 East 64th Street,,Brooklyn,NY,11234,8002176897,07/25/2025,07/31/2027,Active
26-66C4Q-SHMO,Mold Remediation Contractor License (SH126),Aqua-Pro Restoration LLC,,555 Broadhollow Rd,Ste 305,Melville,NY,11747,4072147772,03/23/2026,03/31/2028,Active
23-6LATO-SHMO,Mold Assessment Contractor License (SH125),"Arch Environmental Compliance Service Associates, LLC",,333 Kingsley Road,,BURNT HILLS,NY,12027,5186989832,11/21/2023,11/30/2025,Expired
23-6UEEX-SHMO,Mold Assessment Contractor License (SH125),Ari Cleaning - Water Damage - Mold Removal Inc.,,1626 E 36th Street,,Brooklyn,NY,11234,6466713514,07/26/2023,02/28/2025,Expired
24-63RYV-SHMO,Mold Remediation Contractor License (SH126),Arric Corporation,,5033 Transit Rd,,DEPEW,NY,14043,7166813535,09/04/2024,10/31/2026,Active
26-69COD-SHMO,Mold Remediation Contractor License (SH126),Ashley's Restoration LLC,,917 Springfield Rd,,Wilmington,NY,12997,5185246004,07/02/2026,07/31/2028,Active
26-6ANFB-SHMO,Mold Assessment Contractor License (SH125),Assured Property Solutions LLC,,58 Mcgregor Lane,,Crompond,NY,10517,9143144248,05/06/2026,05/31/2028,Active
25-644P4-SHMO,Mold Assessment Contractor License (SH125),"Athenica Environmental Services, Inc.",,31-33 31st Street,2nd Floor,"Astoria,",NY,11106,7187847490,02/20/2025,02/28/2027,Active
25-6UNQF-SHMO,Mold Remediation Contractor License (SH126),Avante Contracting Corp,,180 East Prospect Ave,Ste 2A,Mamaroneck,NY,10543,9146980700,04/10/2025,04/30/2027,Active
26-6AVO3-SHMO,Mold Assessment Contractor License (SH125),"Azar Design Co, Architecture, Landscape Architecture, Engineering and Surveying, P.C.",,"295 Main Street, Suite 200",,Buffalo,NY,14203,7168563933,05/26/2026,05/31/2028,Active
26-6ZE9L-SHMO,Mold Assessment Contractor License (SH125),B&B Mold Consulting LLC,Five Boro Mold specialist,394 Marcy Avenue,1L,Brooklyn,NY,11206,7186776653,02/19/2026,02/29/2028,Active
25-6TPQC-SHMO,Mold Remediation Contractor License (SH126),B-One Construction Inc.,,3947 Miller Place,,Levittown,NY,11756,6465782473,04/25/2025,04/30/2027,Active
25-6UD9D-SHMO,Mold Remediation Contractor License (SH126),"BBMK CONTRACTING, LLC",,6800 BROKEN SOUND PKWY NW STE 300,,Boca Raton,FL,33487,9549283870,09/19/2025,07/31/2027,Active
25-6TEQF-SHMO,Mold Assessment Contractor License (SH125),BEST ENVIRONMENTAL SERVICES INC,,439E 135th STREET Apt.1E,,BRONX,NY,10454,3475912002,08/20/2025,08/31/2027,Active
25-671QC-SHMO,Mold Remediation Contractor License (SH126),"BJS RENOVATIONS, INC","BJS RENOVATIONS, INS",757 BURKE AVE,,BROBX,NY,10467,3473341893,12/18/2025,12/31/2027,Active
26-63CR3-SHMO,Mold Remediation Contractor License (SH126),"BNB Holdings, Inc.",Rainbow International of Allerton,55 Wickes Ave,,Yonkers,NY,10701,9177684343,08/21/2026,08/31/2028,Active
26-69QAC-SHMO,Mold Assessment Contractor License (SH125),BOCES of Sole Supervisory District of Putnam & Westchester Counties,,200 BOCES Drive,,Yorktown Heights,NY,10598,9142452700,07/13/2026,07/31/2028,Active
24-6ZY1D-SHMO,Mold Remediation Contractor License (SH126),BUF DL LLC,Servpro of Central Buffalo and Eastern Niagara County,2728 Niagara Falls Blvd,,Niagara Falls,NY,14304,7164126800,02/23/2024,02/28/2026,Expired
24-6ZX5A-SHMO,Mold Assessment Contractor License (SH125),"BVTHL, LLC",,367 Saint Marks Avenue,,Brooklyn,NY,11238,9148886008,03/22/2024,03/31/2026,Expired
26-6ZA5V-SHMO,Mold Assessment Contractor License (SH125),"Bald Eagle Inspection Services, LLC",,856 Knickerbocker Road,,Schaghticoke,NY,12154,5184882538,06/03/2026,06/30/2028,Active
26-6S78A-SHMO,Mold Remediation Contractor License (SH126),Barros Construction Corp.,,107-22 117 st,,South Richmond Hill,NY,11419,6469967282,03/11/2026,03/31/2028,Active
25-65RZ8-SHMO,Mold Remediation Contractor License (SH126),"Beam Enterprises, Inc.",,3 Contorino Way,Bldg 2,Chester,NY,10918,9146177699,03/21/2025,03/31/2027,Active
24-6Z4ZE-SHMO,Mold Assessment Contractor License (SH125),Below Market LLC,,1830 E 14th St,,BROOKLYN,NY,11229,9179957481,04/17/2024,06/30/2026,Expired
26-664GP-SHMO,Mold Assessment Contractor License (SH125),Benitez Remodeling Corp,,36 Railroad Ave,,Glen Head,NY,11545,6316827834,05/05/2026,05/31/2028,Active
25-647VF-SHMO,Mold Remediation Contractor License (SH126),Best Choice Environmental & Restoration LLC,,316 Stafford St,,PALMYRA,NY,14522,5856900911,02/28/2025,02/28/2027,Active
25-6UJRF-SHMO,Mold Remediation Contractor License (SH126),"Better Energy Solutions, Inc.",,64 Orange Ave,,Suffern,NY,10901,8453605680,07/21/2025,07/31/2027,Active
26-6A59X-SHMO,Mold Assessment Contractor License (SH125),"Big East Environmental, LLC",,57 Chestnut St,Unit 10,Norwalk,CT,06854,2033544955,07/17/2026,07/31/2028,Active
26-6AOD3-SHMO,Mold Remediation Contractor License (SH126),BioTek Environmental NYC LLC,,6616 Avenue T,,Brooklyn,NY,11234,2127846490,06/26/2026,06/30/2028,Active
26-6ZD6S-SHMo,Mold Assessment Contractor License (SH125),Black Mountain Renovations LLC,,2419 Crotona Ave,,Bronx,NY,10458,7182203439,02/12/2026,02/29/2028,Active
26-69KJ9-SHMO,Mold Assessment Contractor License (SH125),"E  The Solution Associates, LLC",Alfa Consulting International,58 US Route 46,Suite 206,Budd Lake,NJ,07828,7182298859,06/25/2026,06/30/2028,Active
24-6AY3B-SHMO,Mold Remediation Contractor License (SH126),100 Lincoln Blvd LLC,,100 Lincoln Blvd,,Hempstead,NY,11550,5162439540,05/03/2024,05/31/2026,Expired
23-61V9Y-SHMO,Mold Assessment Contractor License (SH125),"1st Call Home Inspections, Inc.",,16 Greenbush Drive,,Poughkeepsie,NY,12601,8456359310,10/02/2023,09/30/2025,Expired
26-6AKFB-SHMO,Mold Assessment Contractor License (SH125),2SAFE Consulting Inc.,,1975 Hempstead Turnpike,408,East Meadow,NY,11554,5163682673,05/14/2026,05/31/2028,Active
25-65UJ9-SHMO,Mold Remediation Contractor License (SH126),360 Property Restoration LLC,,49 1/2 Lincoln Ave,,BINGHAMTON,NY,13905,6073495155,05/09/2025,05/31/2027,Active
25-6UODS-SHMO,Mold Assessment Contractor License (SH125),"56 Services, Inc.",,143 Bidwell Parkway,,Buffalo,NY,14222,7163418601,05/21/2025,05/31/2027,Active
25-6T86Q-SHMO,Mold Remediation Contractor License (SH126),911 Renovation LLC,Restoration Operators,171 Brady Ave,,Hawthorne,NY,10532,9148470340,03/04/2025,03/31/2027,Active
01756,Mold Remediation Contractor License (SH126),A & I Restoration LLC,,703 Yonkers LLC,,YONKERS,NY,10704,9172709744,06/08/2022,06/30/2024,Expired
26-6IPGI-SHMO,Mold Assessment Contractor License (SH125),A Plus Asbestos Investigation Inc.,,119 Deepdale Drive,,Middletown,NJ,07748,7182277244,01/06/2026,01/31/2028,Active
25-6TMXF-SHMO,Mold Remediation Contractor License (SH126),A Quest Corporation,,159 42nd St,,BROOKLYN,NY,11232,9176928280,03/10/2025,03/31/2027,Active
25-6TPJU-SHMO,Mold Remediation Contractor License (SH126),A&G Maintenance Inc,,1279 East 17th St Apt 3C,,Brooklyn,NY,11230,7187585115,04/10/2025,04/30/2027,Active
24-63NUK-SHMO,Mold Assessment Contractor License (SH125),A&S Complete Home Inspection LLC,,404 Batter Street,,Pattersonville,NY,12137,5185262775,08/28/2024,08/31/2026,Expired
00115,Mold Remediation Contractor License (SH126),"A.A.C. Contracting, Inc.",,175 Humboldt St.,,ROCHESTER,NY,14610,5852335363,01/05/2016,01/31/2024,Expired
24-6SUVK-SHMO,Mold Remediation Contractor License (SH126),A.S. Construction & Development Inc,,1538 Hone Ave,,BRONX,NY,10461,7185517160,02/13/2024,02/28/2026,Expired
25-6LCZU-SHMO,Mold Remediation Contractor License (SH126),A.W.S. Environmental Inc.,,"75 Windsor Ave, Unit BB",,Mineola,NY,11501,5166055270,10/20/2025,10/31/2027,Active
23-6IJJY-SHMO,Mold Remediation Contractor License (SH126),AAC Contracting LLC,,175 Humboldt St Ste 200,,Rochester,NY,14610,5855278000,12/15/2023,12/31/2025,Expired
25-6I8N8-SHMO,Mold Remediation Contractor License (SH126),ABATEK CORP,,63-32 78TH ST,,MIDDLE VILLAGE,NY,11373,7183264757,05/08/2025,05/31/2027,Active
26-69LUX-SHMO,Mold Assessment Contractor License (SH125),ABC environmental llc,,1548 east 2nd street,,Brooklyn,NY,11229,9295813300,08/03/2026,08/31/2028,Active
25-6LOKC-SHMO,Mold Remediation Contractor License (SH126),ACA Environmental Services Inc,,One Hayes Street,,ELMSFORD,NY,10523,,10/21/2025,12/31/2027,Active
26-669P7-SHMO,Mold Remediation Contractor License (SH126),ACR Contracting Group LLC,,23 Washington Ave,,Sandy Hook,CT,06482,9149182097,05/22/2026,05/31/2028,Active
01918,Mold Remediation Contractor License (SH126),ADNY23 Corp.,,59 John Street #4H,,NEW YORK,NY,10038,2128284522,02/10/2023,02/28/2025,Expired
24-6S6Z1-SHMO,Mold Remediation Contractor License (SH126),AGA Environmental Inc.,,319 Scarborough Drive,,Endwell,NY,13760,6072394784,02/22/2024,02/28/2026,Expired
26-63383-SHMO,Mold Assessment Contractor License (SH125),AI & I Links Inc.,N/A,11820 180th Street,,Jamaica,NY,11434,3473514587,08/03/2026,08/31/2028,Active
25-6UJ59-SHMO,Mold Assessment Contractor License (SH125),AIR Environmental Consulting LLC,,"3 Neptune Rd, Ste A29",,POUGHKEEPSIE,NY,12601,8454620200,07/16/2025,07/31/2027,Active
24-63P1K-SHMO,Mold Remediation Contractor License (SH126),ALBA Environmental Inc,,240 West 52nd Street,,NEW YORK,NY,10019,2126436936,10/10/2024,10/31/2026,Active
25-6LT66-SHMO,Mold Remediation Contractor License (SH126),ALPS INTERIORS INC,,150 E 58th Street,27th Floor,Manhattan,NY,10155,2123896101,11/28/2025,11/30/2027,Active
26-677N8-SHMO,Mold Assessment Contractor License (SH125),AMERICAN PRECISION MOLD & ENVIROMENTAL,,18 PHILLARD ROAD,,PATTERSON,NY,12563,2033123224,01/28/2026,01/31/2028,Active
00702,Mold Remediation Contractor License (SH126),"AMPM Environmental, Inc.",,2 Rensselaer Dr,,SPRING VALLEY,NY,10977,8455581373,05/17/2016,05/31/2024,Expired
25-6LLX1-SHMO,Mold Remediation Contractor License (SH126),AOM Environmental LLC,,3749 E Main Rd,,Fredonia,NY,14063,7168988143,10/23/2025,10/31/2027,Active
25-6U8J6-SHMO,Mold Assessment Contractor License (SH125),APOLLO REAL PROPERTIES INC.,,655 Route6N,,Mahopac,NY,10541,9142600482,11/21/2025,07/31/2027,Active
26-6ZOQA-SHMO,Mold Remediation Contractor License (SH126),ARGENTO GENERAL CONSTRUCTION LLC,,18-29 42nd St,,Astoria,NY,11105,7187770101,01/23/2026,01/31/2028,Active
25-6HU4Q-SHMO,Mold Remediation Contractor License (SH126),ASBESTOS CONTROL PROFESSIONAL LLC,,519 ROSEVILLE AVE,1A,NEWARK,NJ,07107,9149064082,09/08/2025,09/30/2027,Active
25-6SKOX-SHMO,Mold Assessment Contractor License (SH125),"ATC Group Services, LLC",Atlas Technical,"104 East 25th St, 8th floor",,NEW YORK,NY,10010,2123538280,12/31/2025,01/31/2028,Active
26-6ZPFO-SHMO,Mold Remediation Contractor License (SH126),"AUAR Enterprises, Inc.",Colello Air Technologies,123 Coleman Ave,,Watertown,NY,13601,3157789403,04/23/2026,04/30/2028,Active
01684,Mold Assessment Contractor License (SH125),Aaron Lozier,Lozier Home Inspections,16 Linden Ave,,TROY,NY,12180,5189563754,01/05/2022,01/31/2024,Expired
23-6TK8W-SHMO,Mold Assessment Contractor License (SH125),Abby-Owen Environmental LLC,,PO Box 252,,FULTON,NY,13069,3152971397,04/26/2023,05/31/2025,Expired
24-6IZGP-SHMO,Mold Assessment Contractor License (SH125),"Absolutely Clean Environment, Inc.",,"777 Westcheste, Suite 101",,White Plains,NY,10604,5166443253,01/09/2024,01/31/2026,Expired
26-63BB8-SHMO,Mold Remediation Contractor License (SH126),Accredited Environmental Safety Corp.,,66-47 Grand Avenue,2nd Floor,Maspeth,NY,11378,9294185281,07/22/2026,07/31/2028,Active
26-6sxbd-shmo,Mold Remediation Contractor License (SH126),"Accurate Pest Control, LLC",,1161 Curry Road,,Schenectady,NY,12306,5183740357,03/23/2026,03/31/2028,Active
00839,Mold Remediation Contractor License (SH126),"Ace Remediation, Inc.",,421 Winding Hill Rd,,MONTGOMERY,NY,12549,8453614737,08/31/2016,08/31/2024,Expired
25-65O39-SHMO,Mold Assessment Contractor License (SH125),Add Expertise Enviromental group corporation,,15 Hillcrest Dr,,Westbury,NY,11590,7189380356,04/30/2025,04/30/2027,Active
26-6uxmc-shmo,Mold Assessment Contractor License (SH125),"Advance Look, Inc.",,129 Gardnerville Rd,,New Hampton,NY,10958,8452340716,03/19/2026,03/31/2028,Active
25-6INDU-SHMO,Mold Assessment Contractor License (SH125),Advanced Environmental Corp.,,353 LEXINGTON AVE FL 11,,New York,NY,10016,2125451855,11/07/2025,11/30/2027,Active
26-6ACOE-SHMO,Mold Remediation Contractor License (SH126),Aegean Environmental Services Corp.,,2116 80th Street,,East Elmhurst,NY,11370,2125405323,05/11/2026,05/31/2028,Active
25-67VAP-SHMO,Mold Remediation Contractor License (SH126),AfterShock Mitigation & Construction Co. LLC,,6694 Seavy Rd.,,Marcy,NY,13403,3152739555,11/25/2025,11/30/2027,Active
25-6LZN5-SHMO,Mold Assessment Contractor License (SH125),Air Guard LLC,,69 Smith Street,,Roosevelt,NY,11575,3478581415,09/17/2025,09/30/2027,Active
23-6LYUY-SHMO,Mold Assessment Contractor License (SH125),AirBio Testing LLC,,40-04 Bowne Street,Suite 2J,New York,NY,11354,9179371462,10/17/2023,10/31/2025,Expired
26-6ZXG4-SHMO,Mold Assessment Contractor License (SH125),"AirWater Environmental, LLC",,36 Brook Street,,Bolton Landing,NY,12184,5183767345,03/06/2026,03/31/2028,Active
24-63DB9-SHMO,Mold Assessment Contractor License (SH125),"Airtek Environmental, LLC",,39-37 29th Street,,LIC,NY,11101,7189373720,08/29/2024,08/31/2026,Expired
01876,Mold Remediation Contractor License (SH126),Albstars Contractors Corporation,,78 Levit Ave,,STATEN ISLAND,NY,10314,7184405791,10/11/2022,10/31/2024,Expired
25-6ZGOL-SHMO,Mold Remediation Contractor License (SH126),Alfa Star Construction & Environmental Services Inc,,"180-07 Jamaica Ave, St Bsmt",,JAMAICA,NY,11432,7183122538,10/21/2025,10/31/2027,Active
26-66VSI-SHMO,Mold Remediation Contractor License (SH126),"All City Contracting & Cleaning, Inc.",All City Restoration,"160 Hicks St.,",,Westbury,NY,11590,5163389800,03/18/2026,03/31/2028,Active
24-63QT5-SHMO,Mold Assessment Contractor License (SH125),All Clean Air LLC,,10 Briar Lane,,Great Neck,NY,11024,5166029330,10/15/2024,10/31/2026,Active
25-6IZLP-SHMO,Mold Assessment Contractor License (SH125),All Environmental Inc,,2500 Camino Diablo,,WALNUT CREEK,CA,94597,9257466000,09/23/2025,09/30/2027,Active
26-66XJJ-SHMO,Mold Remediation Contractor License (SH126),All Green Enviromental Corp,,2083 Albany Post Rd,Ste 2,Montrose,NY,10548,9179020104,03/30/2026,03/31/2028,Active
26-6AHEZ-SHMO,Mold Remediation Contractor License (SH126),All Island Cleaning Corp.,,950-7 Old Medford Avenue,,Medford,NY,11763,6316986250,06/22/2026,06/30/2028,Active
01900,Mold Remediation Contractor License (SH126),All Season Restoration Inc,,243 West 30th St,,NEW YORK,NY,10001,2127689400,12/06/2022,12/31/2024,Expired
25-6LPOL-SHMO,Mold Assessment Contractor License (SH125),All Things New Building & Restoration Corp.,Rainbow International Restoration of Binghamton,126 E Service Road,,BINGHAMTON,NY,13901,6072513000,12/30/2025,12/31/2027,Active
00261,Mold Assessment Contractor License (SH125),Allegiance Home Inspections Inc,,37 Bunny Lane,,EAST SETAUKET,NY,11733,,01/25/2016,01/31/2024,Expired
25-6toba-shmo,Mold Remediation Contractor License (SH126),Alma Improvement Corp.,,"118-18 Metropolitan Ave, Apt 1H",,Kew Gardens,NY,11415,9174437779,05/21/2025,05/31/2027,Active
24-6ZEHN-SHMO,Mold Remediation Contractor License (SH126),Alpha Phase Design And Construction LLC,,24 Suydam Drive,,Melville,NY,11747,6318488864,03/07/2024,03/31/2026,Expired
24-6ZG8H-SHMO,Mold Remediation Contractor License (SH126),"Altared Construction, Inc.",Fire Lily Remediation and Restoration,4536 Shortsville Road,,Shortsville,NY,14548,5859057207,03/01/2024,03/31/2026,Expired
25-65YOQ-SHMO,Mold Remediation Contractor License (SH126),Alvion Group Inc.,,242 Broadway,,Menands,NY,12204,5188180045,03/10/2025,03/31/2027,Active
25-64C5Y-SHMO,Mold Remediation Contractor License (SH126),Amantia Construction Inc,,21 Fifth Ave Apt 46,,PELHAM,NY,10803,6179829766,01/09/2025,12/31/2026,Active
25-67QQZ-SHMO,Mold Assessment Contractor License (SH125),"AmeriHome Property Inspections, LLC",,88 Rosevale Ave,,Ronkonkoma,NY,11779,6318061507,12/04/2025,12/31/2027,Active
24-63LA4-SHMO,Mold Assessment Contractor License (SH125),"American National Builders, LLC",,"4011 Kings Highway, #LB",,Brooklyn,NY,11234,2122994766,11/12/2024,11/30/2026,Active
26-6ZVUO-SHMO,Mold Remediation Contractor License (SH126),"American Restoration services, Inc",ServiceMaster,22 B Industrial Blvd,,Medford,NY,11763,6312369613,03/17/2026,03/31/2028,Active
25-64IJH-SHMO,Mold Remediation Contractor License (SH126),Andate Construction Corporation,,932 Middle Country Rd,,SAINT JAMES,NY,11780,6316569493,02/04/2025,02/28/2027,Active
00682,Mold Assessment Contractor License (SH125),"Anna Regina, LLC",Hi 5 Home Inspections,114-30 127th St,,SOUTH OZONE PARK,NY,11420,7184154268,05/11/2016,05/31/2024,Expired
00481,Mold Assessment Contractor License (SH125),Antone R. Irvin,A&S Complete Home Inspections,404 Batter St,,PATTERSONVILLE,NY,12137,5188646019,02/22/2016,03/31/2024,Expired
24-6I5BZ-SHMO,Mold Assessment Contractor License (SH125),"Apex Cleaning, Inc.",,4809 Avenue N Suite 250,,BROOKLYN,NY,11234,7182539595,01/17/2024,03/31/2026,Expired
25-6L79X-SHMO,Mold Assessment Contractor License (SH125),Apex Environmental Group LLC,,4005 Split Rock Road,,CAMILLUS,NY,13031,3153784579,11/13/2025,11/30/2027,Active
24-6ZGLU-SHMO,Mold Assessment Contractor License (SH125),"Applied Biomassferm Technologies, L.L.C.",,112 Gray Ave,3B,Syracuse,NY,13203,3152564737,03/01/2024,03/31/2026,Expired
26-6AZSU-SHMO,Mold Remediation Contractor License (SH126),Arber Holdings LLC,,345 Marlborough Road,,Cedarhurst,NY,11516,9172322266,08/21/2026,08/31/2028,Active
25-67NFD-SHMO,Mold Remediation Contractor License (SH126),"Arch Environmental Compliance Service Associates, LLC",,333 Kingsley Road,,BURNT HILLS,NY,12027,5186989832,10/24/2025,10/31/2027,Active
24-63SO6-SHMO,Mold Assessment Contractor License (SH125),Arlene Puentes,October Home Inspections,194 E Chester Street,,Kingston,NY,12401,8452167833,11/18/2024,11/30/2026,Active
23-6TOPE-SHMO,Mold Assessment Contractor License (SH125),Arrow Home Inspection Services LLC,,21 Carhart Rd,,W. Coxsackie,NY,12192,5188199409,06/08/2023,06/30/2025,Expired
24-6A9O3-SHMO,Mold Assessment Contractor License (SH125),"Assessment Resources & Technologies, Inc.",,1191 Valley Road,,Clifton,NJ,07013,9735681914,08/14/2024,08/31/2026,Expired
25-6H8RF-SHMO,Mold Remediation Contractor License (SH126),Assured Property Solutions LLC,,58 Mcgregor Lane,,Crompond,NY,10517,9143144248,07/18/2025,07/31/2027,Active
25-6UNP9-SHMO,Mold Remediation Contractor License (SH126),Atko Construction Corp,,550 E 21 St Apt 2G,,BROOKLYN,NY,11226,9178732243,08/11/2025,08/31/2027,Active
25-6TJBF-SHMO,Mold Assessment Contractor License (SH125),Avante Contracting Corp,,180 East Prospect Ave,Ste 2A,Mamaroneck,NY,10543,9146980700,02/10/2025,02/28/2027,Active
25-6H9UJ-SHMO,Mold Remediation Contractor License (SH126),Azark Inc.,,130 W 37th St,Fl 1,New York,NY,10018,2129617618,10/20/2025,10/31/2027,Active
24-64JEF-SHMO,Mold Remediation Contractor License (SH126),B&C Mold LLC,,4907 18th Ave,,BROOKLYN,NY,11204,7185321350,12/31/2024,01/31/2027,Active
24-63Q31-SHMO,Mold Assessment Contractor License (SH125),B. Certain Home Inspection LLC,,3130 State Route 209,,Kingston,NY,12401,8453030400,10/15/2024,10/31/2026,Active
25-65QKT-SHMO,Mold Assessment Contractor License (SH125),BENZ HOME INSPECTIONS INC,,48 Lakeview Terr,,Mahopac,NY,10541,9144205167,04/22/2025,04/30/2027,Active
26-63BVY-SHMO,Mold Remediation Contractor License (SH126),BEST ENVIRONMENTAL SERVICES INC,,439E 135th STREET Apt.1E,,BRONX,NY,10454,3475912002,08/07/2026,08/31/2028,Active
25-65X7O-SHMO,Mold Assessment Contractor License (SH125),BLUE LINE INSPECTION SERVICES INC.,,3836 Park Ave,,Seaford,NY,11783,5163621785,04/28/2025,04/30/2027,Active
24-6A344-SHMO,Mold Remediation Contractor License (SH126),BNDRESTORATION LLC,CleanTeckPros,81 Quabeck Ave,,Irvington,NJ,07111,2016188639,07/23/2024,07/31/2026,Expired
25-6LI8Z-SHMO,Mold Remediation Contractor License (SH126),"BRAV Industries, LLC",ServiceMaster Clean Restoration by Quick Response,"382 Route 59, Suite 280",,MONSEY,NY,10952,8455175644,12/10/2025,12/31/2027,Active
25-6HZRV-SHMO,Mold Remediation Contractor License (SH126),BUJAR KOCI,THE FAMILY CONSTRUCTION CO,60 28 avenue,,brooklyn,NY,11214,3476724719,09/19/2025,09/30/2027,Active
25-6HCIC-SHMO,Mold Assessment Contractor License (SH125),BY YOUR SIDE SOLUTIONS LLC,,985 Morton Blvd,,Kingston,NY,12401,8456684081,08/11/2025,08/31/2027,Active
25-6umtm-shmo,Mold Remediation Contractor License (SH126),Band of Brotherhood Inc,,28 Richmond Rd,,CROPSEYVILLE,NY,12052,5182212062,11/05/2025,11/30/2027,Active
26-6SNNY-SHMO,Mold Assessment Contractor License (SH125),"Barton & Loguidice, D.P.C.",,443 Electronics Parkway,,Liverpool,NY,13088,3154575200,02/23/2026,02/29/2028,Active
24-6AN3Q-SHMO,Mold Remediation Contractor License (SH126),Beirut Repairs Corp,,"2530 Ocean Ave, Suite 12A",,BROOKLYN,NY,11229,3477076333,05/08/2024,05/31/2026,Expired
01760,Mold Remediation Contractor License (SH126),Below Market LLC,,1830 E 14th St,,BROOKLYN,NY,11229,9179957481,06/21/2022,06/30/2024,Expired
23-6UY4C-SHMO,Mold Assessment Contractor License (SH125),"Bergmann Associates, Architects, Engineers, Landscape Architects & Surveyors, D.P.C.",,280 E. Broad Street,,Rochester,NY,14604,5854987858,06/23/2023,06/30/2025,Expired
25-6H3SS-SHMO,Mold Assessment Contractor License (SH125),Best Commercial Hood Cleaning Inc,,2033 121st St,,College Point,NY,11356,9172959523,09/30/2025,09/30/2027,Active
25-65H83-SHMO,Mold Assessment Contractor License (SH125),Bharat Construction Corp.,,88-48 239th Street,,Bellerose,NY,11426,6469255972,06/11/2025,06/30/2027,Active
25-6U91O-SHMO,Mold Remediation Contractor License (SH126),"Bio-One, Inc.",,47 Hudson Hollow Rd,,SHOKAN,NY,12481,8456578958,10/15/2025,10/31/2027,Active
25-6UGJO-SHMO,Mold Assessment Contractor License (SH125),Black Hawk Restoration Inc,,1746 summerfield st,,RIDGEWOOD,NY,11385,3476916661,07/08/2025,07/31/2027,Active
26-6AGS7-SHMO,Mold Remediation Contractor License (SH126),"BluSky Restoration Contractors, LLC",,9767 East Nicholas Ave,,Centennial,CO,80112,5625056560,04/13/2026,04/30/2028,Active
00776,Mold Assessment Contractor License (SH125),"E  The Solution Associates, LLC",Alfa Consulting International,58 US Route 46,Suite 206,Budd Lake,NJ,07828,7182298859,06/16/2016,07/31/2024,Expired
24-6AY4Y-SHMO,Mold Assessment Contractor License (SH125),100 Lincoln Blvd LLC,,100 Lincoln Blvd,,Hempstead,NY,11550,5162439540,05/03/2024,05/31/2026,Expired
23-61VKQ-SHMO,Mold Assessment Contractor License (SH125),1st Priority Inspections Inc.,,484 Hempstead Ave,,MALVERNE,NY,11565,5164557957,09/29/2023,08/31/2025,Expired
26-6ZAKV-SHMO,Mold Assessment Contractor License (SH125),3 Little Js LLC,Su Casa Home Inspections,"998C Old Country Road, Suite 257",,Plainview,NY,11803,7187913964,02/27/2026,02/29/2028,Active
25-6Z6JK-SHMO,Mold Remediation Contractor License (SH126),3D Design & build Corp.,,28 Yale Street,,PORT JEFFERSON STATION,NY,11776,,05/13/2025,05/31/2027,Active
25-64SBU-SHMO,Mold Remediation Contractor License (SH126),"716 Cleanup & Restoration, Corp.",,5016 SAUNDERS SETTLEMENT RD,,NIAGARA FALLS,NY,14305,7167997169,02/06/2025,09/30/2026,Active
24-6ATDN-SHMO,Mold Remediation Contractor License (SH126),914 Services LLC,914 Mold,"81 Blueberry Drive, Unit 1",,Brewster,NY,10509,9146240177,06/20/2024,06/30/2026,Expired
24-6SACD-SHMO,Mold Remediation Contractor License (SH126),A & J Home Renovations Corp,M Facility Services,1488 Bellmore Ave,,North Bellmore,NY,11710,8006575094,02/16/2024,02/28/2026,Expired
25-64C4A-SHMO,Mold Remediation Contractor License (SH126),A Plus Complete Restoration LLC,,1 Toddville Lane,,CORTLANDT MANOR,NY,10567,7324069708,01/09/2025,02/28/2027,Active
01831,Mold Assessment Contractor License (SH125),A Testing Inspection Company Inc,,20 Old Mamaroneck Rd Ste 3Q,,WHITE PLAINS,NY,10605,9146564958,02/06/2023,02/28/2025,Expired
25-6TPJI-SHMO,Mold Assessment Contractor License (SH125),A&G Maintenance Inc,,1279 East 17th St Apt 3C,,Brooklyn,NY,11230,7187585115,04/10/2025,04/30/2027,Active
01764,Mold Remediation Contractor License (SH126),"A+ Mold Remediation, LLC",,21 S. Cross Rd,,LAGRANGEVILLE,NY,12540,8452356615,06/23/2022,06/30/2024,Expired
26-6Z9HH-SHMO,Mold Remediation Contractor License (SH126),A.C.M. Consulting Corp,,2150 Stanley Terrace,,Union,NJ,07083,9086871008,06/08/2026,06/30/2028,Active
26-693H9-SHMO,Mold Remediation Contractor License (SH126),A.S.A.R. International Corp,,491 Wild Avenue,,Staten Island,NY,10314,7187617420,08/21/2026,08/31/2028,Active
01523,Mold Assessment Contractor License (SH125),A1 Quality Air Inc.,,5213 19th Ave,,BROOKLYN,NY,11204,3478936616,06/24/2020,06/30/2024,Expired
25-67LTT-SHMO,Mold Remediation Contractor License (SH126),"AAC Contracting, LLC",,175 Humboldt Street,Suite 200,Rochester,NY,14610,5855278000,12/29/2025,12/31/2027,Active
23-6TKED-SHMO,Mold Remediation Contractor License (SH126),ABBN Environmental Service LLC,,144 Madison Ave,,Irvington,NJ,07111,9738421999,04/26/2023,04/26/2025,Expired
25-6UPIY-SHMO,Mold Remediation Contractor License (SH126),ABC environmental llc,,1548 east 2nd street,,Brooklyn,NY,11229,9295813300,08/14/2025,08/31/2027,Active
26-6Z6HD-SHMO,Mold Remediation Contractor License (SH126),ACCURATE WATER AND FIRE RESTORATION,,1161 curry rd,,Schenectady,NY,12306,5183879900,03/19/2026,03/31/2028,Active
26-6ZUZD-SHMO,Mold Remediation Contractor License (SH126),"ACS Cleaning and Restoration, LLC",,Post Office Box 732,,Fairport,NY,14450,5853959500,04/30/2026,04/30/2028,Active
25-6SBKQ-SHMO,Mold Assessment Contractor License (SH125),"AECOM Technical Services, Inc.",,"120 S Central Ave, Ste 350",,CLAYTON,MO,63105,3142363939,12/31/2025,01/31/2028,Active
25-65P3R-SHMO,Mold Remediation Contractor License (SH126),AGD Contracting Corp.,,52 Tennent Road,,Morganville,NJ,07751,7329923500,04/18/2025,04/30/2027,Active
24-63PG5-SHMO,Mold Remediation Contractor License (SH126),AI & I Links Inc.,N/A,11820 180th Street,,Jamaica,NY,11434,3473514587,10/09/2024,11/30/2026,Active
23-6UGJ3-SHMO,Mold Remediation Contractor License (SH126),AJD Contractor Corp.,,94-13 40th Drive,,Elmhurst,NY,11373,9175312384,07/18/2023,07/31/2025,Expired
25-6HL4I-SHMO,Mold Assessment Contractor License (SH125),ALL CLEAR COMPLIANCE LLC,,418 Broadway STE N,,ALBANY,NY,12207,8334446653,09/11/2025,09/30/2027,Active
25-64C41-SHMO,Mold Assessment Contractor License (SH125),AM Property Services LLC,,21 Charles Street,,Little Ferry,NJ,07643,5714848787,01/09/2025,01/31/2027,Active
25-6TOBS-SHMO,Mold Assessment Contractor License (SH125),AMG Environmental Services Corp,,13915 14th Avenue,,Whitestone,NY,11357,9179390019,04/15/2025,04/30/2027,Active
00702,Mold Assessment Contractor License (SH125),"AMPM Environmental, Inc.",,2 Rensselaer Dr,,SPRING VALLEY,NY,10977,8455581373,05/17/2016,05/31/2024,Expired
23-6UG3J-SHMO,Mold Assessment Contractor License (SH125),AOM Environmental LLC,,3749 E Main Rd,,Fredonia,NY,14063,7168988143,07/19/2023,07/31/2025,Expired
26-6AR36-SHMO,Mold Remediation Contractor License (SH126),AQA INC,,365 Fairview Avenue,Rear Unit,FAIRVIEW,NJ,07022,2019948816,05/11/2026,05/31/2028,Active
26-6Z55F-SHMO,Mold Assessment Contractor License (SH125),ARGENTO GENERAL CONSTRUCTION LLC,,18-29 42nd St,,Astoria,NY,11105,7187770101,02/02/2026,02/29/2028,Active
24-64N3R-SHMO,Mold Remediation Contractor License (SH126),"ASPN CONSTRUCTION, INC.",,21 SEARINGTOWN ROAD,,ALBERTSON,NY,11507,6465102600,12/17/2024,12/31/2026,Active
24-63O5N-SHMO,Mold Remediation Contractor License (SH126),"ATCO Contracting Group, Inc.",,105 Maxess Rd.,Ste N206,MELVILLE,NY,11747,7186061076,10/23/2024,10/31/2026,Active
25-6LJC1-SHMO,Mold Remediation Contractor License (SH126),"AW Restoration, Inc.",Alan Bregman,112 Mott Street,,OCEANSIDE,NY,11572,5165361801,12/05/2025,12/31/2027,Active
25-6L6FO-SHMO,Mold Remediation Contractor License (SH126),"Abatech Industries, Inc.",,1623 East Second St,,Scotch Plains,NJ,07076,9083223000,12/05/2025,12/31/2027,Active
26-6SL11-SHMO,Mold Assessment Contractor License (SH125),"Aberdeen Building Consulting, Inc.",,1529 Potter Blvd,,Bay Shore,NY,11706,6319699860,02/12/2026,02/29/2028,Active
00279,Mold Remediation Contractor License (SH126),Abtron Corp,,40 Underhill Blvd Suite 10C,,SYOSSET,NY,11791,,01/26/2016,01/31/2024,Expired
25-64TB5-SHMO,Mold Assessment Contractor License (SH125),"Accredited Environmental Technologies, Inc",,28 North Pennell Road,,Media,PA,19063,6108910114,01/22/2025,01/31/2027,Active
26-6ZVQF-SHMO,Mold Remediation Contractor License (SH126),"Ace Cleaning & Restoration Services, Inc.",,845 Marconi Ave,,Ronkonkoma,NY,11779,6313953400,01/23/2026,01/31/2028,Active
26-6A65C-SHMO,Mold Remediation Contractor License (SH126),Acme National Corp,,383 Kingston Avenue Suite 225,,Brooklyn,NY,11213,7188582600,06/16/2026,06/30/2028,Active
25-6IG9A-SHMO,Mold Assessment Contractor License (SH125),"Adelaide Environmental Health Associates, Inc.",,1511 Rte 22 Suite C24,,BREWSTER,NY,10509,,10/28/2025,10/31/2027,Active
24-63GFJ-SHMO,Mold Remediation Contractor License (SH126),Advanced Abatement Corp.,,5308 13th Ave,Apt 225,Brooklyn,NY,11219,7185014648,09/11/2024,11/30/2026,Active
00285,Mold Remediation Contractor License (SH126),Advanced Land & Development Construction Corp,,6386 Amboy Road,,STATEN ISLAND,NY,10309,,01/28/2016,12/31/2024,Expired
26-6ACOR-SHMO,Mold Assessment Contractor License (SH125),Aegean Environmental Services Corp.,,2116 80th Street,,East Elmhurst,NY,11370,2125405323,05/11/2026,05/31/2028,Active
25-656GK-SHMO,Mold Assessment Contractor License (SH125),AfterShock Mitigation & Construction Co. LLC,,6694 Seavy Rd.,,Marcy,NY,13403,3152739555,06/18/2025,06/30/2027,Active
26-6SC8G-SHMO,Mold Assessment Contractor License (SH125),"Air Quality Insights, LLC",,5 Saranac St.,,Brookhaven,NY,11719,6319138378,02/27/2026,02/29/2028,Active
26-6SDEG-SHMO,Mold Assessment Contractor License (SH125),"AirCare Environmental, LLC",,2003 Baldwin Lane,,Newburgh,NY,12550,8455417374,01/27/2026,01/31/2028,Active
26-6ZXG5-SHMO,Mold Remediation Contractor License (SH126),"AirWater Environmental, LLC",,36 Brook Street,,Bolton Landing,NY,12184,5183767345,03/06/2026,03/31/2028,Active
25-6T8HJ-SHMO,Mold Remediation Contractor License (SH126),Akros mgmt Inc,,15 Warehouse Row,,Albany,NY,12205,5187888447,03/17/2025,03/31/2027,Active
01790,Mold Assessment Contractor License (SH125),Albstars Contractors Corporation,,78 Levit Ave,,STATEN ISLAND,NY,10314,7184405791,10/11/2022,10/31/2024,Expired
00193,Mold Remediation Contractor License (SH126),Alidan Restoration Inc,Servpro of Great Neck/Port Washington,66 Mineola Avenue PO Box 238,,ROSLYN HEIGHTS,NY,11577,5167679600,01/12/2016,01/31/2024,Expired
01409,Mold Remediation Contractor License (SH126),"All City Contracting & Cleaning, Inc.",All City Restoration,"160 Hicks St.,",,Westbury,NY,11590,5163389800,07/23/2019,07/31/2024,Expired
01817,Mold Remediation Contractor License (SH126),All Clean Environmental LLC,,Po box 1627,,SOUTH HACKENSACK,NJ,07606,2015462027,02/05/2020,03/31/2024,Expired
25-65O3R-SHMO,Mold Remediation Contractor License (SH126),All Fire and Water Restoration Inc.,Servpro of Ronkonkoma,2460 Ocean Ave,,Ronkonkoma,NY,11779,6315850007,04/30/2025,04/30/2027,Active
26-66XJG-SHMO,Mold Assessment Contractor License (SH125),All Green Enviromental Corp,,2083 Albany Post Rd,Ste 2,Montrose,NY,10548,9179020104,03/30/2026,03/31/2028,Active
25-61VAZ-SHMO,Mold Remediation Contractor License (SH126),"All Island Homes, Ltd.",,700-9 Union Parkway,,RONKONKOMA,NY,11779,6317805332,08/11/2025,10/31/2027,Active
01738,Mold Assessment Contractor License (SH125),"All Seasons Inspections, LLC",,2 Spring Rd,,SCHENECTADY,NY,12302,5183763757,06/08/2022,06/30/2024,Expired
25-6IDNC-SHMO,Mold Remediation Contractor License (SH126),All Things New Building & Restoration Corp.,Rainbow International Restoration of Binghamton,126 E Service Road,,BINGHAMTON,NY,13901,6072513000,12/30/2025,12/31/2027,Active
25-644CR-SHMO,Mold Remediation Contractor License (SH126),Allpro Group LLC,Healthy Home Services,163 Davis Avenue,,Inwood,NY,11096,5162061600,02/20/2025,02/28/2027,Active
26-6IPD3-SHMO,Mold Assessment Contractor License (SH125),"Alpha Labs, LLC",,14-26 28th Avenue,,ASTORIA,NY,11102,7184827525,01/14/2026,01/31/2028,Active
26-6SDOG-SHMO,Mold Assessment Contractor License (SH125),Alpha Property Preservation LLC,,41 Raymond Ave,Unit 3044,Poughkeepsie,NY,12603,8452170721,02/12/2026,02/29/2028,Active
24-63GKK-SHMO,Mold Assessment Contractor License (SH125),Altavista Lead Improvement Inc.,,"155 Livingston Ave, #4A",,Yonkers,NY,10705,9145052612,09/12/2024,09/30/2026,Active
26-6I9E7-SHMO,Mold Remediation Contractor License (SH126),Always Dry LLC,,235 Farmers Avenue,,Lindenhurst,NY,11757,6314926368,05/12/2026,05/31/2028,Active
25-6TJZ1-SHMO,Mold Remediation Contractor License (SH126),Amazonas Painting Corp.,,32-27 105th Street,,EAST ELMHURST,NY,11369,6464076014,02/06/2025,03/31/2027,Active
26-6ANSJ-SHMO,Mold Remediation Contractor License (SH126),American Environmental & Remediation Corp.,,763 Cayuga St,Suite 2,Lewiston,NY,14092,7167542610,05/21/2026,05/31/2028,Active
24-6A4A9-SHMO,Mold Remediation Contractor License (SH126),American Painting & Cleaning Corp.,,231 E. Rockaway Rd,,HEWLETT,NY,11557,7187919226,07/26/2024,08/31/2026,Expired
26-66C6Y-SHMO,Mold Remediation Contractor License (SH126),American Straight Lines Inc,,504 14th St.,,West Babylon,NY,11704,6462107938,03/23/2026,03/31/2028,Active
26-6L7OS-SHMO,Mold Remediation Contractor License (SH126),"Anderson Contracting Company of Long Island, Inc.",,46 Pell Terrace,,Garden City,NY,11530,5167475443,03/04/2026,03/31/2028,Active
25-6ICUA-SHMO,Mold Assessment Contractor License (SH125),Anthi Environmental Corp,,2033 26th street,,ASTORIA,NY,11105,7185786050,12/19/2025,12/31/2027,Active
26-69LYY-SHMO,Mold Assessment Contractor License (SH125),Apache Legend Group Corp,,239 Lexington Ave,,Mount Kisco,NY,10549,9294770101,07/31/2026,07/31/2028,Active
26-6ZUEC-SHMO,Mold Assessment Contractor License (SH125),"Apex Companies, LLC",,"2101 Gaither Rd, Ste 500",,Rockville,MD,20850,3014170200,03/06/2026,03/31/2028,Active
26-66HOX-SHMO,Mold Remediation Contractor License (SH126),"Apex Fire & Water Restoration, Inc.",,6 Hill Ave,,Nesconset,NY,11767,6318194366,05/13/2026,05/31/2028,Active
26-6SV59-SHMO,Mold Assessment Contractor License (SH125),"Applied Technology Services, Inc.",,614 Cortlandt Ave,,Mamaroneck,NY,10543,9146540080,07/24/2026,07/31/2028,Active
26-6A989-SHMO,Mold Assessment Contractor License (SH125),Arber Holdings LLC,,345 Marlborough Road,,Cedarhurst,NY,11516,9172322266,08/26/2026,08/31/2028,Active
26-6ZU8K-SHMO,Mold Assessment Contractor License (SH125),"Arctic Enterprises, Inc.",,7010 Fly Road,Suite 1,East Syracuse,NY,13057,3154761757,04/23/2026,04/30/2028,Active
25-65VOD-SHMO,Mold Remediation Contractor License (SH126),Armor Mold Remediation LLC,,844 Nicholas Ave,,Kingston,NY,12401,8454815200,04/10/2025,04/30/2027,Active
25-65UNE-SHMO,Mold Remediation Contractor License (SH126),"Asbestos & Mold Services, Corp.",,3859 Sylon Blvd.,,Hainesport,NJ,08036,6097020400,05/08/2025,05/31/2027,Active
26-69A16-SHMO,Mold Assessment Contractor License (SH125),"Assessment Resources & Technologies, Inc.",,1191 Valley Road,,Clifton,NJ,07013,9735681914,08/17/2026,08/31/2028,Active
23-6TOPQ-SHMO,Mold Remediation Contractor License (SH126),At Work Environmental L.P.,,139-47 225 St,,Laurelton,NY,11413,9145749227,06/08/2023,02/28/2025,Expired
26-6SS4C-SHMO,Mold Assessment Contractor License (SH125),"Atlantic Testing Laboratories, Limited",,6431 US Highway 11,,Canton,NY,13617,3153864578,02/19/2026,02/29/2028,Active
26-6texp-shmo,Mold Remediation Contractor License (SH126),"Aviza's Superclean, Inc.",,8 Cramond Street,,Albany,NY,12205,5184891414,03/12/2026,03/31/2028,Active
01698,Mold Remediation Contractor License (SH126),B & M  Painting LLC,,32 Gina Ct,,STATEN ISLAND,NY,10314,3478130125,01/13/2022,01/31/2024,Expired
01868,Mold Remediation Contractor License (SH126),B&M Cosntruction Design Inc.,,72 N State Rd #105,,BRIARCLIFF MANOR,NY,10510,9176595250,08/29/2022,08/31/2024,Expired
26-6ZXGO-SHMO,Mold Remediation Contractor License (SH126),"B.D.K. Restoration, Inc",,411 Broadway,,West Babylon,NY,11704,6316613802,03/11/2026,03/31/2028,Active
24-64BKI-SHMO,Mold Assessment Contractor License (SH125),BEP Environmental Services Corp.,,128 Elizabeth Way,,Ridge,NY,11961,3473713428,12/16/2024,12/31/2026,Active
25-654UB-SHMO,Mold Remediation Contractor License (SH126),BIOSAFETY CORPORATION,,1049 WALES PL,,WOODMERE,NY,11598,3479968739,06/05/2025,06/30/2027,Active
25-658GE-SHMO,Mold Assessment Contractor License (SH125),BMH Environmental Corp.,,50 Woodchuck Hollow Ct,,Port Jefferson,NY,11777,6316364425,03/28/2025,03/31/2027,Active
25-61VEK-SHMO,Mold Remediation Contractor License (SH126),"BNF Consulting, Inc.",,15 Lincoln Ave,,Somers,NY,10589,9142978335,12/16/2025,12/31/2027,Active
25-644VB-SHMO,Mold Remediation Contractor License (SH126),BSB Construction Inc.,,1613 Route 9w,,Milton,NY,12547,8454625236,02/20/2025,02/28/2027,Active
25-6HZ3N-SHMO,Mold Assessment Contractor License (SH125),BUJAR KOCI,THE FAMILY CONSTRUCTION CO,60 28 avenue,,brooklyn,NY,11214,3476724719,09/23/2025,09/30/2027,Active
24-6ZUZG-SHMO,Mold Remediation Contractor License (SH126),Ba Global Construction Corp.,,524 McDonald Avenue,,BROOKLYN,NY,11218,7189720660,04/01/2024,04/30/2026,Expired
25-65ADC-SHMO,Mold Remediation Contractor License (SH126),Bangir Construction & Supplies LLC,,1050 Colfax Ave,,Pompton Lakes,NJ,07442,7168672012,05/28/2025,05/31/2027,Active
24-6A5DN-SHMO,Mold Assessment Contractor License (SH125),"Bates Consulting, Inc.",Home Inspectors,4422 Juniper Point Rd,,Dundee,NY,14837,6077347900,07/29/2024,07/31/2026,Expired
24-64BBG-SHMO,Mold Remediation Contractor License (SH126),Belfor Long Island LLC,,60 Raynor Avenue,,RONKONKOMA,NY,11779,6319648900,12/13/2024,12/31/2026,Active
24-6SL1G-SHMO,Mold Remediation Contractor License (SH126),Benard Building Inspections LLC,,35 Walnut St,,CENTRAL ISLIP,NY,11722,2036768969,02/13/2024,03/31/2026,Expired
25-6TQ1X-SHMO,Mold Remediation Contractor License (SH126),Berko Mold Abatement Corp,,862 Mcdonald Avenue,1,Brooklyn,NY,11218,3477327531,05/09/2025,05/31/2027,Active
26-6L7VT-SHMO,Mold Remediation Contractor License (SH126),Best Construction And Remediation Group LLC,,241 Davis Street,,Rochester,NY,14605,7167255281,03/16/2026,03/31/2028,Active
01719,Mold Remediation Contractor License (SH126),"Bieler's Industrial Floor Maintenance Co., Inc.",,3592 No Buffalo Road,,ORCHARD PARK,NY,14127,7166627038,03/08/2022,03/31/2024,Expired
26-6AR7C-SHMO,Mold Remediation Contractor License (SH126),BioClean LLC,,88 Farwell Street,,West Haven,CT,06516,2032833912,06/16/2026,06/30/2028,Active
25-6UGJ8-SHMO,Mold Remediation Contractor License (SH126),Black Hawk Restoration Inc,,1746 summerfield st,,RIDGEWOOD,NY,11385,3476916661,07/08/2025,07/31/2027,Active
25-6UOM6-SHMO,Mold Remediation Contractor License (SH126),Blue Arrow Restoration & Development Corp,,"13504 Jewel Ave, Apt 1A",,FLUSHING,NY,11367,9176502096,07/17/2025,07/31/2027,Active
24-63DZB-SHMO,Mold Remediation Contractor License (SH126),1 Call Building Maintenance Corp.,,946 Atlantic Ave,,BROOKLYN,NY,11238,3474690806,09/03/2024,09/30/2026,Active
26-6ZIVR-SHMO,Mold Assessment Contractor License (SH125),111 Home Inspections LLC,,1123 86th Street,,Brooklyn,NY,11228,3476220208,03/11/2026,03/31/2028,Active
24-6ZEDG-SHMO,Mold Remediation Contractor License (SH126),"212 Services, LLC",,167 Opal Street,,Elmont,NY,11003,9176018832,03/05/2024,03/31/2026,Expired
26-6SBKG-SHMO,Mold Remediation Contractor License (SH126),"317 SAYAY INTERIOR SERVICES, LLC",SAYAY SERVICES,59 Gates Avenue,,Brentwood,NY,11717,6317203351,04/21/2026,04/30/2028,Active
26-666JZ-SHMO,Mold Remediation Contractor License (SH126),518 1st Response Restoration & Construction LLC,,11 Hannah Ct,,Wynantskill,NY,12198,5188807308,05/19/2026,05/31/2028,Active
26-6ZIO3-SHMO,Mold Assessment Contractor License (SH125),87 Home Inspection Services LLC,,1049 West Mountain Road,,Queensbury,NY,12804,5188584317,04/24/2026,04/30/2028,Active
26-6ZG1B-SHMO,Mold Assessment Contractor License (SH125),"A & B INSPECTION SERVICES, CORP.",,543 Beach 68th Street,,Arverne,NY,11692,1516849696,03/12/2026,03/31/2028,Active
25-6HXVI-SHMO,Mold Assessment Contractor License (SH125),A & M Property Specialists LLC,,10 Jo Drive,,Cortlandt Manor,NY,10567,9148743242,08/21/2025,08/31/2027,Active
01707,Mold Assessment Contractor License (SH125),"A Plus Construction, Maintenance, and Inspection Inc",,4809 Ave N Ste 358,,BROOKLYN,NY,11234,7183128809,03/08/2022,03/31/2024,Expired
01872,Mold Remediation Contractor License (SH126),A&A Mold inspection & Remediation Inc,,1084 East 36th St,,BROOKLYN,NY,11210,6469450589,09/20/2022,09/30/2024,Expired
26-6ZJTU-SHMO,Mold Remediation Contractor License (SH126),"A&I General Contractors, LLC",,703 Yonkers Ave,,Yonkers,NY,10704,9146138871,02/24/2026,02/29/2028,Active
24-63AVK-SHMO,Mold Assessment Contractor License (SH125),"A-Pro Home Inspections (Upstate NY), LLC",,258 Autumn Run,,SCHENECTADY,NY,12306,5182758824,11/21/2024,11/30/2026,Active
01916,Mold Remediation Contractor License (SH126),A.C.M. Consulting Corp,,2150 Stanley Terrace,,Union,NJ,07083,9086871008,02/08/2023,02/28/2025,Expired
25-6HU41-SHMO,Mold Assessment Contractor License (SH125),A.S.P. Housing Enterprise Inc.,,55-10 68th street 2nd floor,,Maspeth,NY,11378,7186087073,09/08/2025,09/30/2027,Active
23-6TMYR-SHMO,Mold Remediation Contractor License (SH126),A1A Restoration Inc.,"ASAP Restoration, Water, Flood, Fire & Mold, Inc.",1267 West Broadway,,Hewlett,NY,11557,5162950200,05/01/2023,05/31/2025,Expired
25-6HTYA-SHMO,Mold Assessment Contractor License (SH125),AAS PAINTING INC.,,42 Cedar Ln Apt C4,,OSSINING,NY,10562,7184504663,08/28/2025,08/31/2027,Active
26-6SKCE-SHMO,Mold Remediation Contractor License (SH126),ABC Construction Contracting Inc.,,36-16 19th Avenue,,Astoria,NY,11105,7187292501,01/15/2026,01/31/2028,Active
25-64ZCA-SHMO,Mold Remediation Contractor License (SH126),"ABF Environmental, Inc.",,18 Hathaway St,,Wallington,NJ,07057,9737770203,02/10/2025,02/28/2027,Active
26-66IS5-SHMO,Mold Remediation Contractor License (SH126),"ACP BUFFALO, LLC",,135 Delaware Ave.,Ste Frnt 103,Buffalo,NY,14202,7162599071,04/20/2026,04/30/2028,Active
25-6LEG1-SHMO,Mold Assessment Contractor License (SH125),"ACS Environmental Services, Inc.",,"2081 Homecrest Ave, Suite 2B",,BROOKLYN,NY,11229,7183391984,10/15/2025,10/31/2027,Active
01821,Mold Assessment Contractor License (SH125),AEG Holdco LLC,"American Environmental Group, Inc.","555 Lindero Canyon Road, Suite 701",,Westlake Village,CA,91362,7344896167,12/27/2022,12/31/2024,Expired
01819,Mold Remediation Contractor License (SH126),"AGG Contracting, Inc.",,140 Gibson Avenue,,Staten Island,NY,10308,7184992300,03/27/2020,03/31/2025,Expired
24-637S6-SHMO,Mold Remediation Contractor License (SH126),AIC General Contracting Inc,Renov8,68 Blacksmith Rd,,LEVITTOWN,NY,11756,5165079214,12/09/2024,12/31/2026,Active
23-6UJGK-SHMO,Mold Assessment Contractor License (SH125),AJK EnvioFire Consulting LLC,,"472 Court St, Courtyard Ste",,BROOKLYN,NY,11231,9177973949,07/31/2023,09/30/2025,Expired
25-6HRIC-SHMO,Mold Remediation Contractor License (SH126),ALM ENVIRONMENTAL INC,ALM Environmental Inc.,20 Brick Court,Suite D,Staten Island,NY,10309,7186082290,07/11/2025,07/31/2027,Active
26-6ZOQL-SHMO,Mold Assessment Contractor License (SH125),"AMD Environmental Consultants, Inc.",,"72 East Niagara Street, Suite 100",,Tonawanda,NY,14150,7168330043,02/19/2026,02/29/2028,Active
24-63SJF-SHMO,Mold Remediation Contractor License (SH126),AMG Environmental Services Corp,,13915 14th Avenue,,Whitestone,NY,11357,9179390019,11/15/2024,11/30/2026,Active
00348,Mold Assessment Contractor License (SH125),"AMTEC Inspections, LLC",David L. Digges,16 Garden Drive,,CLIFTON PARK,NY,12065,5184246590,02/08/2016,03/31/2024,Expired
24-64BYU-SHMO,Mold Assessment Contractor License (SH125),AP Limitless Environmental Services LLC,,1970 Walton Ave Apt 4A,,BRONX,NY,10453,6469373124,12/13/2024,12/31/2026,Active
01840,Mold Assessment Contractor License (SH125),ARC Home Inspections Inc.,,48 Kurt Lane,,HAUPPAUGE,NY,11788,6312194433,03/01/2023,03/31/2025,Expired
26-69XL5-SHMO,Mold Remediation Contractor License (SH126),ARIAI CORP.,,144 Mill St,,Paterson,NJ,07501,2017900539,07/15/2026,07/31/2028,Active
24-64N3F-SHMO,Mold Assessment Contractor License (SH125),"ASPN CONSTRUCTION, INC.",,21 SEARINGTOWN ROAD,,ALBERTSON,NY,11507,6465102600,12/17/2024,12/31/2026,Active
24-6A3LX-SHMO,Mold Remediation Contractor License (SH126),"ATI-Air Technology, Inc.",,PO Box 625,,BOONTON,NJ,07005,9733343375,07/23/2024,03/31/2026,Expired
00905,Mold Assessment Contractor License (SH125),AWL SERVICES INC,,111 Foxwood Circle,,MOUNT KISCO,NY,10549,9142183256,09/12/2016,09/30/2024,Expired
25-6LSS7-SHMO,Mold Remediation Contractor License (SH126),"Abatement Unlimited, Inc.",,4332 Bullard Avenue,,Bronx,NY,10466,7189941374,11/06/2025,11/30/2027,Active
26-6I5BI-SHMO,Mold Remediation Contractor License (SH126),Abscope Environmental Inc.,,7086 Commercial Drive,,Canastota,NY,13032,3156978437,01/06/2026,01/31/2028,Active
25-6LFNT-SHMO,Mold Remediation Contractor License (SH126),Academy Construction Inc.,,"205 Rt 46 West, Suite 14",,TOTOWA,NJ,07512,,09/18/2025,11/30/2027,Active
26-6SBCY-SHMO,Mold Remediation Contractor License (SH126),"Accredited Lead Inspection, Inc.",,156 Shore Road,,Port Washington,NY,11050,5169445323,01/30/2026,01/31/2028,Active
25-6UPIJ-SHMO,Mold Assessment Contractor License (SH125),"Ace Development Group, Inc.",,130 Brown Avenue,,HEMPSTEAD,NY,11550,5164892685,07/17/2025,07/31/2027,Active
24-64ECL-SHMO,Mold Assessment Contractor License (SH125),Adam's Asbestos & Mold Services LLC,,16 Twin Ponds Rd,,NEW WINDSOR,NY,12553,8455919996,12/30/2024,12/31/2026,Active
24-6Z68B-SHMO,Mold Assessment Contractor License (SH125),"Adirondack Environmental Services, Inc.",,314 North Pearl Street,,Albany,NY,12207,5184344546,04/26/2024,03/31/2026,Expired
26-6UUHD-SHMO,Mold Remediation Contractor License (SH126),"Advanced Cleaning & Restoration Services, LLC",,363 N Perry Street,,Johnstown,NY,12095,5187732435,07/14/2026,07/31/2028,Active
26-6SQKR-SHMO,Mold Remediation Contractor License (SH126),Advanced Restoration Corp.,,151 Lafayette Road,,West Babylon,NY,11704,6314222100,01/20/2026,03/31/2028,Active
01765,Mold Remediation Contractor License (SH126),Affordable Mold and Air Quality Specialists LLC,,627 Horseblock Rd,,FARMINGVILLE,NY,11738,6463791009,06/28/2022,06/30/2024,Expired
01739,Mold Assessment Contractor License (SH125),Aim High Home Inspection Services LLC,,1123 Sunrise Blvd,,SCHENECTADY,NY,12306,5183302772,06/09/2022,06/30/2024,Expired
25-6L6SJ-SHMO,Mold Remediation Contractor License (SH126),Air Quality Inspection & Improvement LLC,,100 Mount Pleasant Ave Apt #1,,MAMARONECK,NY,10543,9179005142,10/16/2025,10/31/2027,Active
26-6a17a-shmo,Mold Remediation Contractor License (SH126),"AirCare Environmental, LLC",,2003 Baldwin Lane,,Newburgh,NY,12550,8455417374,06/17/2026,06/30/2028,Active
24-64JKQ-SHMO,Mold Remediation Contractor License (SH126),"Airborne Contamination Identification Associates, LLC.",,3430 WOODBRIDGE CIRCLE,,YORK,PA,17406,7177671850,12/31/2024,12/31/2026,Active
24-6TJMU-SHMO,Mold Assessment Contractor License (SH125),Alamo Environmental Consulting Inc,,214 Grasmere Drive,,STATEN ISLAND,NY,10305,7188805545,12/30/2024,01/31/2027,Active
24-63SAN-SHMO,Mold Remediation Contractor License (SH126),"Alex General Remodeling, Inc.",,52 Carman Ave,,Cedarhurst,NY,11516,5163419863,11/18/2024,11/30/2026,Active
24-6AZAD-SHMO,Mold Assessment Contractor License (SH125),Aliebaba Inc.,DS Environmental,1327 Ethan Court,,Yorktown Heights,NY,10598,9148305330,07/15/2024,07/31/2026,Expired
23-6IC9K-SHMO,Mold Remediation Contractor License (SH126),"All City Contracting & Cleaning, Inc.",All City Restoration,"160 Hicks St.,",,Westbury,NY,11590,5163389800,12/21/2023,01/31/2026,Expired
00339,Mold Remediation Contractor License (SH126),All Clean Environmental LLC,,Po box 1627,,SOUTH HACKENSACK,NJ,07606,2015462027,02/05/2016,03/31/2024,Expired
26-6I9CR-SHMO,Mold Assessment Contractor License (SH125),"All Green Air, LLC",,85 Morewood Oaks,,Port Washington,NY,11050,8773566313,01/06/2026,03/31/2028,Active
00847,Mold Assessment Contractor License (SH125),"All House Home Inspections, Inc.",,843 Center St,,EAST AURORA,NY,14052,7164916179,08/03/2016,08/31/2024,Expired
25-647KH-SHMO,Mold Assessment Contractor License (SH125),All Pro Clean Air Inc.,,466 Wild Avenue,,Staten Island,NY,10314,6462351731,02/28/2025,02/28/2027,Active
25-6IF3P-SHMO,Mold Assessment Contractor License (SH125),All Spar Home Solutions LLC,,33 Hughes Street W,,Belfast,NY,14711,5856102367,12/29/2025,12/31/2027,Active
26-6743R-SHMO,Mold Assessment Contractor License (SH125),All Time Inspections LLC,,82 Atlantic Ave,,Massapequa Park,NY,11762,6317412629,01/20/2026,01/31/2028,Active
26-6ZQ97-SHMO,Mold Assessment Contractor License (SH125),Allsatehome inspection and household environmental testing services of WNY,S,2414 Niagara Rd,,Niagara Falls,NY,14304,7167319621,02/19/2026,02/29/2028,Active
24-64BV9-SHMO,Mold Assessment Contractor License (SH125),Alpha Mold Inspectors Inc.,,205 Crombie St,,HUNTINGTON STATION,NY,11746,6317045258,12/16/2024,12/31/2026,Active
26-6L79F-SHMO,Mold Assessment Contractor License (SH125),"Alpine Environmental Services, Inc.",,438 New Karner Road,Alpine Env.,Albany,NY,12205,5182271430,02/27/2026,02/29/2028,Active
24-63GKF-SHMO,Mold Remediation Contractor License (SH126),Altavista Lead Improvement Inc.,,"155 Livingston Ave, #4A",,Yonkers,NY,10705,9145052612,09/12/2024,09/30/2026,Active
26-6U1D3-SHMO,Mold Assessment Contractor License (SH125),Alyssa Hackett,Wolf Hollow Home Inspection,12 Greystone Dr,,VOORHEESVILLE,NY,12186,5184871915,02/27/2026,02/29/2028,Active
26-6Z16T-SHMO,Mold Assessment Contractor License (SH125),"Ambient Environmental, Inc.",,828 Washington Avenue,,Albany,NY,12203,5184820704,03/12/2026,03/31/2028,Active
24-63AYP-SHMO,Mold Assessment Contractor License (SH125),"American Environmental Solutions of N.Y., Inc",American Environmental Solutions,42 West Ave,,Patchogue,NY,11772,6314750020,11/21/2024,11/30/2026,Active
25-6UXYG-SHMO,Mold Remediation Contractor License (SH126),American Pro Remediation Corp,,"888 Long Pong Rd, Ste 4",,ROCHESTER,NY,14626,5854063689,09/04/2025,09/30/2027,Active
26-6ZUU9-SHMO,Mold Assessment Contractor License (SH125),Amiantos LLC,,1235 30th Drive,,Astoria,NY,11102,7185450870,03/25/2026,03/31/2028,Active
25-6IBSI-SHMO,Mold Assessment Contractor License (SH125),"Angstrom Environmental, Earth & Building Sciences, LLC",,"2 Budd Lane, Ste 1",,EAST GREENBUSH,NY,12061,5183307732,11/24/2025,11/30/2027,Active
25-64KP7-SHMO,Mold Assessment Contractor License (SH125),Anthony Mileto,,807 Willow Rd W,,STATEN ISLAND,NY,10314,3477243175,01/03/2025,12/31/2026,Active
24-63LAH-SHMO,Mold Remediation Contractor License (SH126),Apache Legend Group Corp,,239 Lexington Ave,,Mount Kisco,NY,10549,9294770101,11/12/2024,11/30/2026,Active
26-6SPS8-SHMO,Mold Remediation Contractor License (SH126),Apex Development Incorporated,,358 Broadway,,Newark,NJ,07104,9733500101,07/02/2026,07/31/2028,Active
25-6HE5H-SHMO,Mold Assessment Contractor License (SH125),Apex Mold Specialists inc.,,2679 East 64th Street,,Brooklyn,NY,11234,8002176897,07/25/2025,07/31/2027,Active
26-69U33-SHMO,Mold Assessment Contractor License (SH125),"Aptim Environmental & Infrastructure, Inc",,17 Princess Road,,Lawrenceville,NJ,08648,6095886430,07/30/2026,07/31/2028,Active
25-6ZU1K-SHMO,Mold Assessment Contractor License (SH125),"Arcadis of New York, Inc",,PO Box 66,,SYRACUSE,NY,13214,,11/26/2025,01/31/2028,Active
01586,Mold Remediation Contractor License (SH126),Ari Cleaning - Water Damage - Mold Removal Inc.,,1626 E 36th Street,,Brooklyn,NY,11234,6466713514,02/09/2021,02/28/2025,Expired
24-63LJQ-SHMO,Mold Remediation Contractor License (SH126),"Around the Clock Restoration, Inc.",,201 Mattituck Court,,Melville,NY,11747,5165224238,11/08/2024,11/30/2026,Active
24-6A7U5-SHMO,Mold Remediation Contractor License (SH126),Ashley's Carpet Cleaning LLC,,917 Springfield Road,,Wilmington,NY,12997,5185246004,08/07/2024,07/31/2026,Expired
26-6A4N3-SHMO,Mold Remediation Contractor License (SH126),"Assessment Resources & Technologies, Inc.",,1191 Valley Road,,Clifton,NJ,07013,9735681914,08/17/2026,08/31/2028,Active
26-6Z8C3-SHMO,Mold Assessment Contractor License (SH125),Atech Home Ispections Inc,461620493,2-35 Beach 139th Street,,Queens,NY,11694,3478862995,03/17/2026,03/31/2028,Active
26-6AEOF-SHMO,Mold Assessment Contractor License (SH125),Aurora Environmental LLC,,"1500 Union Rd., Suite 202",,West Seneca,NY,14224,7166086803,03/18/2026,03/31/2028,Active
24-63PIR-SHMO,Mold Remediation Contractor License (SH126),Axiak Construction Corp,,"506 E 82 St, Apt 8",,NEW YORK,NY,10028,2124726359,10/10/2024,10/31/2026,Active
25-6UPW3-SHMO,Mold Remediation Contractor License (SH126),"B & N & K Restoration Co., Inc.",,223 Randolph Ave,,CLIFTON,NJ,07011,9734784681,06/13/2025,06/30/2027,Active
01772,Mold Assessment Contractor License (SH125),B&M Cosntruction Design Inc.,,72 N State Rd #105,,BRIARCLIFF MANOR,NY,10510,9176595250,08/29/2022,08/31/2024,Expired
25-64SXX-SHMO,Mold Assessment Contractor License (SH125),"B.T.R. Home Inspections & Consulting, LLC",,357 Patrick Road,,Cobleskill,NY,12043,5185285454,02/07/2025,02/28/2027,Active
25-6UJQH-SHMO,Mold Remediation Contractor License (SH126),"BERWEN CONTRACTING CO., INC",,601 WALES AVENUE,,BRONX,NY,10455,7184023800,04/22/2025,04/30/2027,Active
25-671QV-SHMO,Mold Assessment Contractor License (SH125),"BJS RENOVATIONS, INC","BJS RENOVATIONS, INS",757 BURKE AVE,,BROBX,NY,10467,3473341893,12/18/2025,12/31/2027,Active
25-6UJ38-SHMO,Mold Remediation Contractor License (SH126),"BMS Cat of New Jersey, LLC",,10 Washington Ave,Unit #B,Fairfield,NJ,07004,8777301948,08/26/2025,08/31/2027,Active
25-6IHT8-SHMO,Mold Assessment Contractor License (SH125),"BNF Consulting, Inc.",,15 Lincoln Ave,,Somers,NY,10589,9142978335,12/23/2025,12/31/2027,Active
26-6AF3R-SHMO,Mold Assessment Contractor License (SH125),BSI America Professional Services Inc.,,141 West 36th Street,3rd Floor,New York,NY,10018,2122906323,04/16/2026,04/30/2028,Active
25-6HKFA-SHMO,Mold Assessment Contractor License (SH125),BULLSEYE INSPECTIONS LLC,,416 klondike ave,,Staten island,NY,10314,9296617588,07/31/2025,07/31/2027,Active
23-6U8XY-SHMO,Mold Remediation Contractor License (SH126),Bajwa Construction Corp,,8779 Sutphin Blvd,,Jamaica,NY,11435,3474995409,07/24/2023,07/31/2025,Expired
25-61VCZ-SHMO,Mold Remediation Contractor License (SH126),Bannie Builders Inc.,,9442 121ST Street #2 Floor,,Richmond Hill,NY,11419,9294342140,10/21/2025,10/31/2027,Active
25-65BAQ-SHMO,Mold Remediation Contractor License (SH126),Beach Channel Solutions LLC,1-800 Water Damage of New York City,18-17 CROSS BAY BOULEVARD,,Broad channel,NY,11693,3477268585,03/13/2025,03/31/2027,Active
26-6zuvs-shmo,Mold Remediation Contractor License (SH126),"Belfor USA Group, Inc.","Belfor Property Restoration, All Pro Cleaning & Restoration",75 Virginia Road,BELFOR,North White Plains,NY,10603,9147981440,03/16/2026,03/31/2028,Active
24-6SLT6-SHMO,Mold Assessment Contractor License (SH125),Benard Building Inspections LLC,,35 Walnut St,,CENTRAL ISLIP,NY,11722,2036768969,02/13/2024,03/31/2026,Expired
25-6TQ1W-SHMO,Mold Assessment Contractor License (SH125),Berko Mold Abatement Corp,,862 Mcdonald Avenue,1,Brooklyn,NY,11218,3477327531,05/09/2025,05/31/2027,Active
25-65KY8-SHMO,Mold Assessment Contractor License (SH125),"Bestos Home Services, LLC",,29 Morgans Ln,,Comstock,NY,12821,5183162077,04/07/2025,04/30/2027,Active
26-6ZUIK-SHMO,Mold Remediation Contractor License (SH126),"Big A's Solutions, LTD.",,250 Merrick Rd,#1050,Rockville Centre,NY,11571,5165007003,04/16/2026,04/30/2028,Active
25-65GV5-SHMO,Mold Assessment Contractor License (SH125),BioTek Environmental NYC LLC,,6616 Avenue T,,Brooklyn,NY,11234,2127846490,03/26/2025,03/31/2027,Active
26-6ZD61-SHMO,Mold Remediation Contractor License (SH126),Black Mountain Renovations LLC,,2419 Crotona Ave,,Bronx,NY,10458,7182203439,02/09/2026,02/29/2028,Active
25-6IYQ5-SHMO,Mold Remediation Contractor License (SH126),"Blue Bear Restoration, Inc.",,124 Glenmont Dr,,ROCHESTER,NY,14617,5857381826,12/09/2025,12/31/2027,Active
25-6ly1c-shmo,Mold Assessment Contractor License (SH125),"Blue Jay Inspections, LLC.",,3269 State Hwy 67,,FORT JOHNSON,NY,12070,5183903087,11/13/2025,11/30/2027,Active
25-6UTP6-SHMO,Mold Assessment Contractor License (SH125),Blue Sky Inspections Inc,,28 Eastwood Blvd.,,CENTEREACH,NY,11720,6319021636,09/22/2025,08/31/2027,Active
26-6SYDZ-SHMO,Mold Assessment Contractor License (SH125),"Bluepoint Environmental, LLC",,3290 Sevier Rd,,Marcellus,NY,13108,3152992467,01/14/2026,01/31/2028,Active
25-6HY8C-SHMO,Mold Remediation Contractor License (SH126),Bold Mold Eliminators LLC,,20 Regent Street,,Albany,NY,12202,5188018290,06/25/2025,06/30/2027,Active
24-63XR3-SHMO,Mold Remediation Contractor License (SH126),Bowerman Restoration LLC,,7 Intervale St,,White Plains,NY,10606,8442693762,10/16/2024,12/31/2026,Active
25-64L76-SHMO,Mold Assessment Contractor License (SH125),BreathePure LLC,,1304 Midland Avenue Apt. C70,,Yonkers,NY,10704,8456741719,02/03/2025,02/28/2027,Active
25-6TOYM-SHMO,Mold Remediation Contractor License (SH126),Bright Light Star Corp,,"20 DeHaven Drive, Apt 1D",,Yonkers,NY,10703,3478568107,02/10/2025,02/28/2027,Active
25-641I8-SHMO,Mold Remediation Contractor License (SH126),"Bristol Environmental, LLC",,1123 Beaver St,,Bristol,PA,19007,2157886040,01/28/2025,01/31/2027,Active
23-6UCW3-SHMO,Mold Assessment Contractor License (SH125),Brooklyn Environmental Inc,,"183 Wilson St, #356",,BROOKLYN,NY,11211,3472620658,08/11/2023,09/30/2025,Expired
24-6TOPJ-SHMO,Mold Remediation Contractor License (SH126),Brooks Remediation Corporation,,2561 Cove Rd,,Navarre,FL,32566,6316788617,05/23/2024,05/31/2026,Expired
26-6ZUVR-SHMO,Mold Remediation Contractor License (SH126),"Buildingology, Inc.",Building Environment Service Technicians (B.E.S.T.),6968 State Highway 29,,DOLGEVILLE,NY,13329,5185334888,03/13/2026,03/31/2028,Active
25-6U8DB-SHMO,Mold Remediation Contractor License (SH126),Bulovas Restorations Inc,,115 Mount Vernon Ave,,PATCHOGUE,NY,11772,6316870970,07/24/2025,07/31/2027,Active
25-6LYR7-SHMO,Mold Remediation Contractor License (SH126),"Burke Excavation Demolition, Inc",JEDA Environmental,273 South Grasse River Road,,MASSENA,NY,13662,3157693685,10/21/2025,10/31/2027,Active
25-6UXY8-SHMO,Mold Remediation Contractor License (SH126),C & S of Long Island Inc,,14 Menasha Lane,,East Islip,NY,11730,6312758465,08/20/2025,08/31/2027,Active
26-6ZOQG-SHMO,Mold Remediation Contractor License (SH126),C&G A-Plus Interior Remodeling Corp.,,5042 102nd Street,Suite A,Corona,NY,11368,9177405633,03/11/2026,03/31/2028,Active
26-6IZHN-SHMO,Mold Assessment Contractor License (SH125),"C.T. Male Associates Engineering, Surveying, Architecture, Landscape Architecture & Geology, D.P.C.",,50 Century Hill Drive,,Latham,NY,12110,5187867400,01/14/2026,01/31/2028,Active
24-6ZFB9-SHMO,Mold Assessment Contractor License (SH125),CB Consultant Group LLC,,232 Buffalo Ave,,Medford,NY,11763,6317909029,02/28/2024,02/28/2026,Expired
25-65FXH-SHMO,Mold Remediation Contractor License (SH126),CH2M Hill BWXT West Valley LLC,,10282 Rock Springs Road,,WEST VALLEY,NY,14171,,03/24/2025,03/31/2027,Active
26-667LI-SHMO,Mold Assessment Contractor License (SH125),CM Remodel LLC,,86 Main Street Suite 505,,Yonkers,NY,10701,9294971596,05/15/2026,05/31/2028,Active
25-67J9Z-SHMO,Mold Remediation Contractor License (SH126),"CP Restorations,  Inc.",Servpro Southern Rockland County NY,1 Blue Hill Plaza Suite #1509,,PEARL RIVER,NY,10965,2016003184,11/18/2025,11/30/2027,Active
25-6HKT6-SHMO,Mold Remediation Contractor License (SH126),CRS EMERGENCY SERVICE INC.,,2140 Pond Rd,Unit 11,Ronkonkoma,NY,11779,6317375050,08/01/2025,08/31/2027,Active
24-634EH-SHMO,Mold Remediation Contractor License (SH126),CTE Incorporated,Restoration Specialists of Greater New York,450 Westbury Avenue,,Carle Place,NY,11514,5163330088,11/29/2024,08/31/2026,Expired
01745,Mold Remediation Contractor License (SH126),CVE Enterprises LLC,Greenworks Environmental,"41 Watchung Plaza, Ste #253",,Montclair,NJ,07042,2123006283,05/24/2022,05/31/2024,Expired
01797,Mold Assessment Contractor License (SH125),Caliber Environmental Inc.,,"5308 13th ave, Ste 601",,BROOKLYN,NY,11219,7189868129,10/21/2022,10/31/2024,Expired
25-6UXYN-SHMO,Mold Assessment Contractor License (SH125),Capital District Inspection Services LLC,Ace Home Inspections of Upstate New York,110 Wolf Rd,,Albany,NY,12205,5187277091,12/12/2025,12/31/2027,Active
01810,Mold Assessment Contractor License (SH125),Capital Roofing & Construction Corp,,2 Winnetica Lane,,East Islip,NY,11730,6318353825,11/14/2022,11/30/2024,Expired
25-6TPSG-SHMO,Mold Assessment Contractor License (SH125),Carey Home Inspection LLC,,PO BOX 1061,,AVERILL PARK,NY,12018,5189561078,04/04/2025,04/30/2027,Active
26-69JRO-SHMO,Mold Assessment Contractor License (SH125),Category 3 LLC,,51 Joan Ave,,Centereach,NY,11720,6315125238,06/23/2026,06/30/2028,Active
25-6UFFK-SHMO,Mold Remediation Contractor License (SH126),Caysea Contracting Corp.,,65 Allendale Rd.,,BUFFALO,NY,14224,7166774858,09/10/2025,09/30/2027,Active
24-6STXT-SHMO,Mold Assessment Contractor License (SH125),Certified Carpet Care Inc.,,25 Farries Ave,,Florida,NY,10921,8456513413,02/12/2024,03/31/2026,Expired
23-6TOF4-SHMO,Mold Remediation Contractor License (SH126),Certified Mold Inspections LLC,,246 Dahlia Drive,,Mahopac,NY,10541,8456617924,06/07/2023,06/30/2025,Expired
00145,Mold Assessment Contractor License (SH125),"Certified Structural & Environmental Inspections, Inc.",,203 Bell Hollow Rd,,PUTNAM VALLEY,NY,10579,9147363165,01/05/2016,01/31/2024,Expired
25-64C44-SHMO,Mold Assessment Contractor License (SH125),"Charlange Enterprises, Inc.",National Property Inspections,11 Jamie Court,,Suffern,NY,10901,8455588918,01/09/2025,01/31/2027,Active
25-653TZ-SHMO,Mold Assessment Contractor License (SH125),"Chris Craftsman Development, Inc.",,223 N Salem Rd,,Waccabuc,NY,10597,9146365950,06/02/2025,06/30/2027,Active
00297,Mold Assessment Contractor License (SH125),Christopher Licata,A-Tech Inspection Services,9 Apple Ln,,MIDDLETOWN,NY,10940,9144207271,01/25/2016,01/31/2024,Expired
24-6ZUEQ-SHMO,Mold Remediation Contractor License (SH126),"Claim Masters, Inc.",,9307 Chapman Road,,New Hartford,NY,13413,3157921014,03/29/2024,03/31/2026,Expired
23-6UT3G-SHMO,Mold Remediation Contractor License (SH126),Clean Air Care Corprate of New York,,50 Red Maple Way,,New Windsor,NY,12553,8455905466,09/01/2023,09/30/2025,Expired
26-6ZENR-SHMO,Mold Assessment Contractor License (SH125),"Clean Air Testing Labs, Inc.",,1751 Washington Ave,,Seaford,NY,11783,5165462640,02/17/2026,02/29/2028,Active
26-6ZUEF-SHMO,Mold Remediation Contractor License (SH126),"Clean Slate Services, Inc",,175 Southaven Ave,,Medford,NY,11763,6312058822,02/10/2026,02/29/2028,Active
25-6LOS3-SHMO,Mold Remediation Contractor License (SH126),Cleancrafters Restoration Services Inc,,16 Cain Drive,,Brentwood,NY,11717,,11/07/2025,11/30/2027,Active
25-6LGBU-SHMO,Mold Assessment Contractor License (SH125),ClearVU Inspections LLC,,19 Blackberry Ln,,QUEENSBURY,NY,12804,5188329213,10/08/2025,10/31/2027,Active
25-6188T-SHMO,Mold Remediation Contractor License (SH126),"Coastal Environmental Technologies, LTD",,79 Emjay Blvd,,Brentwood,NY,11717,6312305415,09/02/2025,09/30/2027,Active
25-67UGC-SHMO,Mold Remediation Contractor License (SH126),Coastline Properties LLC,,45 Ramsey Rd,Unit 2,Shirley,NY,11967,6312552882,12/22/2025,12/31/2027,Active
26-6I61U-SHMO,Mold Assessment Contractor License (SH125),Colden Corporation,,5842 Heritage landing Drive,,East Syracuse,NY,13057,3154450847,01/29/2026,01/31/2028,Active
26-6TOPG-SHMO,Mold Assessment Contractor License (SH125),Comfort Living Home Inspection LLC,,556 Augustine Street,,Rochester,NY,14613,5858026386,01/28/2026,01/31/2028,Active
24-6AY64-SHMO,Mold Remediation Contractor License (SH126),Complex Development Inc,Complex Logistics,8566 Parsons blvd,,jamaica,NY,11432,6465336885,05/03/2024,05/31/2026,Expired
26-6ZNQU-SHMO,Mold Assessment Contractor License (SH125),"Connecticut Environmental Services, Inc.","Envirocheck, Inc.",165 Court St,#272,Brooklyn,NY,11201,8662443254,02/02/2026,02/29/2028,Active
01504,Mold Remediation Contractor License (SH126),"Contractors Alliance Network, LLC",,49 North Mall Unit 27 Bldg 504,,PLAINVIEW,NY,11803,7274039700,03/19/2020,03/31/2026,Expired
26-665GD-SHMO,Mold Assessment Contractor License (SH125),Core Integrity Home Inspections LLC,,2109 Ridge Rd,,Queensbury,NY,12804,5185862997,05/08/2026,05/31/2028,Active
26-69OQN-SHMO,Mold Assessment Contractor License (SH125),"Cortland County Community Action Program, Inc.",,32 N. Main St,,Cortland,NY,13045,6077536781,07/17/2026,07/31/2028,Active
26-64C4I-SHMO,Mold Remediation Contractor License (SH126),Craftsman Home Remodeling,,695 Elmgrove Road,,Rochester,NY,14606,5857492688,07/16/2026,07/31/2028,Active
24-6ZG6Q-SHMO,Mold Remediation Contractor License (SH126),Crisp Quality Construction Inc,,34 East Main Street,,Smithtown,NY,11787,6312922129,03/04/2024,03/31/2025,Expired
25-6UWFW-SHMO,Mold Assessment Contractor License (SH125),"Crown Environmental, LLC",,26 N Mountain View MHP,,Stony Point,NY,10980,8456566909,09/04/2025,09/30/2027,Active
23-61PUJ-SHMO,Mold Assessment Contractor License (SH125),Cruz Environmental Services Inc.,,970 East Main Street,,Riverhead,NY,11901,6313696449,10/05/2023,10/31/2025,Expired
23-6UD5C-SHMO,Mold Remediation Contractor License (SH126),Cureaire LLC,,15 Crestmont Ave,,Yonkers,NY,10704,9173352603,07/07/2023,07/31/2025,Expired
23-61OV7-SHMO,Mold Assessment Contractor License (SH125),"D & B Engineers and Architects, D.P.C.",,330 Crossways Park Drive,,Woodbury,NY,11797,5163649890,10/12/2023,10/31/2025,Expired
26-6Z6LI-SHMO,Mold Assessment Contractor License (SH125),"D&S Mold Assessment, LLC",,146 Lower Flat Rock Road,,Feura Bush,NY,12065,5184959189,05/01/2026,05/31/2028,Active
01729,Mold Remediation Contractor License (SH126),"D.R.D.C., Inc.",,PO Box 212,,GLEN COVE,NY,11542,5166763873,04/12/2022,04/30/2024,Expired
26-63G3L-SHMO,Mold Assessment Contractor License (SH125),"DASO Green Technologies, Inc.",,4204 215th Place,1st Floor,Bayside,NY,11361,9294723899,08/12/2026,08/31/2028,Active
26-673GY-SHMO,Mold Assessment Contractor License (SH125),DEEMOLD INC,,7 Hybrid Rd,,Monsey,NY,10952,8458289307,01/14/2026,01/31/2028,Active
25-6LOZB-SHMO,Mold Assessment Contractor License (SH125),DLG Inspections,,141 Arrow Wood Place,,BALLSTON SPA,NY,12020,5182094858,12/05/2025,12/31/2027,Active
25-6H4NU-SHMO,Mold Remediation Contractor License (SH126),DMS Mitigation LLC,,1 North Madison Ave,Suite #206,Spring Valley,NY,10977,8453107990,10/01/2025,10/31/2027,Active
25-6UTK6-SHMO,Mold Assessment Contractor License (SH125),DTG Newark LLC,DTG EcoSafe,1704 Flatbush Ave,,Brooklyn,NY,11210,8004228051,09/04/2025,09/30/2027,Active
24-63E97-SHMO,Mold Assessment Contractor License (SH125),Dadah Home Inspections LLC,,18 Hemold Dr,,SCHENECTADY,NY,12303,5183690609,09/23/2024,10/31/2026,Active
24-63PPH-SHMO,Mold Remediation Contractor License (SH126),Daniel M Warriner,Clean Plus,19 Riverside Place,,Hornell,NY,14843,6073240552,10/09/2024,05/31/2026,Expired
00202,Mold Assessment Contractor License (SH125),David's Designs LLC,Big Apple Mold Services,1953 East 27th St,,BROOKLYN,NY,11229,7182132789,01/08/2016,01/31/2024,Expired
25-6TOFS-SHMO,Mold Remediation Contractor License (SH126),Defash Global Resources Inc,,1054 East 223rd St,,BRONX,NY,10466,3476071422,02/12/2025,02/28/2027,Active
26-6A1ZH-SHMO,Mold Assessment Contractor License (SH125),"Delete 86 Environmental, LLC",,111 Cheney Street,,Jamestown,NY,14701,7164502811,06/23/2026,06/30/2028,Active
01799,Mold Assessment Contractor License (SH125),Demaze and Company Inc.,,755 E 56 St,,BROOKLYN,NY,11234,7182519099,10/24/2022,10/31/2024,Expired
24-637XE-SHMO,Mold Assessment Contractor License (SH125),Detail Associates Inc,,560 Sylvan Ave Ste 3065,,ENGLEWOOD CLIFFS,NJ,07632,,12/09/2024,01/31/2027,Active
25-6HSSS-SHMO,Mold Assessment Contractor License (SH125),Diligent Environmental LLC,,18 ADRIAN ST,,EAST NORTHPORT,NY,11731,5169653731,09/18/2025,09/30/2027,Active
26-69I57-SHMO,Mold Assessment Contractor License (SH125),Direct Restoration Group LLC,,"2042 52ND STREET, BROOKLYN, NY, 11204, USA",,Brooklyn,NY,11204,7189086444,08/06/2026,08/31/2028,Active
23-6UMBR-SHMO,Mold Remediation Contractor License (SH126),Disaster Restoration Recovery Inc.,ServiceMaster of the Tri-Counties,243 Old Ithaca Road,,Horseheads,NY,14845,6077397236,08/07/2023,08/31/2025,Expired
25-64SBR-SHMO,Mold Assessment Contractor License (SH125),Diva Construction LLC,,66 Mineola Avenue,337,Roslyn Heights,NY,11577,7188770891,02/06/2025,04/30/2027,Active
25-6SKO1-SHMO,Mold Assessment Contractor License (SH125),Dovber Kahn,Kahn Home inspectors,8 Deer Run Rd,,Pomona,NY,10970,8454458234,12/08/2025,12/31/2027,Active
25-6L8PZ-SHMO,Mold Remediation Contractor License (SH126),"Dry On Time Cleaning and Restoration, Corp.",,506 19th St,,Union City,NJ,07087,2124704137,12/29/2025,12/31/2027,Active
24-6ATRN-SHMO,Mold Assessment Contractor License (SH125),Dryout Water Restoration Inc.,,24 Rosedale Road,,Valley Stream,NY,11581,9172797813,06/20/2024,06/30/2026,Expired
25-64K5C-SHMO,Mold Remediation Contractor License (SH126),Dset Assoc LLC,,445 Central Ave Ste 304,,CEDARHURST,NY,11516,,01/06/2025,03/31/2027,Active
24-63J76-SHMO,Mold Assessment Contractor License (SH125),Dun Rite Home Inspection LLC,,356 Tysens Lane,,Staten Island,NY,10306,9177516405,09/26/2024,09/30/2026,Active
26-6zz8v-shmo,Mold Assessment Contractor License (SH125),Dutchess County Board of Cooperative Educational Services,,5 Boces Rd,,Poughkeepsie,NY,12601,8454864800,06/10/2026,06/30/2028,Active
23-6UKT1-SHMO,Mold Remediation Contractor License (SH126),"E & N Associates, LLC.",Paul Davis Restoration of Fairfield & Westchester Counties,679 Danbury Road Suite 3,,RIDGEFIELD,CT,06877,2034033724,08/04/2023,07/31/2025,Expired
26-6ZUVN-SHMO,Mold Remediation Contractor License (SH126),E. CONTRACTING INC.,,188 ERIE ST.,,LANCASTER,NY,14086,7166863860,03/27/2026,03/31/2028,Active
26-6ZUVX-SHMO,Mold Remediation Contractor License (SH126),"EAST COAST ENVIRONMENTAL RESTORATION, INC.",,136 Allen Blvd,,Farmingdale,NY,11735,6316002000,02/06/2026,02/29/2028,Active
01545,Mold Remediation Contractor License (SH126),EC SOLUTIONS INC,,1 DUNES LANE,,PORT WASHINGTON,NY,11050,6467497669,09/02/2020,09/30/2024,Expired
25-6TMXZ-SHMO,Mold Assessment Contractor License (SH125),"ECS Mid-Atlantic, LLC",,421 New Karner Road,Suite 10,Albany,NY,12205,8389002850,06/09/2025,05/31/2027,Active
24-6ZUGP-SHMO,Mold Assessment Contractor License (SH125),EHQS Consulting LLC,,35 Fennell Street,Suite B,Skaneateles,NY,13152,3152170167,03/29/2024,03/31/2026,Expired
25-6IF93-SHMO,Mold Remediation Contractor License (SH126),EMS Restoration Corp,,"200 Blydenburg Rd, Unit 23",,Islandia,NY,11749,,12/31/2025,01/31/2028,Active
25-6UOZG-SHMO,Mold Remediation Contractor License (SH126),ENCORE CONSTRUCTION & CONTRACTING INC,,132-02 89TH AVE SUITE 202/203,,S RICHMOND HL,NY,11418,9143191476,08/21/2025,08/31/2027,Active
25-6UJHK-SHMO,Mold Remediation Contractor License (SH126),ENVIROTRAC LLC,,5 Old Dock Road,,Yaphank,NY,11980,6319243001,08/01/2025,08/31/2027,Active
25-65NDS-SHMO,Mold Assessment Contractor License (SH125),ESP Land Development Corp,Certinspectors,171 Vineyard Ave,,Highland,NY,12528,8458495696,03/14/2025,03/31/2027,Active
24-64G5L-SHMO,Mold Remediation Contractor License (SH126),"ETS Contracting, Inc.",,160 Clay St,,BROOKLYN,NY,11222,7187066300,12/26/2024,12/31/2026,Active
25-6TTR6-SHMO,Mold Remediation Contractor License (SH126),"Earth Link General Construction, Inc.",,62 Bacon Road,,OLD WESTBURY,NY,11568,9175096427,06/18/2025,06/30/2027,Active
24-6ADDY-SHMO,Mold Assessment Contractor License (SH125),East End Carpet and Upholstery Cleaning LLC,,88 Bay Ave,,East Moriches,NY,11940,5163804686,05/09/2024,05/31/2026,Expired
26-67SOP-SHMO,Mold Assessment Contractor License (SH125),East End Flood & Fire Restoration LLC,,3 Railroad Avenue,,East Hampton,NY,11937,6316202578,01/06/2026,01/31/2028,Active
24-63JUO-SHMO,Mold Assessment Contractor License (SH125),"Eastern Property Services, Inc.",,1794 West Main Street,,Riverhead,NY,11901,6316558700,09/25/2024,09/30/2026,Active
24-6ATAA-SHMO,Mold Remediation Contractor License (SH126),Ebeno Studios Corp,,3615 Palisade Ave,,Union City,NJ,07087,7547039520,06/24/2024,06/30/2026,Expired
01881,Mold Remediation Contractor License (SH126),Edgar Oleaga,E.A.O. Maintenance,135 Kearny Ave,,Perth Amboy,NY,08861,6462586875,10/25/2022,10/31/2024,Expired
26-6SIC9-SHMO,Mold Assessment Contractor License (SH125),Efex Environmental Inc,,799 Park Avenue,,Albany,NY,12208,6463509079,01/29/2026,01/31/2028,Active
26-6AFZC-SHMO,Mold Remediation Contractor License (SH126),Elite Cleaners Corp.,,9229 Lamont Ave,,Elmhurst,NY,11373,7183605741,03/06/2026,03/31/2028,Active
24-63X16-SHMO,Mold Remediation Contractor License (SH126),Elloheim Miller,Mold Buster Environmental,821 Kingsland Lane,,Fort Lee,NJ,07024,7187089324,10/17/2024,10/31/2026,Active
26-6UPW1-SHMO,Mold Remediation Contractor License (SH126),"Emergi-Clean, Inc",,207 Old York Road,,"Flemingotn,",NJ,08822,9085870980,06/02/2026,06/30/2028,Active
25-6L1ZG-SHMO,Mold Assessment Contractor License (SH125),"Blue Line Environmental Services, LLC",,P.O. Box 615,,GOSHEN,NY,10924,8453605874,12/22/2025,12/31/2027,Active
25-6TJJ3-SHMO,Mold Remediation Contractor License (SH126),Blue USA Construction Company Inc,,2144 Bronx Park E,Apt 5K,Bronx,NY,10462,3477599157,04/21/2025,04/30/2027,Active
26-66NTE-SHMO,Mold Remediation Contractor License (SH126),Boccia Inc,,168 Broadway,,Garden City Park,NY,11040,5167477727,02/17/2026,02/29/2028,Active
01721,Mold Remediation Contractor License (SH126),Bona Fide Services Inc,,15 Dillon Ave,,PORT JEFFERSON STATION,NY,11776,5163604516,03/09/2022,03/31/2024,Expired
26-6uKUR-shmo,Mold Remediation Contractor License (SH126),"Breathe Easy Solutions Remediation, Corp.",,151 Sweetfield Circle,,Yonkers,NY,10704,9143101663,04/28/2026,04/30/2028,Active
01728,Mold Assessment Contractor License (SH125),Breaux Professional Inspections LLC,Pillar to Post Home Inspectors,57 E Margin Rd,,RIDGE,NY,11961,6313884190,05/03/2022,05/31/2024,Expired
24-63SND-SHMO,Mold Remediation Contractor License (SH126),Bright Painting & Interiors Corp,,14 Amber Street,,Staten island,NY,10306,9179456451,11/15/2024,11/30/2026,Active
23-6TM3P-SHMO,Mold Remediation Contractor License (SH126),Brittany Howell,Anna 4 Contracting,51 Highland Ave,Unit 2,New Rochelle,NY,10801,9145626029,05/04/2023,05/31/2025,Expired
25-67TBV-SHMO,Mold Remediation Contractor License (SH126),Brooklyn Essential Services LLC,Paul Davis Restoration of Brooklyn West,4601C 1st Avenue,,Brooklyn,NY,11232,6503873158,12/12/2025,12/31/2027,Active
01734,Mold Remediation Contractor License (SH126),BuildCare Facility Services & Management Group Corp,,1 Passaic Ave Ste 1A,,Wood-Ridge,NJ,07075,5512545544,04/14/2022,04/30/2024,Expired
25-6U8RN-SHMO,Mold Remediation Contractor License (SH126),Built in Brooklyn Construction Group Corp,,509B 39th Street,,BROOKLYN,NY,11232,3476352896,07/25/2025,07/31/2027,Active
26-6SKER-SHMO,Mold Remediation Contractor License (SH126),"Burch Family Enterprises, Inc.",ServiceMaster by Burch,13 Railroad Street,,Otego,NY,13825,6079882516,05/21/2026,05/31/2028,Active
25-6HAHK-SHMO,Mold Assessment Contractor License (SH125),"Butler Home Inspection, LLC",,2387 Cooper Drive,,East Meadow,NY,11554,5165892617,09/26/2025,09/30/2027,Active
24-63CCK-SHMO,Mold Remediation Contractor License (SH126),C M C Environmental Corp.,,129-25 134th Street,,South Ozone Park,NY,11420,7188451387,10/07/2024,11/30/2026,Active
26-6ZOQJ-SHMO,Mold Assessment Contractor License (SH125),C&G A-Plus Interior Remodeling Corp.,,5042 102nd Street,Suite A,Corona,NY,11368,9177405633,03/11/2026,03/31/2028,Active
26-6Z19J-SHMO,Mold Remediation Contractor License (SH126),"CALCO BUILDING MAINTENANCE, CHEMICAL SUPPLY AND EQUIPMENT CORP.",ServiceMaster Clean by Calco Clean,280 Dolson Ave,,Middletown,NY,10940,8453436443,04/13/2026,04/30/2028,Active
25-6Z73K-SHMO,Mold Remediation Contractor License (SH126),"CCAPS, LLC",,12 Continental Blvd,,Merrimack,NH,03054,6038834800,06/25/2025,06/30/2027,Active
26-6ZXGA-SHMO,Mold Assessment Contractor License (SH125),"CHA Consulting, Inc.",,3 Winners Circle,,Albany,NY,12205,5184534583,03/10/2026,03/31/2028,Active
25-64ZSD-SHMO,Mold Assessment Contractor License (SH125),CNS Environmental Corp.,,208 Newtown Road,,PLAINVIEW,NY,11803,5169323228,02/11/2025,02/28/2027,Active
25-67DA5-SHMO,Mold Remediation Contractor License (SH126),CPR Restoration Consultant LLC,Puroclean of Baldwin,303 Merrick Rd,,Lynbrook,NY,11563,5162001416,10/29/2025,10/31/2027,Active
25-65P84-SHMO,Mold Assessment Contractor License (SH125),CRT Environmental Solutions LLC,,24 Abbott Road,,Lisle,NY,13797,6077256942,04/16/2025,04/30/2027,Active
25-65ZNV-SHMO,Mold Assessment Contractor License (SH125),CTR HOME INSPECTIONS LLC,,26 Home Inspections LLC,,ORANGEBURG,NY,10962,9144340881,05/22/2025,05/31/2027,Active
24-63TG4-SHMO,Mold Remediation Contractor License (SH126),"CWD of Hicksville, Inc.",,95 Jerusalem Ave,,HICKSVILLE,NY,11801,5164338008,10/25/2024,10/31/2026,Active
24-6ZNQH-SHMO,Mold Assessment Contractor License (SH125),Caltex Organic Environmental LLC,,6700 Joy Road,,East Syracuse,NY,13057,3154159700,02/26/2024,02/28/2026,Expired
00514,Mold Assessment Contractor License (SH125),"Capital Home Inspection, LLC",,9 Chestnut Hill Inspection LLC,,Loudonville,NY,12211,5189281560,02/23/2016,03/31/2024,Expired
25-6H7DK-SHMO,Mold Remediation Contractor License (SH126),Capital Roofing & Construction Corp,,2 Winnetica Lane,,East Islip,NY,11730,6318353825,10/10/2025,10/31/2027,Active
00305,Mold Assessment Contractor License (SH125),"Carnell Environmental Inspections, Inc.",,7-11 Legion Drive Suite G-3,,VALHALLA,NY,10595,9149464300,01/28/2016,01/31/2024,Expired
23-6TQ8G-SHMO,Mold Remediation Contractor License (SH126),Category 3 LLC,,51 Joan Ave,,Centereach,NY,11720,6315125238,05/23/2023,05/31/2025,Expired
26-6ZZ8E-SHMO,Mold Assessment Contractor License (SH125),Celtic Mold Assessments LLC,,863 Route 212,,Saugerties,NY,12477,8458534840,04/08/2026,04/30/2028,Active
25-6597A-SHMO,Mold Remediation Contractor License (SH126),Certified Environmental Inc,,15 Stillo Drive,,Airmont,NY,10952,7187498464,06/24/2025,06/30/2027,Active
23-61KN5-SHMO,Mold Assessment Contractor License (SH125),Certified Mold Inspections LLC,,246 Dahlia Drive,,Mahopac,NY,10541,8456617924,09/25/2023,06/30/2025,Expired
25-6L761-SHMO,Mold Remediation Contractor License (SH126),"Certified Water, Smoke and Fire Restor Svces LLC",Certified WSF,PO Box 708,,NORTH CHATHAM,NY,12132,5187669595,11/12/2025,11/30/2027,Active
26-6SAN8-SHMO,Mold Assessment Contractor License (SH125),Charlesquest LLC,,75 west 238th st apt 7D,,Bronx,NY,10463,3478474684,02/12/2026,02/29/2028,Active
25-6TQKX-SHMO,Mold Remediation Contractor License (SH126),Chris Martin Contracting LLC,,576 5th Ave Ste #903,,NEW YORK,NY,10036,3472545150,10/24/2025,10/31/2027,Active
25-6498C-SHMO,Mold Remediation Contractor License (SH126),"Cid Construction Services, LLC",,"300-2 State Rte 17 S, Ste 3",,LODI,NJ,07644,9736859791,03/06/2025,03/31/2027,Active
25-6SDEE-SHMO,Mold Remediation Contractor License (SH126),"Classic Environmental, Inc.",,112 Wade Road,,LATHAM,NY,12110,5188577696,11/28/2025,01/31/2028,Active
26-6AJF6-SHMO,Mold Assessment Contractor License (SH125),Clean Air Consulting LLC,,5308 13th Avenue,Suite 388,Brooklyn,NY,11219,3477436142,06/08/2026,06/30/2028,Active
24-6AIPN-SHMO,Mold Assessment Contractor License (SH125),"Clean Environmental Services, Inc.",,43 Bond Lane,,HICKSVILLE,NY,11801,5168847540,07/05/2024,07/31/2026,Expired
25-671Q8-SHMO,Mold Remediation Contractor License (SH126),Clean Up Kings,,23 Duck Lane,,West Islip,NY,11795,6316263513,12/18/2025,12/31/2027,Active
25-658GI-SHMO,Mold Assessment Contractor License (SH125),Clear Mold Solutions LLC,,46 Guernsey Hill Road,,LaGrangeville,NY,12540,3475580063,03/28/2025,03/31/2027,Active
26-6AX75-SHMO,Mold Assessment Contractor License (SH125),"Clinchfield Consulting Group, Inc.",,6814 W 350 N,,Greenfield,IN,46140,3175451335,06/26/2026,06/30/2028,Active
23-6L1YY-SHMO,Mold Assessment Contractor License (SH125),"Coastal Inspections Testing, LLC",,2009 Presidio St,,Navarre,FL,32566,8506845664,11/10/2023,11/30/2025,Expired
25-65BEX-SHMO,Mold Assessment Contractor License (SH125),Coastline Properties LLC,,45 Ramsey Rd,Unit 2,Shirley,NY,11967,6312552882,03/12/2025,03/31/2027,Active
25-64ZIT-SHMO,Mold Assessment Contractor License (SH125),"Colliers Engineering & Design, Architecture, Landscape Architecture & Surveying CT, P.C.",,"101 Crawfords Corner Rd, Ste 3400",,Holmdel,NY,07733,7323831950,02/11/2025,02/28/2027,Active
25-61EA5-SHMO,Mold Remediation Contractor License (SH126),"Community Contractors & Builders, LLC",,4-2 East Frederick Pl.,,Cedar Knolls,NJ,07927,9734333071,09/12/2025,09/30/2027,Active
25-6IG9H-SHMO,Mold Assessment Contractor License (SH125),Comprehensive Mold Management of NY LLC,,291 Buell Road,,ROCHESTER,NY,14624,5854893666,10/23/2025,10/31/2027,Active
26-6ZLQD-SHMO,Mold Remediation Contractor License (SH126),Consolidated Environmental Inc.,,149 Regina Avenue,Unit A,Rahway,NJ,07065,9732440424,04/15/2026,04/30/2028,Active
26-6SICG-SHMO,Mold Assessment Contractor License (SH125),"Converse Laboratories, Inc",,"800 Starbuck Ave, Suite B101",,Watertown,NY,13601,3157888388,03/02/2026,03/31/2028,Active
25-65B7P-SHMO,Mold Remediation Contractor License (SH126),Cornerstone Builders NY LLC,,199 Lee Ave,Suite 884,Brooklyn,NY,11211,7184751616,03/13/2025,03/31/2027,Active
25-6HXTO-SHMO,Mold Assessment Contractor License (SH125),Costa Home Builders LLC,CHB Inspections,67 South Hill Road,,Grahamsville,NY,12740,8457982100,08/22/2025,08/31/2027,Active
25-64TF8-SHMO,Mold Remediation Contractor License (SH126),"Creative Touch Construction, Corp.",,817 FOSTER AVE,,BROOKLYN,NY,11230,9179164707,01/22/2025,01/31/2027,Active
25-6UOSA-SHMO,Mold Remediation Contractor License (SH126),Cromwell Environmental Inc,,615 Vermont St,,LAWRENCE,KS,66044,7857496000,06/27/2025,06/30/2027,Active
24-633TS-SHMO,Mold Remediation Contractor License (SH126),Crown Field Services LLC,,800 Broadway,Floor 3,Brooklyn,NY,11206,3477726008,11/26/2024,12/31/2026,Active
24-63JUS-SHMO,Mold Remediation Contractor License (SH126),"Crystal Blue Cleaning Service, Inc.",,200 Clearbrook Road,Suite 134,Elmsford,NY,10523,9149635883,09/25/2024,11/30/2026,Active
23-6UD5J-SHMO,Mold Assessment Contractor License (SH125),Cureaire LLC,,15 Crestmont Ave,,Yonkers,NY,10704,9173352603,07/07/2023,07/31/2025,Expired
25-6UDSR-SHMO,Mold Remediation Contractor License (SH126),D & R Express Mold Removal LLC,,112-23 201st St,,SAINT ALBANS,NY,11412,6464916543,05/22/2025,05/31/2027,Active
25-6LVDX-SHMO,Mold Remediation Contractor License (SH126),"D&S Restoration, Inc.",,20 California Ave,,PATERSON,NJ,07503,9733458020,10/01/2025,10/31/2027,Active
26-63FS6-SHMO,Mold Remediation Contractor License (SH126),DAMAB TECHNOLOGIES AND SERVICES INC,,114-56 212 STREET,,CAMBRIA HEIGHTS,NY,11411,9012166081,07/15/2026,07/31/2028,Active
24-6SAXV-SHMO,Mold Remediation Contractor License (SH126),DBE LTD.,,225 Lockwood Road,,Ridgewood,NJ,07450,7187971335,02/16/2024,02/28/2026,Expired
25-65N7G-SHMO,Mold Assessment Contractor License (SH125),DIANE RODRIGUEZ,FREEDOM ENVIRONMENTAL TESTING & CONSULTING,54 FLORADORA DRIVE,,MASTIC,NY,11950,6318006441,03/17/2025,03/31/2027,Active
26-6Z6FE-SHMO,Mold Remediation Contractor License (SH126),DLJD Inc,,555 Secaucus Rd,,Secaucus,NJ,07904,5162082214,03/23/2026,03/31/2028,Active
01869,Mold Remediation Contractor License (SH126),"DPAC Enterprises, Inc.","1-800 Water Damage of Rochester, NY",466 Chestnut Ridge,,ROCHESTER,NY,14624,5854340061,09/06/2022,09/30/2024,Expired
26-6ZTFC-SHMO,Mold Remediation Contractor License (SH126),DTK Construction Corp.,,6 Frederick Court,,Park Ridge,NJ,07656,6469824346,02/17/2026,02/29/2028,Active
25-6tq3b-shmo,Mold Remediation Contractor License (SH126),Dakota Property Preservation & Home Improvement LLC,,15 E Cherry St,,Central Islip,NY,11787,6313505227,05/15/2025,05/31/2027,Active
24-63G3K-SHMO,Mold Assessment Contractor License (SH125),Daniel T Oligney,New York Inspection Professionals,1116 River Road,,Troy,NY,12182,5188926450,09/13/2024,09/30/2026,Active
26-661VG-SHMO,Mold Assessment Contractor License (SH125),"Dayton Environmental Testing, LLC",,2750-B Indian Ripple Road,Suite 211,Dayton,OH,45440,9377517872,04/08/2026,04/30/2028,Active
26-6ZXGI-SHMO,Mold Assessment Contractor License (SH125),Degmor Enterprises Inc.,,1 12th St,,Brooklyn,NY,11215,2124310696,03/11/2026,03/31/2028,Active
26-6ZVUI-SHMO,Mold Assessment Contractor License (SH125),"Delta Engineers, Architects, Land Surveyors, & Landscape Architects, D.P.C.",,860 Hooper Road,,Endwell,NY,13760,6072316600,02/12/2026,02/29/2028,Active
01880,Mold Remediation Contractor License (SH126),Demaze and Company Inc.,,755 E 56 St,,BROOKLYN,NY,11234,7182519099,10/24/2022,10/31/2024,Expired
26-6Z5T9-SHMO,Mold Assessment Contractor License (SH125),DiMar Restoration Corp,MoldMd Solutions,141 Summerfield Street,,Scarsdale,NY,10583,9144973138,03/13/2026,03/31/2028,Active
25-6HSSU-SHMO,Mold Remediation Contractor License (SH126),Diligent Environmental LLC,,18 ADRIAN ST,,EAST NORTHPORT,NY,11731,5169653731,09/18/2025,09/30/2027,Active
26-69I5P-SHMO,Mold Remediation Contractor License (SH126),Direct Restoration Group LLC,,"2042 52ND STREET, BROOKLYN, NY, 11204, USA",,Brooklyn,NY,11204,7189086444,08/06/2026,08/31/2028,Active
26-6ZELJ-SHMO,Mold Remediation Contractor License (SH126),Disaster Services LLC,Disaster Services LLC,20 Jordan Rd,,New Hartford,NY,13413,3157971128,01/30/2026,03/31/2028,Active
26-66DSC-SHMO,Mold Assessment Contractor License (SH125),Divinity Sparkle LLC,,186 White Sands Way,Unit B,Arverne,NY,11692,4012419644,02/20/2026,02/29/2028,Active
00549,Mold Assessment Contractor License (SH125),Dovber Kahn,Kahn Home Inspectors,7 S Post Ln,,MONSEY,NY,10952,8454458234,03/07/2016,03/31/2024,Expired
01777,Mold Remediation Contractor License (SH126),Dryco Inc.,,PO BOX 6,,MANORVILLE,NY,11949,6315913771,04/10/2018,04/30/2024,Expired
24-6AOBE-SHMO,Mold Remediation Contractor License (SH126),Dryout Water Restoration Inc.,,24 Rosedale Road,,Valley Stream,NY,11581,9172797813,06/17/2024,06/30/2026,Expired
24-6AFCZ-SHMO,Mold Remediation Contractor License (SH126),Dual Restoration LLC,,5308 13th Ave,Suite 615,Brooklyn,NY,11219,8556713825,05/16/2024,05/31/2026,Expired
01920,Mold Remediation Contractor License (SH126),Durant Home Inspections LLC,,6150 Lowell Rd,,ROME,NY,13440,3152633693,02/27/2023,02/28/2025,Expired
24-6TK87-SHMO,Mold Remediation Contractor License (SH126),Dynamic GC Corp,SERVPRO of South Bronx,191 Willow Ave,,Bronx,NY,10454,3475909902,12/13/2024,12/31/2026,Active
25-671ZQ-SHMO,Mold Assessment Contractor License (SH125),"E & N Associates, LLC.",Paul Davis Restoration of Fairfield & Westchester Counties,679 Danbury Road Suite 3,,RIDGEFIELD,CT,06877,2034033724,12/19/2025,12/31/2027,Active
25-6URGT-SHMO,Mold Remediation Contractor License (SH126),E.C.S. Maintenance Inc.,,340 Fifth Ave,,Pelham,NY,10803,9143659514,02/25/2025,02/28/2027,Active
26-66UTS-SHMO,Mold Remediation Contractor License (SH126),"EBD CONSTRUCTION SERVICES, LLC",,400 Ingham Ave,,Lackawanna,NY,14218,7166854588,04/13/2026,04/30/2028,Active
23-6UMX3-SHMO,Mold Remediation Contractor License (SH126),ECG Facility Services LLC,,57 Edinburgh Road,,MIDDLETOWN,NY,10941,9147741793,08/08/2023,06/30/2025,Expired
24-63T8Q-SHMO,Mold Remediation Contractor License (SH126),EFG Northeast Enterprises Inc.,EFG Cleaning & Restoration,95 N Clinton Street,,Poughkeepsie,NY,12601,8457975780,10/25/2024,10/31/2026,Active
24-6ZHY9-SHMO,Mold Assessment Contractor License (SH125),EHS Compliance Associates LLC,,403 Berkman St,,Plainfield,NJ,07062,9082932926,04/19/2024,03/31/2026,Expired
26-6Z57I-SHMO,Mold Remediation Contractor License (SH126),EMV CONTRACTING NY LLC,,3 WESTCHESTER VIEW LN,,WHITE PLAINS,NY,10607,6464042303,05/26/2026,05/31/2028,Active
25-6UOAO-SHMO,Mold Assessment Contractor License (SH125),ENCORE CONSTRUCTION & CONTRACTING INC,,132-02 89TH AVE SUITE 202/203,,S RICHMOND HL,NY,11418,9143191476,08/21/2025,08/31/2027,Active
26-6Z58I-SHMO,Mold Assessment Contractor License (SH125),ENVIROTRAC LLC,,5 Old Dock Road,,Yaphank,NY,11980,6319243001,03/31/2026,03/31/2028,Active
01770,Mold Assessment Contractor License (SH125),ESPL Environmental Consultants Corporation,,"57 West 57th Street, Ste 400",,NEW YORK,NY,10019,2123307501,08/26/2022,08/31/2024,Expired
24-63UJ4-SHMO,Mold Remediation Contractor License (SH126),EZ Brown LLC,,197-15 111th Ave,,Saint Albans,NY,11412,6463556788,11/04/2024,11/30/2026,Active
25-6HU5V-SHMO,Mold Remediation Contractor License (SH126),Earthsafe Environmental LLC,,30 Brunswick Rd,,Troy,NY,12180,5188608756,09/08/2025,09/30/2027,Active
24-6Z9AL-SHMO,Mold Remediation Contractor License (SH126),East End Carpet and Upholstery Cleaning LLC,,88 Bay Ave,,East Moriches,NY,11940,5163804686,05/01/2024,05/31/2026,Expired
26-63P6H-SHMO,Mold Remediation Contractor License (SH126),"Eastern Environmental Solutions, Inc.",,258 Line Road,,Manorville,NY,11949,6317272700,08/11/2026,08/31/2028,Active
24-63JUV-SHMO,Mold Remediation Contractor License (SH126),"Eastern Property Services, Inc.",,1794 West Main Street,,Riverhead,NY,11901,6316558700,09/25/2024,09/30/2026,Active
26-66986-SHMO,Mold Assessment Contractor License (SH125),Eco-Testing Services,,213 Sydney Terrace,,Newfield,NY,14867,6073510148,05/21/2026,05/31/2028,Active
25-6IK4T-SHMO,Mold Remediation Contractor License (SH126),"Edgeco Environmental, Inc.",,136 Columbia St,,COHOES,NY,12047,5182355687,12/23/2025,12/31/2027,Active
25-6UY3D-SHMO,Mold Assessment Contractor License (SH125),Eisenbach and Ruhnke Engineering PC,,291 Genesee St,,UTICA,NY,13501,3157351916,01/31/2025,01/31/2027,Active
24-63UJ9-SHMO,Mold Assessment Contractor License (SH125),Elite EHS Consultants LLC,,2520 42nd Street,Apt 1C,Astoria,NY,11103,5167085343,11/04/2024,11/30/2026,Active
24-63C5Z-SHMO,Mold Assessment Contractor License (SH125),"Emerald Environmental, Inc.",,168 Cypress Lane West,,WESTBURY,NY,11590,8003003951,10/08/2024,11/30/2026,Active
26-69YJF-SHMO,Mold Assessment Contractor License (SH125),"Emergi-Clean, Inc",,207 Old York Road,,"Flemingotn,",NJ,08822,9085870980,05/27/2026,05/31/2028,Active
25-6L1ZD-SHMO,Mold Assessment Contractor License (SH125),Blue Line Home Inspections LLC,,281 Greeves Road,,New Hampton,NY,10958,8453605874,12/22/2025,12/31/2027,Active
26-6L7O9-SHMO,Mold Assessment Contractor License (SH125),"BlueLine Disaster Solutions, Inc.",,1 Ora Avenue,,New Hartford,NY,13413,3155072140,01/12/2026,12/31/2027,Active
25-6LQIY-SHMO,Mold Assessment Contractor License (SH125),Bode Aluko,AFEK Environmental Service Inc,231-15 Merrick Boulevard,,Queens,NY,11413,6464564526,10/15/2025,10/31/2027,Active
26-6IE9P-SHMO,Mold Assessment Contractor License (SH125),Bonafide Building Solutions LLC,,1005 Wilcox Ave,Apt B,Bronx,NY,10465,3473018568,04/10/2026,04/30/2028,Active
26-69OQR-SHMO,Mold Assessment Contractor License (SH125),Breathe clean llc,,35 e grove street,,MASSAPEQUA,NY,11758,6317042774,07/17/2026,07/31/2028,Active
01230,Mold Assessment Contractor License (SH125),Brent Miklowitz,Brent J. Miklowitz,149 County Rte 75,,MECHANICVILLE,NY,12118,5185601399,09/02/2020,07/31/2024,Expired
24-6A4N4-SHMO,Mold Remediation Contractor License (SH126),"Brink's Tank Services, Inc.",,1256 Liberty Avenue,,HILLSIDE,NJ,07205,9083533107,07/24/2024,07/31/2026,Expired
25-67PQY-SHMO,Mold Remediation Contractor License (SH126),Broadway Design and Build LLC,,216 saratoga Avenue,,Mechanicville,NY,12118,5189153291,12/02/2025,12/31/2027,Active
26-67HXV-SHMO,Mold Assessment Contractor License (SH125),Brooklyn Essential Services LLC,Paul Davis Restoration of Brooklyn West,4601C 1st Avenue,,Brooklyn,NY,11232,6503873158,01/26/2026,01/31/2028,Active
00181,Mold Remediation Contractor License (SH126),Building Environment Service Technicians,,6968 State Highway 29,,DOLGEVILLE,NY,13329,,01/07/2016,03/31/2024,Expired
25-6U8RR-SHMO,Mold Assessment Contractor License (SH125),Built in Brooklyn Construction Group Corp,,509B 39th Street,,BROOKLYN,NY,11232,3476352896,06/18/2025,08/31/2027,Active
00509,Mold Assessment Contractor License (SH125),"Bureau Veritas North America, Inc.",,"1601 Sawgrass Corporate Parkway, #400",,FORT LAUDERDALE,FL,33323,7322256048,02/23/2016,03/31/2024,Expired
26-6I9CQ-SHMO,Mold Remediation Contractor License (SH126),"C & D Close Enterprises, Inc",ServiceMaster Recovery by Close,7447 Thompson Rd.,,North Syracuse,NY,13212,3154583355,01/08/2026,01/31/2028,Active
25-6URGE-SHMO,Mold Remediation Contractor License (SH126),"C&C Flooring, LLC",,941 McLean Avenue,STE 387,Yonkers,NY,10704,9144697582,08/25/2025,08/31/2027,Active
24-6SIPY-SHMO,Mold Remediation Contractor License (SH126),C&M Cleaning &Construction LLC,,391 Mt Prospect Ave,,Newark,NJ,07104,5513268816,02/14/2024,02/28/2026,Expired
26-66JAX-SHMO,Mold Remediation Contractor License (SH126),CAPITAL REGION MOLD REMOVAL LLC,CAPITAL REGION MOLD REMOVAL,290 W Fiery Hill Rd.,,Fort Plain,NY,13339,5184144582,03/11/2026,03/31/2028,Active
24-63P71-SHMO,Mold Assessment Contractor License (SH125),CED Group LLC,CD Home Inspections,752 Upper Glen Street,#1021,Queensbury,NY,12804,5183219549,10/11/2024,10/31/2026,Active
26-69QR7-SHMO,Mold Remediation Contractor License (SH126),CJ&j Resolution LLC,CJ&J Resolution LLC,541 Bronx River Road Apt 1B,,Yonkers,NY,10704,9143698761,07/09/2026,07/31/2028,Active
25-6I9ES-SHMO,Mold Assessment Contractor License (SH125),"CORE Environmental Consultants, Inc.",,2312 Wehrle Drive,,BUFFALO,NY,14221,7166894704,12/08/2025,12/31/2027,Active
25-6I31C-SHMO,Mold Remediation Contractor License (SH126),"CRAL Contracting, Inc.",,202 Twin Oaks Drive,STE 110,Syracuse,NY,13206,3156716006,12/11/2025,12/31/2027,Active
25-649NC-SHMO,Mold Assessment Contractor License (SH125),CSI HOME INSPECTORS NY LLC,,17 Peacham Rd,,Watervliet,NY,12189,5188572745,03/06/2025,03/31/2027,Active
26-6SIF4-SHMO,Mold Assessment Contractor License (SH125),CUNO ENVIRONMENTAL CORPORATION,,"2 Gramatan Avenue, Suite 301",,MOUNT VERNON,NY,10550,9146991490,01/30/2026,01/31/2028,Active
26-6ADN4-SHMO,Mold Remediation Contractor License (SH126),Cajal Enterprises Inc.,,6905 75th Street Apt 2,,Middle Village,NY,11379,9174056922,04/03/2026,04/30/2028,Active
01740,Mold Remediation Contractor License (SH126),"Campbell's Professional Services, LLC",,38 A Patterson Village,,PATTERSON,NY,12563,6467455651,04/28/2022,04/30/2024,Expired
26-6Z9VU-SHMO,Mold Assessment Contractor License (SH125),Capital Region Home Inspection LLC,,159 LeLoup Road,,Melrose,NY,12121,5187510386,04/09/2026,04/30/2028,Active
00571,Mold Assessment Contractor License (SH125),"Capital United Industries, Inc.",Rotondi Mold Assessors,6 Richard Ave,,SARATOGA SPRINGS,NY,12866,5188529090,03/22/2016,03/31/2024,Expired
26-675S4-SHMO,Mold Assessment Contractor License (SH125),Casablanca Environmental and Building Diagnostics LLC,,5 Raynor Rd,,Southampton,NY,11968,6316559855,01/22/2026,01/31/2028,Active
23-6TQ8N-SHMO,Mold Assessment Contractor License (SH125),Category 3 LLC,,51 Joan Ave,,Centereach,NY,11720,6315125238,05/23/2023,05/31/2025,Expired
24-6A8E1-SHMO,Mold Assessment Contractor License (SH125),"Central Real Estate Inspections, Inc.",,1822 Jackson Rd,,Penfield,NY,14526,5853773737,05/22/2024,04/30/2026,Expired
26-69TB1-SHMO,Mold Remediation Contractor License (SH126),Certified Environmental NY Inc.,,15 Stillo Drive,,Airmont,NY,10952,7187498464,07/21/2026,07/31/2028,Active
00195,Mold Assessment Contractor License (SH125),"Certified Mold Inspections, Inc.",,"1070H Route 34, #160",,MATAWAN,NJ,07747,7327577451,01/07/2016,03/31/2024,Expired
26-6uqnf-shmo,Mold Assessment Contractor License (SH125),Chards Division IT LLC,,300 Cadman Plaza West,12th Floor,Brooklyn,NY,11201,3476255777,05/18/2026,05/31/2028,Active
26-6614G-SHMO,Mold Remediation Contractor License (SH126),Chefalo Contracting LLC,,65 South Ave,,Pleasant Valley,NY,12569,8454537099,04/09/2026,04/30/2028,Active
26-6Z5JN-SHMO,Mold Assessment Contractor License (SH125),"Chris The Home Inspector, LLC",,10 Brookwood Drive,,Saratoga Springs,NY,12866,5189284172,02/20/2026,02/29/2028,Active
24-63CBS-SHMO,Mold Assessment Contractor License (SH125),Citi Manage LLC,,"111 Harold Street, Apt 2",,Staten Island,NY,10314,9173647726,10/04/2024,10/31/2026,Active
23-6UODO-SHMO,Mold Remediation Contractor License (SH126),Classy Restorations LLC,"Paul Davis Emergency Svces of Rockland Cty, NY",400 Rella Blvd #165,,SUFFERN,NY,10901,,08/24/2023,04/30/2025,Expired
26-6AN9R-SHMO,Mold Remediation Contractor License (SH126),Clean Air Consulting LLC,,5308 13th Avenue,Suite 388,Brooklyn,NY,11219,3477436142,06/08/2026,06/30/2028,Active
23-6LSQE-SHMO,Mold Assessment Contractor License (SH125),Clean Isles Inc.,,350 Northern Blvd,Suite 324,Albany,NY,12204,5189148700,11/17/2023,11/30/2025,Expired
25-6TPSH-SHMO,Mold Remediation Contractor License (SH126),Clean World Solutions LLC,,86 Broadway,,Freehold,NJ,07728,7329040239,03/06/2025,03/31/2027,Active
25-658GZ-SHMO,Mold Remediation Contractor License (SH126),Clear Mold Solutions LLC,,46 Guernsey Hill Road,,LaGrangeville,NY,12540,3475580063,03/28/2025,03/31/2027,Active
01529,Mold Remediation Contractor License (SH126),Cmc Painting Inc,,25 Duvall Drive,,HAMPTON BAYS,NY,11946,6318756353,07/07/2020,07/31/2024,Expired
26-69Y3Z-SHMO,Mold Assessment Contractor License (SH125),Coastal Renewal Corp.,PuroClean of Whitestone,8217 153rd Avenue,STE 204,Howard Beach,NJ,11414,5519987982,05/28/2026,05/31/2028,Active
26-67I5G-SHMO,Mold Assessment Contractor License (SH125),Cobra Property Management,Cobra Property Management,201 N. State St,,Syracuse,NY,13204,3477771185,01/02/2026,01/31/2028,Active
23-6UOSW-SHMO,Mold Remediation Contractor License (SH126),"Collins Building Servies, Inc",,24-01 44th Rd 15th Fl,,LONG ISLAND CITY,NY,11101,9176130252,08/28/2023,07/31/2025,Expired
25-6SZSC-SHMO,Mold Remediation Contractor License (SH126),Complete Carpet Care Inc.,Service Master by Complete,40 Gaton Street,,Staten Island,NY,10309,7189846660,12/02/2025,12/31/2027,Active
25-61VC3-SHMO,Mold Remediation Contractor License (SH126),Comprehensive Mold Management of NY LLC,,291 Buell Road,,ROCHESTER,NY,14624,5854893666,08/01/2025,08/31/2027,Active
00140,Mold Assessment Contractor License (SH125),"Consulting Services of America, Inc.",,9 GLENSIDE TRL,,SPARTA,NJ,07871,7329219223,01/05/2016,01/31/2024,Expired
24-63Y3C-SHMO,Mold Assessment Contractor License (SH125),Corbett Home Inspections LLC,,987 Altamont Blvd,,Altamont,NY,12009,5189032962,08/20/2024,09/30/2026,Active
24-63EDG-SHMO,Mold Assessment Contractor License (SH125),"Cornerstone Environmental Group, LLC",,100 Crystal Run Road,Suite 101,Middletown,NY,10941,8456950200,09/18/2024,09/30/2026,Active
25-6IGGI-SHMO,Mold Remediation Contractor License (SH126),Cpc Environmental Services Corp.,,142 North 13th Street,,NEWARK,NJ,07107,9736888056,12/30/2025,12/31/2027,Active
26-66AJK-SHMO,Mold Remediation Contractor License (SH126),Creators NYC Contracting inc,,356 page ave,,Staten Island,NY,10307,3474170749,04/29/2026,04/30/2028,Active
24-637SI-SHMO,Mold Remediation Contractor License (SH126),Cross Island Field Services Inc,,1389 Hempstead Tpke,,Elmont,NY,11003,5163120958,12/09/2024,12/31/2026,Active
25-64SBG-SHMO,Mold Assessment Contractor License (SH125),Crown Mold Specialists LLC,,1830 east 14th street,,Brooklyn,NY,11229,7185781651,02/06/2025,02/28/2027,Active
24-6ZUED-SHMO,Mold Remediation Contractor License (SH126),Cunningham Duct Cleaning Co. Inc,,869 Sylvan Ave,,BAYPORT,NY,11705,6316656400,03/29/2024,03/31/2026,Expired
01835,Mold Remediation Contractor License (SH126),Custom Care Inc,,217 Knickerbocker Ave,,Bohemia,NY,11716,6316541225,04/13/2021,03/31/2024,Expired
23-6T887-SHMO,Mold Assessment Contractor License (SH125),D & R Restoration Corp.,,5 Patchogue Ave,,Patchogue,NY,11772,6312410173,04/10/2023,04/30/2025,Expired
25-64TFE-SHMO,Mold Remediation Contractor License (SH126),D.K. INTERIORS LTD,,58-18 203 street,,baysdie,NY,11364,9177337135,01/22/2025,01/31/2027,Active
26-63FZY-SHMO,Mold Assessment Contractor License (SH125),DAMAB TECHNOLOGIES AND SERVICES INC,,114-56 212 STREET,,CAMBRIA HEIGHTS,NY,11411,9012166081,07/15/2026,07/31/2028,Active
26-6SCFO-SHMO,Mold Remediation Contractor License (SH126),"DBR Services, Inc.",,2a Virginia ave,2a Virginia ave,Huntington,NY,11743,6315239581,08/07/2026,02/28/2028,Active
24-6A18B-SHMO,Mold Remediation Contractor License (SH126),DKR CONSTRUCTION CORP.,,185 SARATOGA AVENUE-M,,YONKERS,NY,10705,2122537331,06/24/2024,06/30/2026,Expired
01784,Mold Assessment Contractor License (SH125),DM Rite Service LLC,,115-60 204th Street,,SAINT ALBANS,NY,11412,3477769429,07/12/2019,10/31/2024,Expired
25-67ETD-SHMO,Mold Remediation Contractor License (SH126),"DPAC Enterprises, Inc.",1-800 Water Damage of Rochester NY,466 CHESTNUT RIDGE ROAD,,"Rochester , NY 14624",NY,14624,5857214347,11/12/2025,11/30/2027,Active
25-67XK3-SHMO,Mold Remediation Contractor License (SH126),DTM Projects Corp,,12 Briarwood Drive,,Huntington,NY,11743,6312915237,12/08/2025,12/31/2027,Active
23-6TXFI-SHMO,Mold Assessment Contractor License (SH125),Dakota Property Preservation & Home Improvement LLC,,15 E Cherry St,,Central Islip,NY,11787,6313505227,05/31/2023,05/31/2025,Expired
25-64UBU-SHMO,Mold Assessment Contractor License (SH125),Darren Sponable,Granite Peaks Home Inspections,10 Leander Ln,,Morrisonville,NY,12962,5182239920,01/28/2025,01/31/2027,Active
24-6ATL7-SHMO,Mold Remediation Contractor License (SH126),Dectech Mechanical Corp.,,340 saw mill river road,,Yonkers,NY,10701,9143493323,06/23/2024,06/30/2026,Expired
26-6ZXGZ-SHMO,Mold Remediation Contractor License (SH126),Degmor Enterprises Inc.,,1 12th St,,Brooklyn,NY,11215,2124310696,03/11/2026,03/31/2028,Active
24-63GZZ-SHMO,Mold Remediation Contractor License (SH126),Deluca Maintenance Company LLC,,20 Raynor Ave,,MOUNT VERNON,NY,10552,8454954321,09/13/2024,09/30/2026,Active
25-6HNYV-SHMO,Mold Remediation Contractor License (SH126),Demo Shark Inc,Shark Remediation Pros,770 Empire Blvd,,Brooklyn,NY,11213,3477338771,07/01/2025,07/31/2027,Active
26-6Z51B-SHMO,Mold Remediation Contractor License (SH126),DiMar Restoration Corp,MoldMd Solutions,141 Summerfield Street,,Scarsdale,NY,10583,9144973138,04/06/2026,04/30/2028,Active
23-6TOIR-SHMO,Mold Remediation Contractor License (SH126),Dino 626 Inc.,,"35 Barker Avenue, Apt 4E",,White Plains,NY,10601,9146233400,06/09/2023,06/30/2025,Expired
26-6Z16G-SHMO,Mold Remediation Contractor License (SH126),"Disaster Cleanup Services, Inc.",,1556 Ocean Avenue,,Bohemia,NY,11716,6319018856,04/01/2026,04/30/2028,Active
25-6ZH9S-SHMO,Mold Assessment Contractor License (SH125),"Discovery Inspections, LLC",,91 Orchard Street,,DELMAR,NY,12054,5182572212,09/03/2025,09/30/2027,Active
01769,Mold Assessment Contractor License (SH125),Dominick Esposito,,507 Corbin Place,,WEST ISLIP,NY,11795,6319216602,08/26/2022,08/31/2024,Expired
01251,Mold Assessment Contractor License (SH125),Dr. Mold Removal LLC,,450 E Edsall Blvd,,PALISADES PARK,NJ,07650,2123666666,09/24/2018,09/30/2024,Expired
00614,Mold Assessment Contractor License (SH125),"Drying Technologies, Inc.",,216 N Fehr Way,,Bayshore,NY,11706,6312315427,04/13/2016,04/30/2024,Expired
01794,Mold Remediation Contractor License (SH126),Dset Assoc LLC,,445 Central Ave Ste 304,,CEDARHURST,NY,11516,,11/13/2019,03/31/2025,Expired
24-63XQ8-SHMO,Mold Assessment Contractor License (SH125),Dulcinium LLC,,3397 E Tremont Ave,,Bronx,NY,10461,7187536322,10/17/2024,10/31/2026,Active
25-64ZIZ-SHMO,Mold Remediation Contractor License (SH126),"Dussan, Inc",AMCS Environmental,205 Brookville Ave,,Islip,NY,11751,6313337755,02/11/2025,02/28/2027,Active
25-6TKME-SHMO,Mold Assessment Contractor License (SH125),Dynamic GC Corp,SERVPRO of South Bronx,191 Willow Ave,,Bronx,NY,10454,3475909902,02/12/2025,04/30/2027,Active
01697,Mold Assessment Contractor License (SH125),E&E Contracting Corporation,,132-18-101 Ave,,SOUTH RICHMOND HILL,NY,11419,3479904077,02/14/2022,02/28/2024,Expired
26-6AKRL-SHMO,Mold Remediation Contractor License (SH126),EA Services Inc,,530 Church St,Suite 6,Ridgefield,NJ,07657,2019168713,05/08/2026,05/31/2028,Active
25-6HDJP-SHMO,Mold Remediation Contractor License (SH126),EC ABATEMENT INC.,,219-81 141st Ave,,Springfield Gardens,NY,11413,7189783800,07/07/2025,07/31/2027,Active
26-6SS1I-SHMO,Mold Assessment Contractor License (SH125),ECN Testing Corp,,266 Shear Hill Rd,,Mahopac,NY,10541,9145571879,01/21/2026,02/29/2028,Active
26-6Z6RR-SHMO,Mold Assessment Contractor License (SH125),"EFI Global, Inc.",,701 Penhorn Ave,Suite 4,Secaucus,NJ,07044,7326297930,05/05/2026,04/30/2028,Active
26-6ZGI4-SHMO,Mold Remediation Contractor License (SH126),EKA CONTRACTING LLC,,2038 169TH STREET,,WHITESTONE,NY,11357,3472007478,04/08/2026,04/30/2028,Active
00777,Mold Assessment Contractor License (SH125),"EN-TECH ASSOCIATES, INC.",,1111 W High Terrace,,Syracuse,NY,13219,3154691926,06/16/2016,06/30/2024,Expired
26-6zuvt-shmo,Mold Remediation Contractor License (SH126),"ENP Environmental, Inc.",,3280 Sunrise Hwy Ste 72,,Wantagh,NY,11793,5163942400,03/11/2026,03/31/2028,Active
26-6LSAU-SHMO,Mold Remediation Contractor License (SH126),"ESG, Inc.",,11-01 154th Street,,Whitestone,NY,11357,7187280369,01/21/2026,12/31/2027,Active
26-6I5BT-SHMO,Mold Remediation Contractor License (SH126),EST TRISH LLC     dba  Stanley Steemer of Syracuse,Stanley Steemer of Syracuse,6710 Commerce Blvd,,Syracuse,NY,13211,3158771250,03/16/2026,03/31/2028,Active
25-65SDX-SHMO,Mold Assessment Contractor License (SH125),EZ Mart Incorporated,EZ Green Solutions,2487 Gladmore Street,,East Meadow,NY,11554,9175616257,05/20/2025,05/31/2027,Active
24-64EF1-SHMO,Mold Assessment Contractor License (SH125),Earthwatch Environmental Consulting Inc,,145-48A 105th Ave,,JAMAICA,NY,11435,5169397681,12/30/2024,01/31/2027,Active
25-64Q4J-SHMO,Mold Remediation Contractor License (SH126),East End Environmental Corp,,143 Rumford Road,,Kings Park,NY,11754,6316507727,01/15/2025,01/31/2027,Active
23-6LLTJ-SHMO,Mold Assessment Contractor License (SH125),Eastern Home Inspections LLC,,93 Harbor Watch Court,,Sag Harbor,NY,11963,6313380500,11/15/2023,11/30/2025,Expired
00197,Mold Remediation Contractor License (SH126),"Ebenezer, Inc.",ServiceMaster by Meenan and Watertown,PO Box 224,,CANTON,NY,13617,3153868144,01/14/2016,01/31/2024,Expired
25-6UOIY-SHMO,Mold Assessment Contractor License (SH125),EcoPro Environmental Inc.,,51-19rd Street,,Woodside,NY,11377,7188803679,09/17/2025,09/30/2027,Active
25-6HPOC-SHMO,Mold Assessment Contractor License (SH125),Edward a Bruning,Signature Fusion,175 Bellerose Avenue,,East Northport,NY,11731,6316266097,08/14/2025,08/31/2027,Active
24-6AOBK-SHMO,Mold Assessment Contractor License (SH125),Elezi LLC,,40 Wyckoff Street,Apt 1,Brooklyn,NY,11201,3473457860,06/17/2024,06/30/2026,Expired
25-6TKGU-SHMO,Mold Remediation Contractor License (SH126),"Elite Restoration and Construction Inc,",,5008 Veterans Memorial Hwy,,Holbrook,NY,11741,6313103561,02/10/2025,02/28/2027,Active
24-6I1TV-SHMO,Mold Remediation Contractor License (SH126),"Emergency Enclosures, Inc.",,1464 Lake Avenue,,Rochester,NY,14615,5852624600,01/02/2024,01/31/2026,Expired
26-63GAU-SHMO,Mold Remediation Contractor License (SH126),Emiljano Construction INC,,2311 White Plains Road,apt 7,Bronx,NY,10467,3477916979,08/28/2026,09/30/2028,Active
24-64BVF-SHMO,Mold Assessment Contractor License (SH125),Blue Skies Home Inspections LLC,,93 East Sandford St,,YONKERS,NY,10704,6467610511,12/16/2024,02/28/2027,Active
26-6ZIKT-SHMO,Mold Remediation Contractor License (SH126),"BlueLine Disaster Solutions, Inc.",,1 Ora Avenue,,New Hartford,NY,13413,3155072140,04/20/2026,04/30/2028,Active
26-6IA5T-SHMO,Mold Assessment Contractor License (SH125),Bohlander Home Inspection Inc.,,15 Cedar Road,,Katonah,NY,10536,9149075180,01/14/2026,01/31/2028,Active
25-6UXMK-SHMO,Mold Remediation Contractor License (SH126),"Boomzeal Enterprises, Inc",United Water Restoration of LI Central,74 Bridge Rd.,,Islandia,NY,11749,6314944764,06/11/2025,06/30/2027,Active
25-64IL3-SHMO,Mold Remediation Contractor License (SH126),BreathePure LLC,,1304 Midland Avenue Apt. C70,,Yonkers,NY,10704,8456741719,02/05/2025,02/28/2027,Active
23-6UJFS-SHMO,Mold Remediation Contractor License (SH126),Bridgetower Restoration Inc.,,358 Broadway Suite 4,,Newark,NJ,07104,9733038117,07/31/2023,07/31/2025,Expired
00686,Mold Assessment Contractor License (SH125),"Brinkerhoff Environmental Services, Inc.",,1805 Atlantic Ave,,Manasquan,NJ,08736,7322232225,05/13/2016,05/31/2024,Expired
23-6TMY7-SHMO,Mold Assessment Contractor License (SH125),Brody Wood,B. Wood Home Inspections,510 Salt Rd,,Webster,NY,14580,6072214696,05/01/2023,05/31/2025,Expired
26-6ZP3U-SHMO,Mold Remediation Contractor License (SH126),Brooklyn9 Holdings LLC,RestoPros of Bergen & Passaic,111 Seminary Drive,,Mahwah,NJ,07430,2014307035,01/20/2026,03/31/2028,Active
01482,Mold Remediation Contractor License (SH126),Building Environment Service Technicians,,6968 State Highway 29,,DOLGEVILLE,NY,13329,,02/05/2020,03/31/2024,Expired
24-6ARAC-SHMO,Mold Remediation Contractor License (SH126),Bulldog Contracting Inc.,,8 Oak Ridge Ct,,Nesconset,NY,11767,6313616310,05/15/2024,05/31/2026,Expired
25-65PYX-SHMO,Mold Assessment Contractor License (SH125),Burgasser Consulting LLC,,10 Island Lane,,Canandaigua,NY,14424,5857395068,04/16/2025,04/30/2027,Active
25-6LENO-SHMO,Mold Assessment Contractor License (SH125),"C & S Engineers, Inc.",,499 Col. Eileen Collins Blvd.,,Syracuse,NY,13212,3154552000,10/27/2025,10/31/2027,Active
26-6SYDP-SHMO,Mold Remediation Contractor License (SH126),"C&C Unlimited, Inc.",,6 Simmons Lane,,Albany,NY,12204,5187295641,02/06/2026,02/29/2028,Active
26-6Z16V-SHMO,Mold Remediation Contractor License (SH126),C.K.&B. Environmental Incorporated,,1728 Putnam Ave,,Ridgewood,NY,11385,7183888070,02/17/2026,02/29/2028,Active
24-6ZFND-SHMO,Mold Remediation Contractor License (SH126),CB Consultant Group LLC,,232 Buffalo Ave,,Medford,NY,11763,6317909029,02/28/2024,02/28/2026,Expired
25-6HHK3-SHMO,Mold Remediation Contractor License (SH126),CG Spotless Cleaning LLC,,153 E 40th Street,,Brooklyn,NY,11203,3474699228,10/08/2025,10/31/2027,Active
25-67K6A-SHMO,Mold Remediation Contractor License (SH126),"CKG Associates, LLC",,232 Amity Road,,Woodbridge,CT,06525,2033010500,11/21/2025,11/30/2027,Active
25-6UD3J-SHMO,Mold Remediation Contractor License (SH126),CORWOOD SOLUTIONS LLC,,321 Single Drive,,N. Syracuse,NY,13212,3154472882,05/20/2025,05/31/2027,Active
26-6ZPJG-SHMO,Mold Assessment Contractor License (SH125),"CRAL Contracting, Inc.",,202 Twin Oaks Drive,STE 110,Syracuse,NY,13206,3156716006,01/21/2026,03/31/2028,Active
24-6AIFB-SHMO,Mold Remediation Contractor License (SH126),CSL Construction LLC,,7710 5th Ave,,North Bergen,NJ,07047,9739310068,07/03/2024,07/31/2026,Expired
24-6A4QX-SHMO,Mold Assessment Contractor License (SH125),CVE Enterprises LLC,Greenworks Environmental,"41 Watchung Plaza, Ste #253",,Montclair,NJ,07042,2123006283,07/25/2024,05/31/2026,Expired
26-69N5T-SHMO,Mold Assessment Contractor License (SH125),Caleb,CornerStone Property Inspections,85 S Judson St,,Gloversville,NY,12078,5189210857,06/03/2026,06/30/2028,Active
25-6IECS-SHMO,Mold Assessment Contractor License (SH125),"CanAm Environmental Safety, Inc.",,"42 Main St, Suite #1",,SCOTTSVILLE,NY,14546,5852613205,12/15/2025,12/31/2027,Active
25-6LATQ-SHMO,Mold Remediation Contractor License (SH126),Capital Restoration Services LLC,,31 Corliss Ave,,RENSSELAER,NY,12144,5183319201,11/28/2025,10/31/2027,Active
26-6LCA6-SHMO,Mold Remediation Contractor License (SH126),Cappa Inc,,4042 Secor Avenue,,Bronx,NY,10466,9175476778,08/25/2026,11/30/2027,Active
25-64ZA9-SHMO,Mold Assessment Contractor License (SH125),Casino Home Inspections LLC,,18 Hilltop Place,,Albertson,NY,11507,7186792750,02/11/2025,02/28/2027,Active
26-69JRP-SHMO,Mold Remediation Contractor License (SH126),Category 3 LLC,,51 Joan Ave,,Centereach,NY,11720,6315125238,06/23/2026,06/30/2028,Active
25-646XL-SHMO,Mold Remediation Contractor License (SH126),CertaClean Restoration LLC,,400 Glen Cove Ave,,Sea Cliff,NY,11579,5165079211,03/04/2025,03/31/2027,Active
26-6Z7PE-SHMO,Mold Remediation Contractor License (SH126),Certified Management & Maintenance Corp,,5318 Avenue N,,Brooklyn,NY,11234,7188591800,03/10/2026,03/31/2028,Active
23-6TJ7U-SHMO,Mold Remediation Contractor License (SH126),Certified Mold Services Inc,,15 Stillo Dr,,MONSEY,NY,10952,7187498464,04/25/2023,04/25/2025,Expired
26-6UP9I-SHMO,Mold Remediation Contractor License (SH126),Chards Division IT LLC,,300 Cadman Plaza West,12th Floor,Brooklyn,NY,11201,3476255777,05/18/2026,05/31/2028,Active
00253,Mold Remediation Contractor License (SH126),"Choice Commercial Cleaning, Inc",AMH Restoration,"60 N Harrison Ave, Suite 27",,CONGERS,NY,10920,8452685660,01/19/2016,01/31/2024,Expired
26-668G1-SHMO,Mold Assessment Contractor License (SH125),Chrishanna Home & Life Safety Inspections LLC,,934 Main Street,,Farmingdale,NY,11735,7187533222,03/04/2026,03/31/2028,Active
26-6AZKH-SHMO,Mold Remediation Contractor License (SH126),"Citywide Environmental Services, LLC",,151-17 6th Road,,Whitestone,NY,11357,7182372849,07/07/2026,07/31/2028,Active
24-6AZSH-SHMO,Mold Assessment Contractor License (SH125),Clawback Inc.,,444e Heritage Hills,,SOMERS,NY,10589,9146736920,07/15/2024,08/31/2026,Expired
25-6UXPF-SHMO,Mold Remediation Contractor License (SH126),Clean Air Solutions Group Corp.,,387 Saint James Street,,Holbrook,NY,11741,5164246186,04/18/2025,05/31/2027,Active
23-6L8P7-SHMO,Mold Remediation Contractor License (SH126),Clean Remediation Corp.,,208 Mount Vernon Ave,,Medford,NY,11763,6315530803,10/25/2023,10/31/2025,Expired
26-6ACF3-SHMO,Mold Remediation Contractor License (SH126),CleanNYC Lead and Mold Solutions LLC,,841 Knickerbocker Ave,,Brooklyn,NY,11207,2123816001,07/15/2026,07/31/2028,Active
26-66LRX-SHMO,Mold Remediation Contractor License (SH126),Clear The Air Remediation Inc.,,6 Kings Court,,Orchard Park,NY,14127,7165234165,04/14/2026,04/30/2028,Active
24-6AUPT-SHMO,Mold Assessment Contractor License (SH125),Coast 2 Coast Restoration LLC,Restoration 1,20 Pinehurst Dr,,BELLPORT,NY,11713,6319045000,06/27/2024,06/30/2026,Expired
26-69Y3A-SHMO,Mold Remediation Contractor License (SH126),Coastal Renewal Corp.,PuroClean of Whitestone,8217 153rd Avenue,STE 204,Howard Beach,NJ,11414,5519987982,05/28/2026,05/31/2028,Active
26-67I5F-SHMO,Mold Remediation Contractor License (SH126),Cobra Property Management,Cobra Property Management,201 N. State St,,Syracuse,NY,13204,3477771185,01/02/2026,01/31/2028,Active
25-6HN4G-SHMO,Mold Assessment Contractor License (SH125),"Columbia-Greene Home Inspections, LLC",,1326 US Route 9,,Hudson,NY,12534,5185984861,07/03/2025,07/31/2027,Active
01283,Mold Remediation Contractor License (SH126),Complete Restoration Corp,,37 Northern Blvd,,STATEN ISLAND,NY,10301,9175675140,11/29/2018,11/30/2024,Expired
24-63UDT-SHMO,Mold Assessment Contractor License (SH125),"Concord Group, LLC",,43793 Sweet Cherry Lane,,CANTON,MI,48188,2489748495,11/04/2024,11/30/2026,Active
26-6ZXGJ-SHMO,Mold Assessment Contractor License (SH125),Consulting and Testing Services Inc.,,237 West 35th Street,Suite 1004,New York,NY,10001,2129717016,02/25/2026,02/29/2028,Active
25-6UYA6-SHMO,Mold Remediation Contractor License (SH126),Cordent LLC,Cordent Organic,101 Standish Drive,,North Syracuse,NY,13212,3156574889,08/21/2025,08/31/2027,Active
26-667KP-SHMO,Mold Assessment Contractor License (SH125),Cornerstone Testing Solutions LLC.,,82-11 37th Ave.,Suite LL19,Jackson Heights,NY,11372,9295009310,05/15/2026,05/31/2028,Active
26-6641Z-SHMO,Mold Assessment Contractor License (SH125),Craftsman Home Remodeling,,695 Elmgrove Road,,Rochester,NY,14606,5857492688,05/06/2026,05/31/2028,Active
24-6ZEVZ-SHMO,Mold Assessment Contractor License (SH125),Crisp Quality Construction Inc,,34 East Main Street,,Smithtown,NY,11787,6312922129,03/06/2024,03/31/2025,Expired
24-6AXN1-SHMO,Mold Assessment Contractor License (SH125),Cross Island Field Services Inc,,1389 Hempstead Tpke,,Elmont,NY,11003,5163120958,06/14/2024,05/31/2026,Expired
25-64SBS-SHMO,Mold Remediation Contractor License (SH126),Crown Mold Specialists LLC,,1830 east 14th street,,Brooklyn,NY,11229,7185781651,02/06/2025,02/28/2027,Active
25-6ud3d-shmo,Mold Remediation Contractor License (SH126),"Curatola Contracting, Inc.",Rainbow International of Staten Island,220 Industrial Loop,,STATEN ISLAND,NY,10309,7183517065,07/29/2025,07/31/2027,Active
26-6S6RZ-SHMO,Mold Remediation Contractor License (SH126),Custom Care Inc,,217 Knickerbocker Ave,,Bohemia,NY,11716,6316541225,04/15/2026,04/30/2028,Active
26-6ZIOR-SHMO,Mold Remediation Contractor License (SH126),D&O Restoration Services Inc,,808 Taylor Ave,,East Patchogue,NY,11772,6314047286,03/24/2026,03/31/2028,Active
00319,Mold Assessment Contractor License (SH125),D.R. Environmental LLC,,26 Bridle Lane,,CHESTER,NY,10918,8455903261,02/03/2016,03/31/2024,Expired
26-63G3I-SHMO,Mold Remediation Contractor License (SH126),"DASO Green Technologies, Inc.",,4204 215th Place,1st Floor,Bayside,NY,11361,9294723899,08/12/2026,08/31/2028,Active
26-675S7-SHMO,Mold Remediation Contractor License (SH126),DEEMOLD INC,,7 Hybrid Rd,,Monsey,NY,10952,8458289307,01/22/2026,01/31/2028,Active
26-66KP6-SHMO,Mold Assessment Contractor License (SH125),DLG Home Insights LLC,Home Team of Southern Westchester,8 Roosevelt Dr,,Bedford Hills,NY,10507,9147023548,03/13/2026,03/31/2028,Active
26-6scb7-shmo,Mold Assessment Contractor License (SH125),DMGJ CORP,,2 Trebor rd,,Massapequa,NY,11758,3476712654,03/25/2026,03/31/2028,Active
25-6UTMY-SHMO,Mold Remediation Contractor License (SH126),DTG Newark LLC,DTG EcoSafe,1704 Flatbush Ave,,Brooklyn,NY,11210,8004228051,09/04/2025,09/30/2027,Active
24-63XKQ-SHMO,Mold Assessment Contractor License (SH125),Dad and Daughters Home Inspection LLC,,156 Bedell Ave,,Staten Island,NY,10307,9175593864,10/16/2024,10/31/2026,Active
26-66PO9-SHMO,Mold Assessment Contractor License (SH125),"Dan W's Inspections, INC.",HomeTeam Inspection Service of Central Long Island,487 Joan St,,Ronkonkoma,NY,11779,6319448555,03/25/2026,03/31/2028,Active
00202,Mold Remediation Contractor License (SH126),David's Designs LLC,Big Apple Mold Services,1953 East 27th St,,BROOKLYN,NY,11229,7182132789,01/08/2016,04/30/2024,Expired
26-6ZH73-SHMO,Mold Remediation Contractor License (SH126),"Deep Clean Restoration, LLC",SERVPRO of North Rensselaer/South Washinton Couties,"1043 HW 22 Cambridge, NY 12816",,Cambridge,NY,12816,5186773444,03/12/2026,03/31/2028,Active
26-69JYP-SHMO,Mold Remediation Contractor License (SH126),"Delete 86 Environmental, LLC",,111 Cheney Street,,Jamestown,NY,14701,7164502811,06/23/2026,06/30/2028,Active
24-63GZI-SHMO,Mold Assessment Contractor License (SH125),Deluca Maintenance Company LLC,,20 Raynor Ave,,MOUNT VERNON,NY,10552,8454954321,09/13/2024,09/30/2026,Active
23-6UEUB-SHMO,Mold Assessment Contractor License (SH125),Desired Home Inspections LLC,,"315 Flatbush Ave, 344",,BROOKLYN,NY,11217,9173749956,07/27/2023,01/31/2025,Expired
24-6SU3R-SHMO,Mold Assessment Contractor License (SH125),"Dickinson Environmental Consulting, LLC",,Po box 25,,ROMULUS,NY,14541,8004912008,02/13/2024,02/28/2026,Expired
24-64EFP-SHMO,Mold Assessment Contractor License (SH125),Dino 626 Inc.,,"35 Barker Avenue, Apt 4E",,White Plains,NY,10601,9146233400,12/30/2024,11/30/2026,Active
23-6U6ZI-SHMO,Mold Remediation Contractor License (SH126),Disaster Pro Inc.,Tristate Restoration,157 Babylon Turnpike,,Roosevelt,NY,11575,5169332783,10/16/2023,10/31/2025,Expired
23-6TQYJ-SHMO,Mold Assessment Contractor License (SH125),"Distinct Engineering Solutions, Inc.",,425 Old Georges Rd,,North Brunswick,NJ,08902,,05/22/2023,05/31/2025,Expired
25-6UJFH-SHMO,Mold Remediation Contractor License (SH126),Douglass Construction Corp,,160 6th Street,,Hicksville,NY,11801,9175942637,05/29/2025,05/31/2027,Active
01778,Mold Remediation Contractor License (SH126),Dr. Mold Removal LLC,,450 E Edsall Blvd,,PALISADES PARK,NJ,07650,2123666666,09/24/2018,09/30/2024,Expired
24-63U44-SHMO,Mold Remediation Contractor License (SH126),"Drying Technologies, Inc.",,216 N Fehr Way,,Bayshore,NY,11706,6312315427,11/06/2024,11/30/2026,Active
25-64K5E-SHMO,Mold Assessment Contractor License (SH125),Dset Assoc LLC,,445 Central Ave Ste 304,,CEDARHURST,NY,11516,,01/06/2025,03/31/2027,Active
24-63XQG-SHMO,Mold Remediation Contractor License (SH126),Dulcinium LLC,,3397 E Tremont Ave,,Bronx,NY,10461,7187536322,10/17/2024,10/31/2026,Active
01511,Mold Assessment Contractor License (SH125),Dustin C Van Alphen,Capital Region Home Inspection,159 Le Loup Road,,MELROSE,NY,12121,5187510386,05/04/2020,05/31/2024,Expired
25-6SDOX-SHMO,Mold Remediation Contractor License (SH126),Dynamics Development Services Inc,,"557 Grand Concourse, Ste 3-51",,BRONX,NY,10451,7189061055,12/05/2025,12/31/2027,Active
26-6Z6GC-SHMO,Mold Remediation Contractor License (SH126),"E-Z Flow Gutters, LLC",E-Z Flow Innovations,1059 Main Street,,Fishkill,NY,12524,8455544785,04/14/2026,04/30/2028,Active
01528,Mold Assessment Contractor License (SH125),EA Services Inc,,530 Church St,Suite 6,Ridgefield,NJ,07657,2019168713,08/05/2020,08/31/2024,Expired
01725,Mold Remediation Contractor License (SH126),EC Abatement Inc.,,219-48 141 Ave.,,Springfield Gardens,NY,11413,7189783800,03/29/2022,03/31/2024,Expired
25-6HP5G-SHMO,Mold Assessment Contractor License (SH125),ECOSCAN ASSESSORS INC.,,2607 AVENUE O,5E,BROOKLYN,NY,11210,3478734365,08/15/2025,08/31/2027,Active
25-6UJAA-SHMO,Mold Assessment Contractor License (SH125),EGR Environmental Inc.,,1971 Lenox Ave,,East Meadow,NY,11554,9176279374,06/11/2025,06/30/2027,Active
25-64XXK-SHMO,Mold Remediation Contractor License (SH126),ELITE H. RENOVATION LLC,,161 SAW MILL RIVER RD,SUITE 208,YONKERS,NY,10701,3475357742,01/16/2025,01/31/2027,Active
26-69J86-SHMO,Mold Assessment Contractor License (SH125),"EN-TECH ASSOCIATES, INC.",,1111 W High Terrace,,Syracuse,NY,13219,3154691926,06/23/2026,06/30/2028,Active
26-6IE98-SHMO,Mold Remediation Contractor License (SH126),ENVIROBLISS CONSULTING INC.,ENVIROBLISS,1481 EAST 33RD STREET,,BROOKLYN,NY,11234,9177558387,01/21/2026,12/31/2027,Active
25-6IPBU-SHMO,Mold Assessment Contractor License (SH125),"ESIS, Inc.",,436 Walnut St,,PHILADELPHIA,PA,19106,2156404079,12/30/2025,12/31/2027,Active
26-66QQN-SHMO,Mold Assessment Contractor License (SH125),ET ENVIRO LLC,,34 Smith St,,Babylon,NY,11702,8443326832,03/27/2026,03/31/2028,Active
25-6U1HO-SHMO,Mold Assessment Contractor License (SH125),Earlybird Environmental LLC,,370 Stone Quarry Rd,,ITHACA,NY,14850,9179419978,07/17/2025,07/31/2027,Active
01783,Mold Assessment Contractor License (SH125),"East Centers of NY, LLC",,25 Queensland Dr,,SPENCERPORT,NY,14559,5854351881,09/30/2022,09/30/2024,Expired
26-673XL-SHMO,Mold Remediation Contractor License (SH126),East End Flood & Fire Restoration LLC,,3 Railroad Avenue,,East Hampton,NY,11937,6316202578,01/15/2026,01/31/2028,Active
25-64TFK-SHMO,Mold Remediation Contractor License (SH126),"Eastern Pro Contracting, LLC",,941 McLean Ave,Suite 104,Yonkers,NY,10704,9142689353,01/22/2025,12/31/2026,Active
24-6ATA4-SHMO,Mold Assessment Contractor License (SH125),Ebeno Studios Corp,,"3615 Palisade Ave, Apt 3F",,Union City,NJ,07087,7547039520,06/24/2024,06/30/2026,Expired
25-61vpb-shmo,Mold Remediation Contractor License (SH126),"Edelweiss Khust, Inc",,440 East 9th Street Suite 1f,,Brooklyn,NY,11218,9293538505,10/24/2025,10/31/2027,Active
01730,Mold Assessment Contractor License (SH125),Edwards Environmental Services LLC,,310 Myers Corners Rd,,WAPPINGERS FALLS,NY,12590,8454537393,05/19/2022,05/31/2024,Expired
24-6AOBP-SHMO,Mold Remediation Contractor License (SH126),Elezi LLC,,40 Wyckoff Street,Apt 1,Brooklyn,NY,11201,3473457860,06/17/2024,06/30/2026,Expired
23-6UCBZ-SHMO,Mold Assessment Contractor License (SH125),Elloheim Miller,Mold Buster Environmental,821 Kingsland Lane,,Fort Lee,NJ,07024,7187089324,08/09/2023,08/31/2025,Expired
24-6Z4UK-SHMO,Mold Remediation Contractor License (SH126),"Emergency Service Group 2, Inc.",,185 Summerfield Street,,Scarsdale,NY,10583,5614139754,04/16/2024,04/30/2026,Expired
23-6TQIA-SHMO,Mold Remediation Contractor License (SH126),Empire Abatement corp,,1558 51st Street,,BROOKLYN,NY,11219,9177456481,05/25/2023,08/31/2024,Expired
26-6ZPKK-SHMO,Mold Assessment Contractor License (SH125),Empire B & D Inc.,Empire Development,5889 Magnolia Stedman Rd,,Mayville,NY,14757,7167892097,01/29/2026,01/31/2028,Active
26-66HGV-SHMO,Mold Assessment Contractor License (SH125),Empire Inspectors LLC,,4 Taber Rd,,Shertman,CT,06784,9144338428,05/12/2026,05/31/2028,Active
25-6T89U-SHMO,Mold Assessment Contractor License (SH125),EnTech Engineering PC,,17 State St 36th Fl,,NEW YORK,NY,10004,6467220000,06/20/2025,06/30/2027,Active
25-6SDTH-SHMO,Mold Assessment Contractor License (SH125),"Energy & Environment, LLC",,"6443 Ridings Road, Suite 134",,Syracuse,NY,13206,3155692139,12/17/2025,12/31/2027,Active
25-6IJdc-shmo,Mold Remediation Contractor License (SH126),Enviral Restoration Fire and Water Corp.,,1507-13 Smithtown ave,,BOHEMIA,NY,11716,6315534224,12/08/2025,12/31/2027,Active
24-6A7QK-SHMO,Mold Assessment Contractor License (SH125),Enviro Solutions Inc.,,1781 Route 300,,Newburg,NY,12550,9735925706,08/06/2024,04/30/2026,Expired
26-6ZGCA-SHMO,Mold Assessment Contractor License (SH125),"Enviro-Test, Inc.",,77 Broadway,Suite A,Amityville,NY,11701,6317745296,03/04/2026,03/31/2028,Active
26-6AA3F-SHMO,Mold Remediation Contractor License (SH126),EnviroNYC Corp.,,74 Meade Loop,,Staten Island,NY,10309,3476995323,07/10/2026,07/31/2028,Active
01733,Mold Assessment Contractor License (SH125),Enviromax LLC,,119 Melville Ave,,Lakewood,NJ,08701,4435373593,06/01/2022,06/30/2024,Expired
25-6IKUS-SHMO,Mold Assessment Contractor License (SH125),"Environmental Assessments + Solutions, Inc.",,144 Euclid Ave,,ARDSLEY,NY,10502,9144781717,10/17/2025,10/31/2027,Active
26-6SXBX-SHMO,Mold Remediation Contractor License (SH126),"Environmental Construction Group, Inc.",,14109 West Avenue,,Albion,NY,14411,5856574223,01/21/2026,01/31/2028,Active
25-6UTJK-SHMO,Mold Assessment Contractor License (SH125),Environmental Investigators LLC,,266 W 123rd St #3C,,NEW YORK,NY,10027,6464884318,09/02/2025,09/30/2027,Active
26-6S7AN-SHMO,Mold Assessment Contractor License (SH125),"Environmental Management Solutions of New York, Inc.",,3 Forester Avenue,#49,Warwick,NY,10990,9147696333,02/04/2026,02/29/2028,Active
25-6UXG8-SHMO,Mold Assessment Contractor License (SH125),"Environmental Tactics, Inc.",,64 Broad Street,,Matawan,NJ,07747,7322902217,04/21/2025,04/30/2027,Active
25-6LQDQ-SHMO,Mold Remediation Contractor License (SH126),"Envirosafe Inspections and Solutions, LLC",,4617 Allens Hill Road,,Honeoye,NY,14471,5857044385,12/29/2025,12/31/2027,Active
26-67SU7-SHMO,Mold Remediation Contractor License (SH126),Envirotech Mold & Lead Corp,,216 congers road #205,,new city,NY,10956,3057858065,01/06/2026,01/31/2028,Active
25-6TOBT-SHMO,Mold Remediation Contractor License (SH126),"Ergul Construction, Inc.",,"1279 E 17th Street, Ste EE",,Brooklyn,NY,11230,7183771943,02/20/2025,02/28/2027,Active
25-65LJ9-SHMO,Mold Remediation Contractor License (SH126),"Erin Family Construction, Inc.",,3 fieldstone Drive #95,,HARTSDALE,NY,10530,9149633314,05/13/2025,05/31/2027,Active
25-6u8gu-shmo,Mold Assessment Contractor License (SH125),"Essential Home Inspections, LLC",,6711 Harmony Dr,,Fayetteville,NY,13066,3154215707,10/06/2025,10/31/2027,Active
25-678SP-SHMO,Mold Remediation Contractor License (SH126),Everserve Property Services Inc.,Rainbow International of Onondaga and Oswego Counties,133 Wakefield Ln,,Ava,NY,13303,3155646000,11/10/2025,11/30/2027,Active
25-6IPGJ-SHMO,Mold Assessment Contractor License (SH125),Exclusive Testing Labs Inc,,60 Brook St,,CROTON ON HUDSON,NY,10520,7182392347,12/10/2025,12/31/2027,Active
01729,Mold Assessment Contractor License (SH125),Exit Repairs Corp,,"2530 Ocean Ave, Ste 11A",,BROOKLYN,NY,11229,9293394316,05/19/2022,09/30/2024,Expired
26-6L9LU-SHMO,Mold Remediation Contractor License (SH126),Expert Environmental & Construction Group LLC,,620 Park Ave,Suite 135,Rochester,NY,14607,8003977914,01/08/2026,01/31/2028,Active
25-6HJHZ-SHMO,Mold Remediation Contractor License (SH126),Express Mold Removal Corp.,,82-45 212th Street,,Queens Village,NY,11427,7187727725,07/30/2025,08/31/2026,Expired
26-6SAPF-SHMO,Mold Assessment Contractor License (SH125),F.W. Webb Company,,832 Dyer Avenue,,Cranston,RI,02920,4017327600,01/23/2026,01/31/2028,Active
25-671DI-SHMO,Mold Assessment Contractor License (SH125),FIRE SHIELD RESTORATION LLC,,Post Office Box 100621,,Brooklyn,NY,11210,3474418539,12/17/2025,12/31/2027,Active
26-66QQU-SHMO,Mold Assessment Contractor License (SH125),FOUNDATION FIRST INSPECTIONS LLC,,1 W Kenmar Road,,Menands,NY,12204,5188108283,03/27/2026,03/31/2028,Active
23-61VG6-SHMO,Mold Remediation Contractor License (SH126),FR Remediation LLC,,1244 E 32nd Street,,Brooklyn,NY,11210,3474070295,09/29/2023,09/30/2025,Expired
25-6UJXN-SHMO,Mold Assessment Contractor License (SH125),Febeosa Environmental Services LLC,,5022 Avenue D,,BROOKLYN,NY,11203,9294340660,07/18/2025,07/31/2027,Active
26-6ZCUQ-SHMO,Mold Assessment Contractor License (SH125),Filtrite Maintenance Inc.,Filtrite,1471 Hempstead Tpke,,Elmont,NY,11003,5163286088,03/10/2026,03/31/2028,Active
24-6ZEOC-SHMO,Mold Assessment Contractor License (SH125),Finger Lakes Mold Assessments LLC,,10 Malin Lane,,Penfield,NY,14526,5856834665,03/06/2024,03/31/2026,Expired
26-6AC74-SHMO,Mold Remediation Contractor License (SH126),"First Choice Restoration of Clinton County, LLC",,9409 State Route 9,,Chazy,NY,12921,5188463332,06/29/2026,06/30/2028,Active
26-69F5B-SHMO,Mold Assessment Contractor License (SH125),First Response Home Services LLC,,1219 7th Street,,West Babylon,NY,11704,6315875300,06/11/2026,06/30/2028,Active
25-6UXMR-SHMO,Mold Assessment Contractor License (SH125),Five Star Environmental Inc,,"7600 Shore Front Pkwy, 10N",,ARVERNE,NY,11692,7185515989,09/02/2025,09/30/2027,Active
25-6TT8G-SHMO,Mold Remediation Contractor License (SH126),Flower City Monitor Services Ltd.,,"25 Canterbury Rd, Ste 203",,ROCHESTER,NY,14607,5855036944,06/23/2025,06/30/2027,Active
25-6TKEB-SHMO,Mold Remediation Contractor License (SH126),Ford Fam productions LLC,Stanley Steemeer,2319 Genesee St,,BUFFALO,NY,14225,6106371987,03/10/2025,03/31/2027,Active
26-66BE4-SHMO,Mold Assessment Contractor License (SH125),Foxy Inspections LLC,,39 Berwynn Rd Apt B8,,Harriman,NY,10926,8456185328,02/11/2026,02/29/2028,Active
24-6SDLN-SHMO,Mold Assessment Contractor License (SH125),Free Ink. Limited Liability Company,,115 Denniston Drive,,New Windsor,NY,12553,9146714937,01/30/2024,01/31/2026,Expired
25-65IOG-SHMO,Mold Assessment Contractor License (SH125),FrontLine Restore LLC,,215 W Hoffman Ave,,Lindenhurst,NY,11757,6315577700,05/16/2025,05/31/2027,Active
24-6AQAU-SHMO,Mold Assessment Contractor License (SH125),"Fuss & O'Neill, Inc.",,1 Financial Plaza,15th Floor,Hartford,CT,06103,8606462469,06/12/2024,06/30/2026,Expired
26-63P7H-SHMO,Mold Remediation Contractor License (SH126),G-Net Construction Corp,,360 Targee Street,,Staten Island,NY,10304,7184477878,03/12/2026,03/31/2028,Active
25-6L8QO-SHMO,Mold Remediation Contractor License (SH126),G.C. Upstate Environmental Solutions Corp,,196 Laurel Road,,East Northport,NY,11731,6313920626,09/12/2025,09/30/2027,Active
25-6IF31-SHMO,Mold Assessment Contractor License (SH125),"GCI Environmental Advisory, Inc.",,122 East 42nd Street,,New York,NY,10168,2129869460,12/09/2025,12/31/2027,Active
24-6ZXKH-SHMO,Mold Remediation Contractor License (SH126),GK Equity Holdings Inc.,,133 Crystal Beach Blvd,,MORICHES,NY,11955,,03/21/2024,12/31/2025,Expired
26-6AZDZ-SHMO,Mold Remediation Contractor License (SH126),GM Enterprise Corp,,33 Curie Ave,,Wallington,NJ,07057,9733435799,07/20/2026,07/31/2028,Active
00806,Mold Assessment Contractor License (SH125),GOTHAM INSPECTIONS LLC,,84 HENRY STREET,,ROOSEVELT,NY,11575,5164247628,07/14/2016,07/31/2024,Expired
24-64DVX-SHMO,Mold Remediation Contractor License (SH126),GREEN ISLAND GROUP CORPORATIVE INC.,,380 central ave,,bohemia,NY,11716,6314563720,12/18/2024,12/31/2026,Active
25-6LTDU-SHMO,Mold Assessment Contractor License (SH125),"Gallagher Bassett Services, Inc.",,2850 Golf Road,,ROLLING MEADOWS,IL,60008,2126319000,12/11/2025,12/31/2027,Active
24-64BY3-SHMO,Mold Remediation Contractor License (SH126),Garrity Contracting LLC,,"40 E 94st Street, 15C",,NEW YORK,NY,10128,2127223468,12/13/2024,12/31/2026,Active
01486,Mold Assessment Contractor License (SH125),Genesys Construction Corp,,263 80th Street,,Brooklyn,NY,11209,7183962700,03/03/2020,03/31/2024,Expired
25-6t8ij-shmo,Mold Remediation Contractor License (SH126),George F Dunlop Jr,Tri-State Mold Remediation of Orange County,259 Fostertown Rd,"Newburgh, NY 12550",Newburgh,NY,12550,8457846717,04/18/2025,04/30/2027,Active
23-6UMF5-SHMO,Mold Remediation Contractor License (SH126),Global Restoration Services Inc,,360-2 Knickerbocker Ave,,BOHEMIA,NY,11716,6312957133,08/07/2023,06/30/2025,Expired
26-66RIF-SHMO,Mold Remediation Contractor License (SH126),Goldberg Preservation Services LLC,,182 Florentia East,,Corning,NY,14830,6073683903,02/24/2026,02/29/2028,Active
26-6ZX59-SHMO,Mold Remediation Contractor License (SH126),Goldstar Restoration LLC,,1733 Flatbush Ave,,Brooklyn,NY,11210,7187474341,04/21/2026,04/30/2028,Active
26-6I38I-SHMO,Mold Remediation Contractor License (SH126),Grayson Estates Enterprises LLC,Gray's Environmental & Construction,17 Oakwood Blvd,,Clifton Park,NY,12065,5182650536,03/17/2026,03/31/2028,Active
26-6LJIQ-SHMO,Mold Assessment Contractor License (SH125),Green Earth Environmental Consultants LLC,,342 Orchard Road,,Jefferson Valley,NY,10535,6462595663,01/21/2026,01/31/2028,Active
00891,Mold Remediation Contractor License (SH126),Green Island Group Corporative Inc.,,45-7 Knickerbocker Ave,,Bohemia,NY,11716,6312565711,11/01/2016,11/30/2024,Expired
26-6ST1P-SHMO,Mold Assessment Contractor License (SH125),"Green Path Environmental, Inc.",GPE,26 Ramblewood Avenue,,Staten island,NY,10308,3472762339,03/10/2026,03/31/2028,Active
25-6SC86-SHMO,Mold Remediation Contractor License (SH126),Green Tree Environmental LLC,,356 Paradise Road,,CENTRAL SQUARE,NY,13036,,12/29/2025,12/31/2027,Active
24-63RRY-SHMO,Mold Remediation Contractor License (SH126),Greenfield USA Corp.,,3010 Grand Avenue,,Baldwin,NY,11510,7189970555,09/04/2024,03/31/2026,Expired
24-631FQ-SHMO,Mold Assessment Contractor License (SH125),Gregory Sanchez,Certified Home Inspections,36 E Claremont Dr,,VOORHEESVILLE,NY,12186,5187652042,10/30/2024,03/31/2025,Expired
24-6S5P8-SHMO,Mold Assessment Contractor License (SH125),Guardian Angel Home Inspection Services NYPA LLC,,223 N Evergreen Drive,,Selden,NY,11784,6313463729,02/20/2024,12/31/2025,Expired
00453,Mold Assessment Contractor License (SH125),"H & H Environmental Construction & Consulting, Inc.",,645 Route 212,,SAUGERTIES,NY,12477,8457070265,03/15/2016,03/31/2024,Expired
25-6IEC1-SHMO,Mold Assessment Contractor License (SH125),H.N.S.T. Mold Inspections LLC,,15 Johnsontown Rd,,SLOATSBURG,NY,10974,8452159258,12/24/2025,12/31/2027,Active
25-67QAE-SHMO,Mold Assessment Contractor License (SH125),HATZLOCHA INC.,,88 Forshay Road,,Monsey,NY,10952,8453647277,12/05/2025,12/31/2027,Active
23-6IR96-SHMO,Mold Assessment Contractor License (SH125),HFK Safety Corp,,202 Springmeadow Drive,Unit C,Holbrook,NY,11741,2013148592,12/11/2023,12/31/2025,Expired
24-63EVV-SHMO,Mold Remediation Contractor License (SH126),HONEY CONSTRUCTION NY INC,,135-16 124TH STREET,,SOUTH OZONE PARK,NY,11420,9173462689,09/19/2024,11/30/2026,Active
25-645JQ-SHMO,Mold Assessment Contractor License (SH125),Hamilton Home Services LLC,,196 Hoosick Junction Rd.,,Hoosick Falls,NY,12090,9789065713,02/24/2025,02/28/2027,Active
23-6UYSO-SHMO,Mold Assessment Contractor License (SH125),Harisi Energy LLC,,55 Broad St,,Amsterdam,NY,12010,2038418476,06/22/2023,06/30/2025,Expired
24-6Z3XF-SHMO,Mold Remediation Contractor License (SH126),Hazardous Solutions Inc.,,101 CENTER STREET,,ONEONTA,NY,13820,9174207202,04/12/2024,04/30/2026,Expired
01550,Mold Assessment Contractor License (SH125),Healthy Home Restoration LLC,,143 Wyckoff Pl,,WOODMERE,NY,11598,5162061600,10/15/2020,10/31/2024,Expired
26-66SFQ-SHMO,Mold Remediation Contractor License (SH126),Hearthstone Property Maintenance Inc,,123 smith street,,poughkeepsie,NY,12601,6462797516,04/21/2026,04/30/2028,Active
25-6TPMU-SHMO,Mold Remediation Contractor License (SH126),"Hemco Environmental, LLC",,466 Main Street,LL60,New Rochelle,NY,10801,8774362636,05/27/2025,05/31/2027,Active
26-6ZUKH-SHMO,Mold Remediation Contractor License (SH126),Hi-Tech Environmental LLC,,320 Roebling Street,#232,Brooklyn,NY,11211,9179037288,02/19/2026,02/29/2028,Active
26-63TDQ-SHMO,Mold Remediation Contractor License (SH126),High Rock Contracting Inc.,,"2080 Fairport Nine Mile Point Rd, Suite 75",,Penfield,NY,14526,5852366140,08/04/2026,08/31/2028,Active
26-6ZVU4-SHMO,Mold Assessment Contractor License (SH125),"Hillmann Consulting, LLC",,1600 Route 22 East,Suite 107,Union,NJ,07083,9086887800,01/08/2026,03/31/2028,Active
24-63KKF-SHMO,Mold Assessment Contractor License (SH125),Hollis Home Inspection LLC,,2214 13th Street,,Troy,NY,12180,5184216069,09/27/2024,09/30/2026,Active
26-66DSU-SHMO,Mold Remediation Contractor License (SH126),Home Restoration Services LLC,,99 lynncliff rd,,hampton bays,NY,11946,6318333904,02/20/2026,02/29/2028,Active
24-6A4AG-SHMO,Mold Remediation Contractor License (SH126),Home-Ready Restoration LLC,Home-Ready Restoration LLC,200 Craig Avenue,,Freeport,NY,11520,9174098140,07/26/2024,07/31/2026,Expired
25-6tp94-shmo,Mold Assessment Contractor License (SH125),Homexpert Property Services LLC,,287 East Rockaway Rd,,Hewlett,NY,11557,5163065706,04/30/2025,05/31/2027,Active
24-63TH3-SHMO,Mold Remediation Contractor License (SH126),"Housing Preservation Services, LLC",,1069 East 29 St,,BROOKLYN,NY,11210,3479211477,10/29/2024,10/31/2026,Active
25-644B7-SHMO,Mold Assessment Contractor License (SH125),Hudson Valley Home Inspections LLC.,,28 Lakeview Dr,,Newburgh,NY,12550,8458633326,02/19/2025,02/28/2027,Active
23-6UUN5-SHMO,Mold Remediation Contractor License (SH126),Hudson Valley Restoration Services LLC,,189 Farraget Cir,,New Rochelle,NY,10801,9146038000,09/08/2023,09/30/2025,Expired
26-6SKXH-SHMO,Mold Assessment Contractor License (SH125),"Hydro-Environmental Technologies, Inc.",,54 Nonset Path,,Acton,MA,01720,9782634044,01/26/2026,01/31/2028,Active
26-6LOFS-SHMO,Mold Assessment Contractor License (SH125),Hyper Focused Mold Assessments Inc.,,8 E Willow St,,Massapequa,NY,11758,5163035425,02/27/2026,02/29/2028,Active
24-6A8J3-SHMO,Mold Assessment Contractor License (SH125),"IAQ Technologies, Inc.",,4851 McDonald Road,,Syracuse,NY,13215,3154222925,05/22/2024,01/31/2026,Expired
23-6UOBC-SHMO,Mold Remediation Contractor License (SH126),IG Restoration Group LLC,Green Restoration,304 Wilson Ave.,,Norwalk,CT,06854,2037421702,08/24/2023,08/31/2025,Expired
25-65O8D-SHMO,Mold Assessment Contractor License (SH125),IPR Associates and Environmental Inc.,,191-20 115 ROAD,,SAINT ALBANS,NY,11412,3472824144,04/28/2025,04/30/2027,Active
25-6UCWU-SHMO,Mold Remediation Contractor License (SH126),Immense Cleaning Solutions LLC,,1594 Unionport Rd STE Ma,,BRONX,NY,10462,7188394528,08/12/2025,08/31/2027,Active
24-6II77-SHMO,Mold Remediation Contractor License (SH126),Incinia Contracting Inc,,1360 Clifton Ave,Unit 365,Clifton,NJ,07012,9734509500,01/08/2024,01/31/2026,Expired
26-6ZENJ-SHMO,Mold Assessment Contractor License (SH125),Indoor Air Professionals Inc,,800 Commerce Parkway,,Lancaster,NY,14086,7166833000,02/11/2026,02/29/2028,Active
25-6uj7j-shmo,Mold Remediation Contractor License (SH126),Indoor Mold Specialist Inc,,1717 E 48th St,,BROOKLYN,NY,11234,8005969640,08/26/2025,08/31/2027,Active
26-69TOA-SHMO,Mold Remediation Contractor License (SH126),Insaren Inc.,,27 Citation Drive,,Freehold,NJ,07728,3477983855,07/22/2026,07/31/2028,Active
23-6U143-SHMO,Mold Assessment Contractor License (SH125),Inspective Home Inspection Corp.,,445 Broad Hollow Rd,Suite 25 #35,Melville,NY,11747,6315137482,09/07/2023,09/30/2025,Expired
01804,Mold Assessment Contractor License (SH125),"Integra Home Inspection Services, LLC",,1 Vischer Ferry Rd,,REXFORD,NY,12148,5185735311,10/31/2022,10/31/2024,Expired
25-6LIFZ-SHMO,Mold Remediation Contractor License (SH126),Interstate Restoration LLC,,"3401 Quorum Dr, Suite 300",,Fort Worth,TX,76113,8177345067,12/29/2025,12/31/2027,Active
25-6I8IQ-SHMO,Mold Remediation Contractor License (SH126),Isaac Heating & Air Conditioning Inc.,,50 Holleder Pkwy,,ROCHESTER,NY,14615,5855461400,10/10/2025,10/31/2027,Active
01702,Mold Assessment Contractor License (SH125),Island Wide Restoration NY LLC,,101 Summerfield Drive,,HOLTSVILLE,NY,11742,6313079130,02/22/2022,02/28/2024,Expired
24-63YPI-SHMO,Mold Remediation Contractor License (SH126),J and A Construction Consultants Inc,Dryfast Property Restoration,507 Windsor Drive,Suite 2,Secaucus,NJ,07094,8007188122,08/19/2024,08/31/2026,Expired
25-6HHB6-SHMO,Mold Remediation Contractor License (SH126),J. J. Pyles Wallcovering etc. LLC,,46 SUGAR MAPLE AVE,,Newfoundland,NJ,07435,3018014130,10/07/2025,10/31/2027,Active
23-6UKS9-SHMO,Mold Assessment Contractor License (SH125),J. William Restoration LLC,,584 Harvest Dr,,Rochester,NY,14626,5854553278,08/04/2023,08/31/2025,Expired
25-6tops-shmo,Mold Remediation Contractor License (SH126),Empire Building Diagnostics Inc,,400 Ingham Ave,,Lackawanna,NY,14218,7166854588,05/22/2025,05/31/2027,Active
01217,Mold Assessment Contractor License (SH125),Empire Inspectors LLC,,4 Taber Rd,,Shertman,CT,06784,9144338428,05/31/2018,05/31/2024,Expired
26-6LI3E-SHMO,Mold Assessment Contractor License (SH125),"Encorus Group Engineering, P.C.",,23 Mechanic Street,,Springville,NY,14141,7165923980,01/27/2026,01/31/2028,Active
01753,Mold Assessment Contractor License (SH125),"Energy Conservation Services, Inc.",,"210 Broadway, Po Box 116",,PORT EWEN,NY,12466,8453383864,07/06/2022,07/31/2024,Expired
01751,Mold Remediation Contractor License (SH126),Enviro Air Quality LLC,,"21 S Fulton St, Unit 14",,MONTAUK,NY,11954,6316686345,06/03/2022,06/30/2024,Expired
24-63ODO-SHMO,Mold Assessment Contractor License (SH125),Enviro-Pro UnLTD Corp.,,264 West 40th Street,Suite 602,New York,NY,10018,2128242024,10/21/2024,12/31/2026,Active
26-674LG-SHMO,Mold Assessment Contractor License (SH125),Enviro-sciences of Delaware Inc,,"781 Route 15 South,",2nd Floor,"Lake Hopatcong,",NJ,07849,9733988183,01/20/2026,01/31/2028,Active
26-6ZZUT-SHMO,Mold Assessment Contractor License (SH125),EnviroPro Inspection Services Inc.,,43 Linda Lane,,North Babylon,NY,11703,6315595775,01/21/2026,01/31/2028,Active
24-6ZUGZ-SHMO,Mold Assessment Contractor License (SH125),Environ Safety Corp.,,909 3rd Ave,,NEW YORK,NY,10150,6468084616,03/29/2024,03/31/2026,Expired
25-6IOS3-SHMO,Mold Assessment Contractor License (SH125),"Environmental Building Solutions, LLC",,494 8th Ave Suite 1403,,NEW YORK,NY,10001,5162389452,10/17/2025,10/31/2027,Active
24-631PG-SHMO,Mold Assessment Contractor License (SH125),"Environmental Consulting & Management Services, Inc.",,10 Filmont Drive,,New City,NY,10956,9145231523,10/31/2024,10/31/2026,Active
25-6IZL9-SHMO,Mold Assessment Contractor License (SH125),"Environmental Maintenance Contractors, Inc",,333 Lexington Ave,,MOUNT KISCO,NY,10549,9142327355,12/23/2025,12/31/2027,Active
25-6lu6e-shmo,Mold Assessment Contractor License (SH125),"Environmental Planning and Management, Inc.",,1983 Marcus Ave. Suite 109,,LAKE SUCCESS,NY,11042,5166720051,11/20/2025,01/31/2028,Active
23-6U159-SHMO,Mold Assessment Contractor License (SH125),"Environmental Testing & Consulting, Inc.",,38900 West Huron River Dr,,Romulus,MI,48174,7349556600,09/07/2023,09/30/2025,Expired
26-6ZIPR-SHMO,Mold Remediation Contractor License (SH126),Enviroscience Consultants LLC,,2150 Smithtown Avenue,Ste 3,Ronkonkoma,NY,11779,6315803191,02/25/2026,02/29/2028,Active
25-6UUH3-SHMO,Mold Remediation Contractor License (SH126),Envirotech Mold Specialists LLC,,981 E 10th Street,,BROOKLYN,NY,11230,8057858065,10/23/2025,10/31/2027,Active
26-6ZZFB-SHMO,Mold Remediation Contractor License (SH126),Eric Thomas,Property Maintenance Services,10 Pine Circle,,Mount Morris,NY,14510,5859054826,04/09/2026,04/30/2028,Active
24-6315T-SHMO,Mold Assessment Contractor License (SH125),Eru-Ken Consulting LLC,,"231 Steuben St, Ste 1J",,STATEN ISLAND,NY,10304,9175419238,11/01/2024,11/30/2026,Active
23-6LDO6-SHMO,Mold Assessment Contractor License (SH125),Estate Inspection Group Inc.,,4 Anasville Road,,Somers,NY,10589,9143238277,10/19/2023,12/31/2025,Expired
25-6UOYI-SHMO,Mold Assessment Contractor License (SH125),"Evmel Inspections and Energy Management, Inc.",Inspect-It 1st Property Inspections,446 East Meadow Ave Ste 238,,EAST MEADOW,NY,11554,5164832858,06/25/2025,06/30/2027,Active
25-6IPGV-SHMO,Mold Remediation Contractor License (SH126),Exclusive Testing Labs Inc,,60 Brook St,,CROTON ON HUDSON,NY,10520,7182392347,12/11/2025,12/31/2027,Active
26-6AGH7-SHMO,Mold Assessment Contractor License (SH125),"Expediant Environmental Solutions, LLC",,3657 Albany Post Road,,Poughkeepsie,NY,12601,8452291437,05/08/2026,05/31/2028,Active
26-6AS1K-SHMO,Mold Remediation Contractor License (SH126),Expert Mitigation Services LLC,,6403 Grimble Rd,,Canandaigua,NY,14424,5854094776,08/28/2026,08/31/2028,Active
24-6A7LZ-SHMO,Mold Assessment Contractor License (SH125),Express Mold Removal Corp.,,82-45 212th Street,,Queens Village,NY,11427,7187727725,08/07/2024,08/31/2026,Expired
24-63U79-SHMO,Mold Remediation Contractor License (SH126),FCS Group LLC,,60 Fadem Road,,Springfield,NJ,07081,9083011040,11/07/2024,11/30/2026,Active
25-644HY-SHMO,Mold Remediation Contractor License (SH126),FIRE SHIELD RESTORATION LLC,,Post Office Box 100621,,Brooklyn,NY,11210,3474418539,02/21/2025,02/28/2027,Active
24-6ZLIX-SHMO,Mold Assessment Contractor License (SH125),FOURDUBS INC,Royal Air Pros,18 Armour St,,LONG BEACH,NY,11561,5169868368,04/03/2024,04/30/2026,Expired
01826,Mold Assessment Contractor License (SH125),Fairview Home Inspection Services LLC,,50 Barrow Place,,STATEN ISLAND,NY,10309,7189664943,02/02/2023,02/28/2025,Expired
00119,Mold Remediation Contractor License (SH126),"Feels Like Home Fire Restoration, LLC",,660 Turk Hill Rd,,FAIRPORT,NY,14450,5857373052,01/05/2016,01/31/2024,Expired
24-6APU8-SHMO,Mold Remediation Contractor License (SH126),"Final Touch Restoration, Inc.",Rainbow Int'l of the North Shore,856-2 Johnson Ave.,,RONKONKOMA,NY,11779,6316489756,06/10/2024,04/30/2026,Expired
24-63P34-SHMO,Mold Remediation Contractor License (SH126),"Fire & Water Restoration, LLC",,7035 Van Buren Road,,Syracuse,NY,13209,3156350383,10/10/2024,10/31/2026,Active
25-6UBFO-SHMO,Mold Assessment Contractor License (SH125),First Environment Inc,,"10 PARK PL, BLDG 1A STE 504",,BUTLER,NJ,07045,9733340003,06/17/2025,06/30/2027,Active
01158,Mold Remediation Contractor License (SH126),"First Response, LLC",,142 22nd St,,BROOKLYN,NY,11232,2124312094,12/26/2017,04/30/2024,Expired
26-6iO4H-SHMO,Mold Remediation Contractor License (SH126),Flag-Clean Island LTD.,Flag Enterprises,840 WELLWOOD AVE,,Lindenhurst,NY,11757,6312269800,02/02/2026,02/29/2028,Active
01844,Mold Assessment Contractor License (SH125),Foot The Door Home Inspections LLC,,41 Irwin Ave,,MIDDLETOWN,NY,10940,8459789940,03/20/2023,03/31/2025,Expired
26-6LO1J-SHMO,Mold Remediation Contractor License (SH126),"Four Seasons Restoration, LLC",,125 Denton Avenue,,New Hyde Park,NY,11040,5166164300,01/23/2026,01/31/2028,Active
24-638TI-SHMO,Mold Remediation Contractor License (SH126),Franchise Contractor Group LLC,,2795 Westchester Ave,,Purchase,NY,10577,9147840050,09/17/2024,09/30/2026,Active
24-6SDFB-SHMO,Mold Remediation Contractor License (SH126),Free Ink. Limited Liability Company,,115 Denniston Drive,,New Windsor,NY,12553,9146714937,01/30/2024,01/31/2026,Expired
26-6Z9IB-SHMO,Mold Assessment Contractor License (SH125),Full Restore USA LLC,,2 Scott Court,Apt 2-B3,Ridgefield Park,NJ,07660,9178426261,06/03/2026,06/30/2028,Active
26-6SIF6-SHMO,Mold Assessment Contractor License (SH125),"Future Environment Designs, Inc.",,6800 Jericho Tunrpike,Suite 120W,Syosset,NY,11791,5163649671,02/11/2026,02/29/2028,Active
26-6ZZK3-SHMO,Mold Remediation Contractor License (SH126),"G-Star Enterprises, Inc.",,"140 58th Street,",Building B Suite 6C,Brooklyn,NY,11220,7183270919,02/19/2026,02/29/2028,Active
24-6A75S-SHMO,Mold Remediation Contractor License (SH126),GAA Construction Inc.,,1883 Lincoln Avenue,,East Meadow,NY,11554,3475382034,08/07/2024,08/31/2026,Expired
26-6ZY18-SHMO,Mold Remediation Contractor License (SH126),"GEMSYS, LLC",CleanBright Surface Restoration,29 Garling Drive,,Latham,NY,12110,5186086242,01/28/2026,01/31/2028,Active
26-61VC4-SHMO,Mold Remediation Contractor License (SH126),GKM Industries Inc.,,8722 124th Street,Floor 1,Richmond Hill,NY,11418,9296001428,08/21/2026,08/31/2028,Active
24-6381C-SHMO,Mold Remediation Contractor License (SH126),GMG Home Services Inc.,,6963 75st Street,,Middle Village Village,NY,11379,9173250211,09/17/2024,09/30/2026,Active
25-6TKJ7-SHMO,Mold Remediation Contractor License (SH126),"GP Rochester, Inc.",PAUL DAVIS RESTORATION OF GREATER ROCHESTER NEW YORK,1075 Buffalo Road,Suite 100,Rochester,NY,14624,5857495634,12/01/2025,12/31/2027,Active
26-6S6NU-SHMO,Mold Remediation Contractor License (SH126),"GTM Contracting, Inc",Hi-Tech Environmental & Renovation,480 Kings Hwy,,Brooklyn,NY,11223,3474629698,01/20/2026,03/31/2028,Active
24-6ZSJJ-SHMO,Mold Assessment Contractor License (SH125),Galli Quality Preservation Svc LLC,,60 Parks Rd,,LIVINGSTON MANOR,NY,12758,8452820199,04/05/2024,03/31/2026,Expired
25-6UEEK-SHMO,Mold Assessment Contractor License (SH125),Gear Guys LLC,"Gear Guys, Air Guys, Mr Plow",Po Box 430,,SALISBURY MILLS,NY,12577,2396344557,08/14/2025,07/31/2027,Active
26-6LY1T-SHMO,Mold Remediation Contractor License (SH126),Genesys Construction Corp,,263 80th Street,,Brooklyn,NY,11209,7183962700,03/25/2026,03/31/2028,Active
25-6446G-SHMO,Mold Remediation Contractor License (SH126),"Gforce Restoration, LLC",,24 Wood Rd,Unit 5,Round Lake,NY,12151,5182292997,02/21/2025,02/28/2027,Active
23-6UMF3-SHMO,Mold Assessment Contractor License (SH125),Global Restoration Services Inc,,360-2 Knickerbocker Ave,,BOHEMIA,NY,11716,6312957133,08/07/2023,08/31/2025,Expired
26-66RIR-SHMO,Mold Assessment Contractor License (SH125),Goldberg Preservation Services LLC,,182 Florentia East,,Corning,NY,14830,6073683903,02/24/2026,02/29/2028,Active
25-65B7X-SHMO,Mold Remediation Contractor License (SH126),Goodelman demolition llc,Goodelman Group,3577 northview ave,,Wantagh,NY,11793,5167800074,03/13/2025,03/31/2027,Active
25-6UXS9-SHMO,Mold Assessment Contractor License (SH125),Green 2 Green Consulting LLC,,"45477 State Rte 12, Ste 1",,ALEXANDRIA BAY,NY,13607,3157883900,07/21/2025,07/31/2027,Active
26-6A647-SHMO,Mold Assessment Contractor License (SH125),Green Estate Inspection Corp.,,5900 Arlinfton Avenue,Suite # 16M,Bronx,NY,10471,7182076322,06/25/2026,06/30/2028,Active
24-63KIV-SHMO,Mold Assessment Contractor License (SH125),Green Magnolia Home Inspections,,47 Hoffman Drive,,Latham,NY,12110,5182536271,09/30/2024,09/30/2026,Active
25-67LA5-SHMO,Mold Assessment Contractor License (SH125),Green Spirit USA Inc,Citywide Mold Experts,1599 East 15th St,5th floor Suite C,Brooklyn,NY,11230,9294448708,12/29/2025,12/31/2027,Active
25-6S44B-SHMO,Mold Remediation Contractor License (SH126),GreenRoom Remediation LLC,,18 15th Street,,Brooklyn,NY,11215,9179653754,12/17/2025,12/31/2027,Active
01822,Mold Remediation Contractor License (SH126),Greenfield USA Corp.,,3010 Grand Avenue,,Baldwin,NY,11510,7189970555,06/26/2020,03/31/2024,Expired
26-6Z3QC-SHMO,Mold Assessment Contractor License (SH125),"Groton Equities Associates, LLC",Fairfield Properties,538 Broad Hollow Rd,3rd Floor,Melville,NY,11747,6314996660,03/13/2026,03/31/2028,Active
23-6LATI-SHMO,Mold Remediation Contractor License (SH126),Guidice Contracting Inc.,,29 Swezey Lane,,MIDDLE ISLAND,NY,11953,6316334876,11/21/2023,12/31/2025,Expired
25-65X9F-SHMO,Mold Remediation Contractor License (SH126),H & S Contracting of NY Inc.,,480 Kings Hwy,,Brooklyn,NY,11223,9175782223,04/28/2025,04/30/2027,Active
25-6IEQ6-SHMO,Mold Assessment Contractor License (SH125),"H2M Architects, Engineers, Land Surveying and Landscape Architecture DPC",,"538 Broadhollow Rd, 4th FL East",,MELVILLE,NY,11747,,12/23/2025,12/31/2027,Active
00812,Mold Remediation Contractor License (SH126),"HDC Improvement, Inc.",,161 Wakeman Rd,,HAMPTON BAYS,NY,11946,6317477029,07/25/2016,07/31/2024,Expired
01697,Mold Remediation Contractor License (SH126),HHI Tech Inc.,,18 LAFAYETTE AVENUE,,MASTIC,NY,11950,9177498743,01/05/2022,01/31/2024,Expired
26-6IPRC-SHMO,Mold Assessment Contractor License (SH125),"HSE Consulting Services, LLC",,8636 Brewerton Road,,Cicero,NY,13039,3156981438,01/20/2026,01/31/2028,Active
24-6AY51-SHMO,Mold Remediation Contractor License (SH126),"Hammy, Inc.",Clean Solutions,287 Weeks Ave,,Manorville,NY,11949,6318788768,05/03/2024,05/31/2026,Expired
00400,Mold Assessment Contractor License (SH125),"Harmony House & Home Inspection, LLC",,2302 Route 9W,,SAUGERTIES,NY,12477,8457504137,02/11/2016,03/31/2024,Expired
25-65H15-SHMO,Mold Assessment Contractor License (SH125),Healthy Buildings & Homes LLC,,47 Brightwood St,,Patchogue,NY,11772,6317746502,06/12/2025,06/30/2027,Active
01561,Mold Remediation Contractor License (SH126),Healthy Home Restoration LLC,,143 Wyckoff Pl,,WOODMERE,NY,11598,5162061600,11/04/2020,11/30/2024,Expired
24-6Z4Q5-SHMO,Mold Remediation Contractor License (SH126),Hector Can Fix It LLC,,2394 Adam Clayton Powell Jr Blvd,Apt #6,New York,NY,10030,6465305053,04/16/2024,04/30/2026,Expired
26-69J9D-SHMO,Mold Assessment Contractor License (SH125),Hertz Construction Co. LLC,,2820 Avenue I # 1FL,,Brooklyn,NY,11210,8452821214,06/25/2026,06/30/2028,Active
26-6ZUK6-SHMO,Mold Assessment Contractor License (SH125),Hi-Tech Environmental LLC,,320 Roebling Street,#232,Brooklyn,NY,11211,9179037288,02/19/2026,02/29/2028,Active
24-6ZNQE-SHMO,Mold Assessment Contractor License (SH125),Highline Construction NYC LLC,,7505 Ditmars Blvd,,East Elmhurst,NY,11370,3475868522,02/26/2024,02/28/2026,Expired
25-6II7I-SHMO,Mold Assessment Contractor License (SH125),Hillview Station Inc,,380 E18th Street,4U,Brooklyn,NY,11226,7186692210,11/12/2025,01/31/2028,Active
26-6SBCQ-SHMO,Mold Remediation Contractor License (SH126),"Home Healthy Homes, Inc.",,2006 jericho Turnpike,,East Northport,NY,11731,6315437100,04/24/2026,04/30/2028,Active
24-6AN93-SHMO,Mold Assessment Contractor License (SH125),Home Solutions Inspection LLC.,,695 Elmgrove Rd,,ROCHESTER,NY,14606,5857372656,05/09/2024,03/31/2025,Expired
26-6ZUSZ-SHMO,Mold Remediation Contractor License (SH126),HomeCleanse Services LLC,,1712 Ginesi Drive,Suite 1,Freehold,NJ,07728,8886686653,08/04/2026,08/31/2028,Active
01737,Mold Assessment Contractor License (SH125),Hommel Home Inspections LLC,,739 Turnpike Rd,,EAGLE BRIDGE,NY,12057,5186933403,06/08/2022,06/30/2024,Expired
24-6ZPPJ-SHMO,Mold Remediation Contractor License (SH126),Hudson Interior Renovations Inc.,,8 Chipman Road,,Palisades,NY,10964,9176428013,03/18/2024,03/31/2026,Expired
26-677NO-SHMO,Mold Assessment Contractor License (SH125),Hudson Valley Inspections and Home Services LLC,,18 DOGWOOD RD,,HOPEWELL JUNCTION,NY,12533,9146023126,01/28/2026,01/31/2028,Active
01774,Mold Assessment Contractor License (SH125),Hudson and Catskills Property Inspections LLC,,770 Mitchell Hollow LLC,,HUDSON,NY,12534,9175754338,09/06/2022,09/30/2024,Expired
01692,Mold Assessment Contractor License (SH125),"Hygenix, Inc.",,49 Woodside St,,STAMFORD,CT,06902,2033242222,01/27/2022,01/31/2024,Expired
24-63PY6-SHMO,Mold Remediation Contractor License (SH126),I & S Construction Corp,,48 Cypress Ave,,Oceanside,NY,11572,3475536598,10/08/2024,10/31/2026,Active
24-6SDTK-SHMO,Mold Remediation Contractor License (SH126),"IAR NY, Inc.",,119 Cooper St,,BABYLON,NY,11702,6319681400,01/30/2024,03/31/2026,Expired
25-6LSGS-SHMO,Mold Assessment Contractor License (SH125),IH Consultants Inc.,,"605 Bloomfield Ave, Ste 5",,Montclair,NJ,07042,,12/11/2025,12/31/2027,Active
24-63GED-SHMO,Mold Assessment Contractor License (SH125),IRIS Environmental Laboratories LLC,,2333 US Highway 22 West,Building 4,Union,NJ,07083,9082060073,09/11/2024,09/30/2026,Active
01827,Mold Assessment Contractor License (SH125),Imperial Consulting Group Corp.,,2487 Gladmore Street,,EAST MEADOW,NY,11554,2127083889,02/02/2023,02/28/2025,Expired
26-6ZHY3-SHMO,Mold Remediation Contractor License (SH126),Independent Casualty & Restoration Corp,Rainbow International Of Manhasset,1 Plaza Road LL1,,Greenvale,NY,11548,5168165751,05/14/2026,05/31/2028,Active
24-6A1HY-SHMO,Mold Remediation Contractor License (SH126),"Indoor Air Specialists, Ltd.",,10 BRANCH CT,,CARMEL,NY,10512,9142416976,06/26/2024,07/31/2026,Expired
25-6uj7r-shmo,Mold Assessment Contractor License (SH125),Indoor Mold Specialist Inc,,1717 E 48th St,,BROOKLYN,NY,11234,8005969640,08/28/2025,08/31/2027,Active
25-6LL13-SHMO,Mold Assessment Contractor License (SH125),"Insight Environmental, Inc.",,"74 East Main St, Ste #1",,PATCHOGUE,NY,11772,,12/30/2025,12/31/2027,Active
25-678ZU-SHMO,Mold Assessment Contractor License (SH125),"Inspector Ed Home Inspections, Inc.",,18-09 Murray St.,,Whitestone,NY,11357,6468726198,11/10/2025,11/30/2027,Active
25-65OC6-SHMO,Mold Assessment Contractor License (SH125),"Integrity EHS & Home Services, LLC",,65 York Ave,,Saratoga Springs,NY,12866,5182127435,04/29/2025,04/30/2027,Active
25-6TQYP-SHMO,Mold Remediation Contractor License (SH126),Irex Atlantic Contracting LLC,,25 Kenwood Circle,Suite 13,Franklin,MA,02038,7173995163,06/20/2025,06/30/2027,Active
26-66JR7-SHMO,Mold Assessment Contractor License (SH125),"Island Catastrophe Environmental Restoration, Inc.",,15 Frowein Road,Bldg C3,Center Moriches,NY,11934,6319091412,03/10/2026,03/31/2028,Active
26-69VUO-SHMO,Mold Remediation Contractor License (SH126),J & H PAINTING & RENOVATION LLC,,1841 Williamsbridge Rd,Apt 2i,Bronx,NY,10461,9179680316,06/30/2026,06/30/2028,Active
01250,Mold Remediation Contractor License (SH126),J&R Maintenance Services Ltd,,81 Cameron Ave,,HEMPSTEAD,NY,11550,6312206966,08/23/2018,08/31/2024,Expired
24-6Z6R9-SHMO,Mold Assessment Contractor License (SH125),"J. J. Pyles Wallcovering, Inc.",,46 Sugar Maple Lane,,Newfoundland,NJ,07435,3018014129,04/26/2024,01/31/2026,Expired
25-6TXUN-SHMO,Mold Assessment Contractor License (SH125),"J.A. Crawford, Inc.",,5892 Mercedes Lane,,JAMESVILLE,NY,13078,3154391495,07/02/2025,07/31/2027,Active
26-6AUG4-SHMO,Mold Remediation Contractor License (SH126),"Empire Control Abatement, Inc.",,206 Terminal Drive,,Plainview,NY,11803,7189619404,06/22/2026,06/30/2028,Active
23-6U1HQ-SHMO,Mold Remediation Contractor License (SH126),Empower Contracting Inc.,,1361 Brooklyn Blvd,,Bay Shore,NY,11706,6313330010,09/07/2023,09/30/2025,Expired
25-6TQ3E-SHMO,Mold Remediation Contractor License (SH126),Endurance Demolition and Environmental Services LLC,,68 dutch ridge rd,,oswego,NY,13126,3155913622,05/13/2025,05/31/2027,Active
25-6I863-SHMO,Mold Assessment Contractor License (SH125),"Enos Home Inspections, LLC",,1A Concord Drive,,SCHENECTADY,NY,12309,5183657211,12/04/2025,12/31/2027,Active
26-6AS1G-SHMO,Mold Remediation Contractor License (SH126),Enviro Cleaning Inc.,,38 Raywood Dr,203,Monroe,NY,10950,8457825199,08/13/2026,08/31/2028,Active
24-64YOX-SHMO,Mold Remediation Contractor License (SH126),Enviro-Tec LLC,,21 Krissa Court,,Saten Island NY,NY,10312,7183506305,12/13/2024,03/31/2026,Expired
26-674LF-SHMO,Mold Remediation Contractor License (SH126),Enviro-sciences of Delaware Inc,,"781 Route 15 South,",2nd Floor,"Lake Hopatcong,",NJ,07849,9733988183,01/20/2026,01/31/2028,Active
24-63YPF-SHMO,Mold Remediation Contractor License (SH126),EnviroTech Preservation Inc,,13 Grove Street,Suite 206,Spring Valley,NY,10977,7184376511,08/19/2024,08/31/2026,Expired
25-61XEN-SHMO,Mold Assessment Contractor License (SH125),"Environmental Air Solutions, LLC",,24 Holmes Place,,FREDONIA,NY,14063,7164106767,08/19/2025,08/31/2027,Active
26-6IESB-SHMO,Mold Assessment Contractor License (SH125),Environmental Code Consultants Inc.,,417 5th Avenue,8th Floor,New York,NY,10016,6464764736,01/02/2026,12/31/2027,Active
01741,Mold Remediation Contractor License (SH126),Environmental Corps Corporation,,84 Vermont Ave,,Franklin Park,NJ,08823,7324220733,04/28/2022,04/30/2024,Expired
25-6IZI5-SHMO,Mold Remediation Contractor License (SH126),"Environmental Maintenance Contractors, Inc",,333 Lexington Ave,,MOUNT KISCO,NY,10549,9142327355,12/16/2025,12/31/2027,Active
25-6IZY8-SHMO,Mold Assessment Contractor License (SH125),Environmental Risk Associates LLC,,62 North Main St,Suite 202,Florida,NY,10921,9143090342,11/24/2025,01/31/2028,Active
23-6TG79-SHMO,Mold Remediation Contractor License (SH126),"Environmentally Correct Solutions, Inc.",,28 Barnsdale Ave,,WEST SENECA,NY,14424,7168245966,04/06/2023,04/06/2025,Expired
26-6ZIDV-SHMO,Mold Assessment Contractor License (SH125),Enviroscience Consultants LLC,,2150 Smithtown Avenue,Ste 3,Ronkonkoma,NY,11779,6315803191,02/25/2026,02/29/2028,Active
26-638A7-SHMO,Mold Assessment Contractor License (SH125),"Epidemiology and Toxicology Institute, LLC",,110 Colin Drive,,Holbrook,NY,11741,6318683100,03/06/2026,03/31/2028,Active
26-6ZZFY-SHMO,Mold Assessment Contractor License (SH125),Eric Thomas,Property Maintenance Services,10 Pine Circle,,Mount Morris,NY,14510,5859054826,04/09/2026,04/30/2028,Active
00212,Mold Assessment Contractor License (SH125),"Erwin & Bielinski, Architect & Engineer, PLLC",,182 Russell St.,,BROOKLYN,NY,11222,9179035022,01/11/2016,01/31/2024,Expired
01724,Mold Remediation Contractor License (SH126),Eugene Gass,EFG Cleaning and Restoration,1682 Route 292,,HOLMES,NY,12531,8457975780,03/16/2022,03/31/2024,Expired
26-6ZPES-SHMO,Mold Remediation Contractor License (SH126),Excellence Consulting Corp.,,1080,OLD COUNTRY RD,Westbury,NY,11590,7186509352,03/03/2026,03/31/2028,Active
26-6AX56-SHMO,Mold Assessment Contractor License (SH125),Exit Mold LLC,,1 irwin ct,,Lynbrook,NY,11563,5165127877,06/22/2026,06/30/2028,Active
26-6ZLYC-SHMO,Mold Remediation Contractor License (SH126),"Expediant Environmental Solutions, LLC",,3657 Albany Post Road,,Poughkeepsie,NY,12601,8452291437,04/29/2026,04/30/2028,Active
26-6STTF-SHMO,Mold Assessment Contractor License (SH125),Expert Mold and Lead Testing LLC,,186 Rye Hill Rd,,Monroe,NY,10950,8452491987,03/16/2026,03/31/2028,Active
25-67VVI-SHMO,Mold Remediation Contractor License (SH126),Extreme Cleaners Inc,,72 Airport Drive,Unit 101,Wappinger Falls,NY,12590,8455322585,11/24/2025,11/30/2027,Active
00927,Mold Assessment Contractor License (SH125),FEDERAL AVIATION ADMINISTRATION,,1515 STEWART AVE,,WESTBURY,NY,11590,5168802436,09/28/2016,01/31/2025,Expired
26-6I3LG-SHMO,Mold Remediation Contractor License (SH126),FLOOD GENIUS LLC,SERVICEMASTER FIRE & WATER CLEAN-UP,26 Cain Drive,,Brentwood,NY,11717,6316706445,01/20/2026,01/31/2028,Active
24-6I4U7-SHMO,Mold Remediation Contractor License (SH126),FOURDUBS INC,Royal Air Pros,18 Armour St,,LONG BEACH,NY,11561,5169868368,01/16/2024,01/31/2026,Expired
25-6I3KZ-SHMO,Mold Assessment Contractor License (SH125),"Family First Environmental, Corp.",,"169 Commack Road, Suite #109",,COMMACK,NY,11725,6317938611,12/15/2025,12/31/2027,Active
23-6UPWH-SHMO,Mold Remediation Contractor License (SH126),"Feels Like Home Fire Restoration, LLC",,702 Jay St,,Rochester,NY,14611,5857373052,08/15/2023,08/31/2025,Expired
23-6LO1V-SHMO,Mold Remediation Contractor License (SH126),Finer Fire & Restoration Corp.,,125 Denton Avenue,,New Hyde Park,NY,11040,5164373900,11/09/2023,01/31/2026,Expired
25-6TTG8-SHMO,Mold Remediation Contractor License (SH126),First Call Restoration LLC,,67 Page Park Drive,,Poughkeepsie,NY,12603,8452260868,04/16/2025,04/30/2027,Active
26-6AA3Z-SHMO,Mold Remediation Contractor License (SH126),First Responders Cleaning and Restoration Inc,PuroClean of Bohemia,1137 Locust Ave,,Bohemia,NY,11716,6316151330,07/01/2026,07/31/2028,Active
25-6U6HP-SHMO,Mold Assessment Contractor License (SH125),"First Stop Environmental, Inc",,233 Manorville Rd,,SAUGERTIES,NY,12477,7185414474,10/21/2025,10/31/2027,Active
25-67NRT-SHMO,Mold Remediation Contractor License (SH126),Flow's Construction Corporation,,17 Dulancey Ct,,Staten Island,NY,10301,7186756445,10/24/2025,10/31/2027,Active
23-6TJZP-SHMO,Mold Assessment Contractor License (SH125),"Foothills Home Inspection Service, LLC",,473 Beattie Hollow Rd,,Salem,NY,12865,5184242014,04/24/2023,04/30/2025,Expired
26-69ASN-SHMO,Mold Remediation Contractor License (SH126),"Fox Home Solutions, Inc.",,49 Old East Neck Rd,,Melville,NY,11747,6316267872,08/17/2026,08/31/2028,Active
00214,Mold Assessment Contractor License (SH125),Frank Macak,Prime Inspections,2685 Patent Line Road,,FRANKLIN,NY,13775,6078292992,01/11/2016,01/31/2024,Expired
23-6LU3I-SHMO,Mold Assessment Contractor License (SH125),"Freemason Environmental Consulting Firm, L.L.C.",,14 Nicole Lane,,Wingdale,NY,12594,6462942689,11/14/2023,11/30/2025,Expired
25-67FFQ-SHMO,Mold Assessment Contractor License (SH125),Fully Inspected Corp,,4 New Hyde Park Rd,,Franklin Square,NY,11010,5165870000,11/03/2025,11/30/2027,Active
26-6SACA-SHMO,Mold Remediation Contractor License (SH126),"G & C REMEDIATIONS, INC",,56 Sycamore Avenue,,FLORAL PARK,NY,11001,5162161414,02/05/2026,02/29/2028,Active
24-63AVO-SHMO,Mold Remediation Contractor License (SH126),G-TECH RESTORATION INC,,"230 knickerbocker Ave, Ste E",,BOHEMIA,NY,11716,6313725433,11/21/2024,11/30/2026,Active
26-6IZFK-SHMO,Mold Assessment Contractor License (SH125),"GAC Environmental, Inc.",,155 West 72 Street,605,NEW YORK,NY,10023,2128759506,01/14/2026,03/31/2028,Active
25-6TJAH-SHMO,Mold Assessment Contractor License (SH125),GENESEE LIVINGSTON STEUBEN WYOMING BOCES,,80 Munson Street,,Leroy,NY,14482,5853464105,02/20/2025,02/28/2027,Active
25-6H4NX-SHMO,Mold Remediation Contractor License (SH126),"GLP & Sons, Inc","GLP & Sons, Inc.",1500 Nepperhan Ave,,Yonkers,NY,10703,9143565032,10/01/2025,10/31/2027,Active
26-63ED8-SHMO,Mold Remediation Contractor License (SH126),GN Home Improvement Corp,,1073 Bay Ridge Ave,,Brooklyn,NY,11219,7325264349,08/04/2026,08/31/2028,Active
25-6TJFG-SHMO,Mold Remediation Contractor License (SH126),GPA Environmental Group Inc.,,46 Titus Road,,GLEN COVE,NY,11542,9172444005,02/25/2025,02/28/2027,Active
25-6IB9U-SHMO,Mold Assessment Contractor License (SH125),GZA GeoEnvironmental Inc,,104 W 29th St 10 Fl,,NEW YORK,NY,10001,9737743311,10/29/2025,10/31/2027,Active
24-6AQXA-SHMO,Mold Assessment Contractor License (SH125),Gallinger Environmental Management Corp.,,7 Aqueduct Road,,Garrison,NY,10524,9149072963,06/12/2024,03/31/2026,Expired
24-6Z36D-SHMO,Mold Remediation Contractor License (SH126),Genesis Environmental Consultants Inc.,,3353 Vernon Blvd,1st Fl,Astoria,NY,11106,7189328505,04/15/2024,04/30/2026,Expired
01202,Mold Assessment Contractor License (SH125),Genuine Home Inspections LLC,,21 S Cross Rd,,LAGRANGEVILLE,NY,12540,8452043233,04/18/2018,04/30/2024,Expired
26-66X16-SHMO,Mold Remediation Contractor License (SH126),"Glassman Services, Inc.",SERVPRO,2320 Milton Ave.,,Syracuse,NY,13209,5856410040,03/31/2026,03/31/2028,Active
25-6SIKK-SHMO,Mold Remediation Contractor License (SH126),"Globe Restoration & Construction, LLC",Servpro of Farmingdale/Massapequa,1 Rome St.,,FARMINGDALE,NY,11735,5165243782,12/04/2025,12/31/2027,Active
25-65KAJ-SHMO,Mold Remediation Contractor License (SH126),Golden Touch Restoration Specialist LLC,,20 Sewanee Ave,,ELMONT,NY,11003,,04/08/2025,06/30/2026,Expired
25-651B1-SHMO,Mold Remediation Contractor License (SH126),Gotham City General Contracting Corp.,,19-38 38th Street,,Astoria,NY,11105,7189050757,05/05/2025,05/31/2027,Active
24-633BY-SHMO,Mold Remediation Contractor License (SH126),Green Air Care LLC,,15 Navigator Court,,Staten Island,NY,10309,3479796088,11/25/2024,11/30/2026,Active
26-6IECP-SHMO,Mold Remediation Contractor License (SH126),Green Genie LLC,,594 Sheridan Drive,,Tonawanda,NY,14150,7164666653,01/20/2026,01/31/2028,Active
26-6Z373-SHMO,Mold Assessment Contractor License (SH125),Green Orchard Group LLC,,39-27 29th Street,Suite 1,Long Island City,NY,11101,2122198261,03/18/2026,03/31/2028,Active
25-6H68A-SHMO,Mold Assessment Contractor License (SH125),Green Team Of NY Services Corporation,,3418 Northern Blvd Suite 4-36,,Long Island City,NY,11368,9299338019,10/15/2025,10/31/2027,Active
25-65XPN-SHMO,Mold Assessment Contractor License (SH125),GreenRoom Remediation LLC,,18 15th Street,,Brooklyn,NY,11215,9179653754,04/25/2025,04/30/2027,Active
26-6ACQ1-SHMO,Mold Assessment Contractor License (SH125),Greenworks Environmental LLC,,3100 Route 138 West,Building One,Wall Township,NJ,07719,7322232073,06/08/2026,06/30/2028,Active
26-6Z7P6-SHMO,Mold Remediation Contractor License (SH126),Ground Control Excavating Inc.,,63 Waterbury Road,,Warwick,NY,10990,8456618118,04/09/2026,04/30/2028,Active
24-63N43-SHMO,Mold Assessment Contractor License (SH125),Gumshoe Home Inspections LLC,,18 Cherry Lane,,SCHENECTADY,NY,12302,5185772318,08/28/2024,10/31/2026,Active
25-64J5H-SHMO,Mold Assessment Contractor License (SH125),"H.A. BADER CONSULTANTS, INC.",,"88 BLEECKER ST, SUITE #4E",,NEW YORK,NY,10012,2124754122,01/02/2025,02/28/2027,Active
23-6U8BP-SHMO,Mold Remediation Contractor License (SH126),H2O Restoration Corp.,,6539 170th Street,,Fresh Meadows,NY,11365,3478468255,07/20/2023,07/31/2025,Expired
23-6UMP3-SHMO,Mold Remediation Contractor License (SH126),"HERSH OF ALL TRADES, LLC",GREEN HOME SOLUTIONS,18 EMWILTON PLACE,,OSSINING,NY,10562,9146295655,08/08/2023,08/31/2025,Expired
25-6UU6G-SHMO,Mold Remediation Contractor License (SH126),HK Good Pest Control Corp,HK Extermination & Remediation,162-27 Depot Rd Apt #2R,,FLUSHING,NY,11358,6467716944,08/14/2025,08/31/2027,Active
01921,Mold Remediation Contractor License (SH126),HV Pure Inc.,,8 Spaulding Lane,,SAUGERTIES,NY,12477,8456813331,03/02/2023,03/31/2025,Expired
25-6HDAN-SHMO,Mold Remediation Contractor License (SH126),Harbor Hill Restoration LLC,,228 Park Ave S.,#503597,New York,NY,10003,6318738546,07/08/2025,07/31/2027,Active
25-6T8W9-SHMO,Mold Assessment Contractor License (SH125),Haven Environmental LLC,,180 East Syracuse Street,,Skaneateles,NY,13152,3157295207,04/30/2025,04/30/2027,Active
24-63F6P-SHMO,Mold Assessment Contractor License (SH125),"Healthy Dwellings, LLC",,3 Rampart Road,,Norwalk,CT,06854,6122424558,09/10/2024,09/30/2026,Active
26-6Z18Z-SHMO,Mold Remediation Contractor License (SH126),Healthy Homes of the Capital Region LLC,,240 Excelsior Avenue,,Saratoga Springs,NY,12866,5185450688,03/09/2026,03/31/2028,Active
24-6AJEJ-SHMO,Mold Assessment Contractor License (SH125),Hector Can Fix It LLC,,2394 Adam Clayton Powell Jr Blvd,Apt #6,New York,NY,10030,6465305053,05/28/2024,05/31/2026,Expired
25-6TXFG-SHMO,Mold Remediation Contractor License (SH126),"Hi-Tech Cleaning Services, Inc",,"4 Executive Plaza, Suite 132",,Yonkers,NY,10701,9144234600,05/02/2025,05/31/2027,Active
26-6ZE1K-SHMO,Mold Assessment Contractor License (SH125),High Peaks Home Inspectional Srvs.LLC,,51 Hancock Drive,,Glenmont,NY,12077,5184290011,01/30/2026,01/31/2028,Active
24-6AIGB-SHMO,Mold Remediation Contractor License (SH126),Highline Construction NYC LLC,,7505 Ditmars Blvd,,East Elmhurst,NY,11370,3475868522,07/03/2024,07/31/2026,Expired
25-6II7U-SHMO,Mold Remediation Contractor License (SH126),Hillview Station Inc,,380 E18th Street,4U,Brooklyn,NY,11226,7186692210,11/10/2025,11/30/2027,Active
26-6SSZ9-SHMO,Mold Assessment Contractor License (SH125),"Home Outlook Inspections, LLC",,1282 N Mansion Road,,Duanesburg,NY,12056,5184601221,02/12/2026,02/29/2028,Active
01807,Mold Assessment Contractor License (SH125),Home inspection Crew LLC,,45 Babcock Ave,,RONKONKOMA,NY,11779,6315780000,11/03/2022,11/30/2024,Expired
23-6TFPR-SHMO,Mold Assessment Contractor License (SH125),Homeguard Home Inspections LLC,,40 Twixt Hills Rd,,St James,NY,11780,6316060095,03/28/2023,03/31/2025,Expired
25-64Q74-SHMO,Mold Assessment Contractor License (SH125),House 2 Home Inspections LLC,,"1255 North Ave, Ste 3G",,NEW ROCHELLE,NY,10804,9142551389,01/15/2025,10/31/2026,Active
24-631S7-SHMO,Mold Assessment Contractor License (SH125),"Hudson Mold Testing & Consulting, Inc.",,349 Columbine Court,,Yorktown Heights,NY,10598,9143141385,11/01/2024,11/30/2026,Active
26-6ZXCT-SHMO,Mold Assessment Contractor License (SH125),"Hudson Valley Property Inspections, LLC",,19 Roming Lane,,Saugerties,NY,12477,8453993983,03/13/2026,03/31/2028,Active
26-66ACR-SHMO,Mold Assessment Contractor License (SH125),"Hunt Engineers, Architects, Land Surveyors & Landscape Architect, DPC",,143 Court Street,143 Court Street,BINGHAMTON,NY,13901,6077988081,04/29/2026,04/30/2028,Active
25-6ZSFQ-SHMO,Mold Remediation Contractor License (SH126),"Hygienic Cleaning & Restoration, LLC",,PO BOX 534,,HAMPTON BAYS,NY,11946,6316761990,07/29/2025,07/31/2027,Active
24-6ZXCS-SHMO,Mold Assessment Contractor License (SH125),"IAC Indoor Air Care Professional, Inc",,1170 Lincoln Ave Ste #9,,HOLBROOK,NY,11741,6314517500,03/21/2024,01/31/2026,Expired
24-63L8A-SHMO,Mold Remediation Contractor License (SH126),ICN Services Inc.,,163 East Main Street,#326,Little Falls,NJ,07424,9735573328,11/08/2024,11/30/2026,Active
25-65EKP-SHMO,Mold Remediation Contractor License (SH126),INDOOR AIR RESTORATION INC,,10 Branch Ct.,,Carmel,NY,10512,8452169929,04/01/2025,04/30/2027,Active
26-63BKO-SHMO,Mold Remediation Contractor License (SH126),ITS Environmental Services Inc.,,78 Horse Block Rd,Unit #7,Yaphank,NY,11980,8558627474,06/02/2026,06/30/2028,Active
01911,Mold Remediation Contractor License (SH126),Imperial Consulting Group Corp.,,2487 Gladmore Street,,EAST MEADOW,NY,11554,2127083889,02/02/2023,02/28/2025,Expired
24-64ED7-SHMO,Mold Assessment Contractor License (SH125),"Independent Home Inspection, LLC",,715 Waterbury Hill Road,,Lagrangeville,NY,12540,8456778805,12/30/2024,12/31/2026,Active
25-61E4Z-SHMO,Mold Remediation Contractor License (SH126),"Indoor Air Technologies, Inc.",,61 School St Suite B,,VICTOR,NY,14564,5859242010,09/02/2025,09/30/2027,Active
23-6UMTN-SHMO,Mold Assessment Contractor License (SH125),"Informative Home Inspections, LLC",,18 Bigwood Rd,,GLENVILLE,NY,12302,,08/08/2023,08/31/2025,Expired
26-66Y5D-SHMO,Mold Assessment Contractor License (SH125),"InspectPro, LLC",,5953 Sturgeon Dr,,LaFayette,NY,13084,5852612214,02/10/2026,02/29/2028,Active
25-6IRXF-SHMO,Mold Assessment Contractor License (SH125),"Inspectro, Inc.",,2417 Jericho Turnpike,,GARDEN CITY PARK,NY,11040,7188038928,12/05/2025,12/31/2027,Active
26-63BDT-SHMO,Mold Remediation Contractor License (SH126),"International Asbestos Removal, Inc.",,119 Cooper St,,Babylon,NY,11702,7183350304,08/07/2026,08/31/2028,Active
25-67INI-SHMO,Mold Assessment Contractor License (SH125),Ironwood Consulting LLC,,9-15 38th Ave,,Long Island City,NY,11101,3032426361,12/30/2025,12/31/2027,Active
26-66JR6-SHMO,Mold Remediation Contractor License (SH126),"Island Catastrophe Environmental Restoration, Inc.",,15 Frowein Road,Bldg C3,Center Moriches,NY,11934,6319091412,03/10/2026,03/31/2028,Active
24-6AIAQ-SHMO,Mold Remediation Contractor License (SH126),J S Saini Construction Corp,,123-10 97th Ave,,South Richmond Hill,NY,11419,3479442136,07/08/2024,07/31/2026,Expired
23-6LEQO-SHMO,Mold Remediation Contractor License (SH126),J-DAC Construction Services LLC,,120-33 170th Street,,Queens,NY,11434,7185032429,10/27/2023,10/31/2025,Expired
24-6Z6RH-SHMO,Mold Remediation Contractor License (SH126),"J. J. Pyles Wallcovering, Inc.",,46 Sugar Maple Lane,,Newfoundland,NJ,07435,3018014129,04/26/2024,01/31/2026,Expired
26-6SE7D-SHMO,Mold Remediation Contractor License (SH126),J.A.J.  PROACTIVE CONTRACTING LLC,,4054 Carpenter Avenue,Apt Basement,Bronx,NY,10466,6463024258,02/20/2026,02/29/2028,Active
25-6LAT4-SHMO,Mold Assessment Contractor License (SH125),Empire Environmental Ltd,,150 River Road,,Montville,NJ,07045,9733345641,11/20/2025,12/31/2027,Active
23-6U1HC-SHMO,Mold Assessment Contractor License (SH125),Empower Contracting Inc.,,1361 Brooklyn Blvd,,Bay Shore,NY,11706,6313330010,09/07/2023,09/30/2025,Expired
24-6IAU1-SHMO,Mold Remediation Contractor License (SH126),"Endurance Enterprises, Inc.",Puroclean of Northern Westchester,66 N Highland Ave,,Ossining,NY,10562,9145029400,01/11/2024,11/30/2025,Expired
01726,Mold Remediation Contractor License (SH126),Env Consultant Inc,,28 Bank St,,VALLEY STREAM,NY,11580,6469549492,04/04/2022,04/30/2024,Expired
24-6A9VV-SHMO,Mold Remediation Contractor License (SH126),Enviro Solutions Inc.,,1781 Route 300,,Newburg,NY,12550,9735925706,08/14/2024,04/30/2026,Expired
24-64YX6-SHMO,Mold Assessment Contractor License (SH125),Enviro-Tec LLC,,21 Krissa Court,,Saten Island NY,NY,10312,7183506305,12/13/2024,02/28/2026,Expired
00259,Mold Remediation Contractor License (SH126),"EnviroBliss, LLC",,1481 East 33rd Street 2F,,BROOKLYN,NY,11234,7182520404,01/25/2016,01/31/2024,Expired
26-6ZQ9A-SHMO,Mold Assessment Contractor License (SH125),Envirobusiness Inc,EBI Consulting,21 B Street,,Burlington,MA,01803,7812732500,08/25/2026,03/31/2028,Active
25-6TQYG-SHMO,Mold Remediation Contractor License (SH126),Environmental Appraisers & Builders LLC,,111 Calvert Street,,Harrison,NY,10528,7183579191,05/08/2025,05/31/2027,Active
25-6TCXT-SHMO,Mold Assessment Contractor License (SH125),Environmental Connection Inc,,120 N Warren Street,,TRENTON,NJ,08608,6093924200,01/31/2025,01/31/2027,Active
24-63PPS-SHMO,Mold Assessment Contractor License (SH125),"Environmental Health Investigations, Inc",,655 West Shore Trail,,Sparta,NJ,07871,9737295649,10/09/2024,10/31/2026,Active
25-6U649-SHMO,Mold Assessment Contractor License (SH125),Environmental Management Services Inc.,,18-65B Steinway Street,,ASTORIA,NY,11105,3473965556,10/30/2025,10/31/2027,Active
26-6ZZI5-SHMO,Mold Assessment Contractor License (SH125),Environmental Safeguard Solutions LLC,,30-51 Steinway St,,Queens,NY,11103,5166377543,05/12/2026,05/31/2028,Active
26-6I4OZ-SHMO,Mold Remediation Contractor License (SH126),Enviroproductions Limited Liability Company,"Enviro Productions, LLC",43 Forest Edge Drive,Suite A,Little Egg Harbor Township,NJ,08087,6093139068,01/27/2026,03/31/2028,Active
01773,Mold Assessment Contractor License (SH125),Envirosur Inc,,2560 Matthews Ave,,BRONX,NY,10467,3479985694,08/31/2022,08/31/2024,Expired
25-6TX13-SHMO,Mold Remediation Contractor License (SH126),Ercris Construction Corp,,14930 Lefferts Blvd,,SOUTH OZONE PARK,NY,11420,3478254132,05/22/2025,05/31/2027,Active
23-6TOPH-SHMO,Mold Remediation Contractor License (SH126),"Erin Construction & Development Co., Inc.",,121 Lakeville Rd,,New Hyde Park,NY,11040,5166164610,06/08/2023,06/30/2025,Expired
23-6U8FT-SHMO,Mold Remediation Contractor License (SH126),"Essential Home Inspections, LLC",,6711 Harmony Dr,,Fayetteville,NY,13066,3154215707,07/21/2023,07/31/2025,Expired
26-6ZUZO-SHMO,Mold Remediation Contractor License (SH126),Evenhouse Contracting Corp,,10-59 Jackson Avenue,Ground Floor,Long Island City,NY,11101,9294508870,03/13/2026,03/31/2028,Active
23-61VQU-SHMO,Mold Remediation Contractor License (SH126),Excelsior Restoration Services LLC,,9 Charlton Street,,Ballston Spa,NY,12020,5182883699,09/29/2023,04/30/2025,Expired
26-6AXHR-SHMO,Mold Remediation Contractor License (SH126),Exit Mold LLC,,1 irwin ct,,Lynbrook,NY,11563,5165127877,06/22/2026,06/30/2028,Active
25-6L9LQ-SHMO,Mold Assessment Contractor License (SH125),Expert Environmental & Construction Group LLC,,620 Park Ave,Suite 135,Rochester,NY,14607,8003977914,12/31/2025,01/31/2028,Active
26-667YU-SHMO,Mold Remediation Contractor License (SH126),Express Cleaners NY Corp,,1587 East 12th Street,,Brooklyn,NY,11230,9296831796,05/14/2026,05/31/2028,Active
24-6IZ8A-SHMO,Mold Assessment Contractor License (SH125),Eye Spy Home Inspection Inc.,,80 Old Brook Rd,,Dix Hills,NY,11746,6312755999,01/09/2024,03/31/2026,Expired
25-6TJJT-SHMO,Mold Remediation Contractor License (SH126),FEDERAL PROPERTY MAINTENANCE CORP.,,40 Crystal Street,,Harrison,NY,10528,9144904416,11/12/2025,11/30/2027,Active
26-67HDY-SHMO,Mold Assessment Contractor License (SH125),"FLX Home Inspection Services, LLC",,9586 STATE ROUTE 96,,Trumansburg,NY,14886,6072629082,01/23/2026,01/31/2028,Active
23-61VG5-SHMO,Mold Assessment Contractor License (SH125),FR Remediation LLC,,1244 E 32nd Street,,Brooklyn,NY,11210,3474070295,09/29/2023,09/30/2025,Expired
25-6IKIV-SHMO,Mold Remediation Contractor License (SH126),FastAct Restoration LLC,,29 Smith Hill Rd,,Airmont,NY,10952,8459314444,12/22/2025,12/31/2027,Active
25-65JO7-SHMO,Mold Remediation Contractor License (SH126),"Fibertech Environmental Services, Inc.",,149 Gunnville Rd,,LANCASTER,NY,14086,,04/04/2025,04/30/2027,Active
25-6I9UG-SHMO,Mold Assessment Contractor License (SH125),Finest Inspections LLC,,31 Birch St,,Port Washington,NY,11050,5165230634,11/24/2025,01/31/2028,Active
01169,Mold Remediation Contractor License (SH126),First Call Restoration LLC,,67 Page Park Drive,,Poughkeepsie,NY,12603,8452260868,01/23/2018,01/31/2024,Expired
26-69F5N-SHMO,Mold Remediation Contractor License (SH126),First Response Home Services LLC,,1219 7th Street,,West Babylon,NY,11704,6315875300,06/11/2026,06/30/2028,Active
25-67CG1-SHMO,Mold Assessment Contractor License (SH125),"Fisher Associates, PE, LS, LA, DPC",,180 Charlotte St,,ROCHESTER,NY,14607,5853341310,11/26/2025,11/30/2027,Active
01815,Mold Assessment Contractor License (SH125),Flow's Construction Corporation,,17 Dulancey Ct,,Staten Island,NY,10301,7186756445,11/22/2022,11/30/2024,Expired
26-6ACIF-SHMO,Mold Remediation Contractor License (SH126),Force Ready Remediation LLC,Frederick,2248 Broadway,#1027,New York,NY,10024,6468384925,06/29/2026,06/30/2028,Active
25-67LA4-SHMO,Mold Remediation Contractor License (SH126),"Foxglove Equity Group, Inc.",RestoPros of Hudson Valley,6 Northway Lane,Suite B05,Latham,NY,12110,5188186536,12/29/2025,12/31/2027,Active
26-679BP-SHMO,Mold Remediation Contractor License (SH126),Frank and Derek enterprises INC,,213 Maple Street,,Glens Falls,NY,12801,5187937044,02/03/2026,02/29/2028,Active
25-6UXC6-SHMO,Mold Remediation Contractor License (SH126),Fresh Maintenance Restoration Inc,,13 Claudet Way,,Eastchester,NY,10709,9176230205,08/14/2025,08/31/2027,Active
01516,Mold Assessment Contractor License (SH125),"Fuss & O'Neill EnviroScience, LLC",,146 Hartford Rd,,MANCHESTER,CT,06040,8606462469,06/04/2020,03/31/2024,Expired
00586,Mold Assessment Contractor License (SH125),G-Net Construction Corp,,360 Targee Street,,Staten Island,NY,10304,7184477878,03/28/2016,03/31/2024,Expired
26-693KI-SHMO,Mold Remediation Contractor License (SH126),G. M. CONSTRUCTION & HOME IMPROVEMENT CORP,,21 MARLBOROUGH RD,,BROOKLYN,NY,11226,3473863242,08/19/2026,08/31/2028,Active
24-64YLV-SHMO,Mold Remediation Contractor License (SH126),GBS Restoration Services Corp.,Servicemaster Restoration By GBS,"333 W Merrick Rd, Unit B",,VALLEY STREAM,NY,11580,7185537768,12/13/2024,12/31/2026,Active
24-6Z4ZV-SHMO,Mold Remediation Contractor License (SH126),GG General Contractor Inc,,245 Davis Ave,,BRONX,NY,10465,9175642588,04/17/2024,04/30/2026,Expired
25-647NZ-SHMO,Mold Assessment Contractor License (SH125),GLS Inspections LLC,,41-15 Elaine Terrace,,Fair Lawn,NJ,07410,7185045200,02/28/2025,02/28/2027,Active
26-6SD1I-SHMO,Mold Remediation Contractor License (SH126),GNP Environmental Inc,,266 Elverton Ave,,Staten Island,NY,10308,6462384322,02/02/2026,02/29/2028,Active
25-6LSAS-SHMO,Mold Remediation Contractor License (SH126),"GRAMERCY GROUP, INC.",,3000 Burns Avenue,,Wantagh,NY,11793,5168760020,08/28/2025,08/31/2027,Active
25-6HAQE-SHMO,Mold Assessment Contractor License (SH125),Gaia Environmental Inspections LLC,,151 Miriam Parkway,,Elmont,NY,11003,5169068422,09/25/2025,09/30/2027,Active
24-6AFER-SHMO,Mold Assessment Contractor License (SH125),Garda Enterprises Inc.,,"25 Rockledge Ave, Apt 715E",,White Plains,NY,10601,6465003170,05/16/2024,05/31/2026,Expired
26-6ACF1-SHMO,Mold Assessment Contractor License (SH125),Genesis Environmental Consultants Inc.,,3353 Vernon Blvd,1st Fl,Astoria,NY,11106,7189328505,04/07/2026,04/30/2028,Active
25-6LCJ7-SHMO,Mold Assessment Contractor License (SH125),Geo Environmental Co. Inc.,,170 Loder Road,,YORKTOWN HEIGHTS,NY,10598,9149621086,10/23/2025,10/31/2027,Active
26-6AGHL-SHMO,Mold Remediation Contractor License (SH126),Global Mold Solutions LLC,,128 Duane Street,,Farmingdale,NY,11735,6316814261,08/13/2026,05/31/2028,Active
24-6SL1V-SHMO,Mold Remediation Contractor License (SH126),Gloria Construction Inc,,152 Carteret Ave,,Carteret,NJ,07008,9179407575,02/13/2024,02/28/2026,Expired
25-6TJY8-SHMO,Mold Assessment Contractor License (SH125),GoldenFure Home Inspections LLC,,418 Broadway Ste Y,,Albany,NY,12207,5182586178,03/12/2025,04/30/2027,Active
23-6LFDP-SHMO,Mold Assessment Contractor License (SH125),"Granite Inspection Group, Inc.",,2600 SOUTH RD  SUITE 44-321,,POUGHKEEPSIE,NY,12601,8456352552,10/23/2023,12/31/2025,Expired
24-6AQHX-SHMO,Mold Assessment Contractor License (SH125),Green City Restoration Corp.,,31 Daly Road,,East Northport,NY,11731,6317141222,06/13/2024,06/30/2026,Expired
26-6ZTB4-SHMO,Mold Assessment Contractor License (SH125),Green Genie LLC,,594 Sheridan Drive,,Tonawanda,NY,14150,7164666653,01/26/2026,01/31/2028,Active
26-6ZE6H-SHMO,Mold Remediation Contractor License (SH126),Green Orchard Group LLC,,39-27 29th Street,Suite 1,Long Island City,NY,11101,2122198261,03/18/2026,03/31/2028,Active
25-6SCEE-SHMO,Mold Assessment Contractor License (SH125),Green Tree Environmental LLC,,356 Paradise Road,,CENTRAL SQUARE,NY,13036,,12/29/2025,12/31/2027,Active
26-6ZUZP-SHMO,Mold Remediation Contractor License (SH126),"Greenbriar Construction Services, LLC",,Box 330,,WYNANTSKILL,NY,12198,5186216512,03/16/2026,03/31/2028,Active
01716,Mold Remediation Contractor License (SH126),Gregory Breda,Peak Builders and Contracting,51 Swezey Ln,,MIDDLE ISLAND,NY,11953,6319871663,03/01/2022,03/31/2024,Expired
23-6UNCH-SHMO,Mold Remediation Contractor License (SH126),Ground Up Environmental Inc.,,340 Saw Mill River Rd,,YONKERS,NY,10701,9143163209,06/29/2023,04/30/2025,Expired
00453,Mold Remediation Contractor License (SH126),"H & H Environmental Construction & Consulting, Inc.",,645 Route 212,,SAUGERTIES,NY,12477,8457070265,03/15/2016,03/31/2024,Expired
26-6SU8C-SHMO,Mold Assessment Contractor License (SH125),H.I.S. Home Inspection LTD.,Home Inspection Services,32 Long Meadow Drive,,New City,NY,10956,8458214063,02/20/2026,02/29/2028,Active
25-67QA4-SHMO,Mold Remediation Contractor License (SH126),HATZLOCHA INC.,,88 Forshay Road,,Monsey,NY,10952,8453647277,12/05/2025,12/31/2027,Active
24-6SDE1-SHMO,Mold Assessment Contractor License (SH125),"HERSH OF ALL TRADES, LLC",GREEN HOME SOLUTIONS,18 EMWILTON PLACE,,OSSINING,NY,10562,9146295655,01/30/2024,01/31/2026,Expired
23-61XEK-SHMO,Mold Remediation Contractor License (SH126),HNR Restoration Inc,,732 Route 25A,,East Setauket,NY,11733,6313711280,10/11/2023,10/31/2025,Expired
00525,Mold Assessment Contractor License (SH125),"Habitat Home & Building Inspection Services, Inc.",,103 Orchard Lane,,HOPEWELL JUNCTION,NY,12533,8457974348,02/24/2016,03/31/2024,Expired
23-6UYSX-SHMO,Mold Remediation Contractor License (SH126),Harisi Energy LLC,,55 Broad St,,Amsterdam,NY,12010,2038418476,06/22/2023,06/30/2025,Expired
26-6A3ZE-SHMO,Mold Remediation Contractor License (SH126),Haven Property Solutions LLC,,13 Venturi Rd,,Slate hill,NY,10973,8456444033,06/22/2026,06/30/2028,Active
26-6AF8V-SHMO,Mold Assessment Contractor License (SH125),Healthy Home Assessments LLC,,235 Root road,,Brockport,NY,14420,5857384501,04/29/2026,04/30/2028,Active
24-63PE4-SHMO,Mold Remediation Contractor License (SH126),Healthy Spaces Mold Mitigation LLC,,1163 Spencerport Rd,,ROCHESTER,NY,14606,5857556332,10/09/2024,01/31/2026,Expired
25-6TPH7-SHMO,Mold Assessment Contractor License (SH125),"Hemco Environmental, LLC",,466 Main Street,LL60,New Rochelle,NY,10801,8774362636,05/27/2025,05/31/2027,Active
01738,Mold Remediation Contractor License (SH126),Hi-Tech Contractors Corp,,106 Schumacher Dr,,NEW HYDE PARK,NY,11040,5164697540,04/28/2022,04/30/2024,Expired
24-63R1X-SHMO,Mold Remediation Contractor License (SH126),"High Quality Restoration, LLC",,1184 Emerson St,,ROCHESTER,NY,14606,5853550413,09/05/2024,07/31/2026,Expired
25-67QKO-SHMO,Mold Assessment Contractor License (SH125),Hill Environmental Services,Hill Environmental,855 Bloomfield Ave,Suite 205B,Glen Ridge,NJ,07028,7324534946,12/04/2025,12/31/2027,Active
24-6AEGI-SHMO,Mold Remediation Contractor License (SH126),"Holley Environmental and Weatherization, LLC",,39A  Aconbury Drive,,Fairport,NY,14480,5854742074,05/24/2024,05/31/2026,Expired
26-66DSL-SHMO,Mold Assessment Contractor License (SH125),Home Restoration Services LLC,,99 lynncliff rd,,hampton bays,NY,11946,6318333904,02/20/2026,02/29/2028,Active
24-6A8T5-SHMO,Mold Remediation Contractor License (SH126),Home-Maid Services Inc.,Fresh Start,540 Hopkins St,,BUFFALO,NY,14220,7168280123,05/23/2024,05/31/2026,Expired
01710,Mold Remediation Contractor License (SH126),Homepro Restorations Inc,,"599 Albany Ave, Unit E",,AMITYVILLE,NY,11701,6316091794,02/14/2022,02/28/2024,Expired
25-64ADN-SHMO,Mold Assessment Contractor License (SH125),"HouseWise Inspection, LLC",,326 1/2 West Maple st,,Corinth,NY,12822,5186546293,02/12/2025,03/31/2027,Active
23-6TJMX-SHMO,Mold Assessment Contractor License (SH125),Hudson Valley Home Inspections LLC,,28 Lakeview Dr.,,Newburgh,NY,12550,8458633326,04/20/2023,03/31/2025,Expired
23-6UUNA-SHMO,Mold Assessment Contractor License (SH125),Hudson Valley Restoration Services LLC,,189 Farraget Cir,,New Rochelle,NY,10801,9146038000,09/08/2023,09/30/2025,Expired
25-65P96-SHMO,Mold Remediation Contractor License (SH126),Hydradyne Inc.,1800 Water Damage of Nassau County,160 Engineers Dr.,,Hicksville,NY,11801,5164126000,04/21/2025,04/30/2027,Active
01750,Mold Assessment Contractor License (SH125),Hynes Home Inspections LLC,,3 Westview Drive,,POUGHKEEPSIE,NY,12603,8453900363,07/01/2022,07/31/2024,Expired
26-6ZCYO-SHMO,Mold Remediation Contractor License (SH126),"IAC-Indoor Aircare Professionals, Inc.",,140 Gary Way,,Ronkonkoma,NY,11779,6314517500,02/13/2026,02/29/2028,Active
23-6UXZG-SHMO,Mold Assessment Contractor License (SH125),IG Restoration Group LLC,Green Restoration,304 Wilson Ave.,,Norwalk,CT,06854,2037421702,08/23/2023,08/31/2025,Expired
25-61CVP-SHMO,Mold Assessment Contractor License (SH125),INSPECTICORE INC.,,319 E. Main St,,Smithtown,NY,11787,6313662776,11/07/2025,10/31/2027,Active
26-6AX5A-SHMO,Mold Assessment Contractor License (SH125),"Icon Home Inspections, LLC",,2614 Lavin Ct,,Troy,NY,12180,5182295323,07/21/2026,07/31/2028,Active
25-67EGV-SHMO,Mold Remediation Contractor License (SH126),Imperial Restoration Services LLC,,114-19 115th street,,South ozone park,NY,11420,5852000263,11/11/2025,11/30/2027,Active
26-6ZEDJ-SHMO,Mold Remediation Contractor License (SH126),Indoor Air Professionals Inc,,800 Commerce Parkway,,Lancaster,NY,14086,7166833000,02/12/2026,02/29/2028,Active
00826,Mold Assessment Contractor License (SH125),Indoor Environmental Diagnostics & Solutions LLC,,90 highland lane,,IRVINGTON,NY,10533,9145916651,07/26/2016,09/30/2024,Expired
01270,Mold Remediation Contractor License (SH126),Inmediate Property Management Corp,,"4 Executive Plaza, Ste 132",,YONKERS,NY,10701,9146645888,11/05/2018,11/30/2024,Expired
23-61VC9-SHMO,Mold Remediation Contractor License (SH126),Inspective Home Inspection Corp.,,445 Broad Hollow Rd,Suite 25 #35,Melville,NY,11747,6315137482,09/29/2023,09/30/2025,Expired
26-63YEN-SHMO,Mold Assessment Contractor License (SH125),Inspextro Inc,,118-21 Queens Blvd Suite 505 Forest Hills,,Forest Hills,NY,11375,6315605803,06/26/2026,08/31/2028,Active
23-6IGNC-SHMO,Mold Assessment Contractor License (SH125),Interstate Property Inspections Inc.,,22 Brookdale Road,,Brockport,NY,14420,5857217770,12/12/2023,01/31/2026,Expired
26-69L68-SHMO,Mold Remediation Contractor License (SH126),Irvin Ackerman,Enviro Clean,2424 4th Ave,,Watervliet,NY,12189,5182539263,08/04/2026,08/31/2028,Active
25-64C5R-SHMO,Mold Remediation Contractor License (SH126),Island Emergency Disaster Restoration Inc,,191 Melville Rd,,Farmingdale,NY,11735,7186900567,01/09/2025,12/31/2026,Active
23-6TQZY-SHMO,Mold Assessment Contractor License (SH125),"J Squared Home Inspections, LLC",,8 Cypress Pt,,Clifton park,NY,12065,5186691574,05/25/2023,05/31/2025,Expired
25-67ULR-SHMO,Mold Assessment Contractor License (SH125),J. J. Pyles Wallcovering etc. LLC,,46 SUGAR MAPLE AVE,,Newfoundland,NJ,07435,3018014130,12/23/2025,12/31/2027,Active
23-6UKS3-SHMO,Mold Remediation Contractor License (SH126),J. William Restoration LLC,,584 Harvest Dr,,Rochester,NY,14626,4694392189,08/04/2023,08/31/2025,Expired
24-63FYB-SHMO,Mold Assessment Contractor License (SH125),J.A.M. Management Solutions LLC,,"377 Valley Road, Unit 3670",,Clifton,NJ,07013,2013736219,09/06/2024,09/30/2026,Active
26-6S7AE-SHMO,Mold Remediation Contractor License (SH126),J.J.W.I. Inc.,,143-24 184th St,,Springfield Gardens,NY,11413,3475529928,03/04/2026,03/31/2028,Active
26-69N59-SHMO,Mold Remediation Contractor License (SH126),JAM Restoration Inc.,Voda Cleaning & Restoration of Rochester,750 Lee Rd,Ste C,Rochester,NY,14606,5855531631,06/03/2026,06/30/2028,Active
26-6ZZIK-SHMO,Mold Remediation Contractor License (SH126),"JCM Mold Solutions, LLC",,109 Pennsylvania ave,,Syracuse,NY,13208,3153831803,07/06/2026,07/31/2028,Active
26-6SKVX-SHMO,Mold Remediation Contractor License (SH126),JEMICO CORP,Puroclean Emergency Restoration Specialists,33-23 Halsey Rd,,Fair Lawn,NJ,07410,2016931272,01/22/2026,01/31/2028,Active
26-6ZUZY-SHMO,Mold Remediation Contractor License (SH126),JM&J of Monroe County Inc.,,9 Evelyn Street,,Rochester,NY,14606,5852479090,06/10/2026,06/30/2028,Active
25-6H8XI-SHMO,Mold Remediation Contractor License (SH126),JP HANDA CONSTRUCTION INC,,23 WOODLAND RD,,VALLEY STREAM,NY,11581,9293930027,07/21/2025,07/31/2027,Active
23-6UEYA-SHMO,Mold Assessment Contractor License (SH125),"JPM Environmental Solutions, LLC",,16 Harcourt Cosman Drive,,Newburgh,NY,12550,8453922370,07/25/2023,07/31/2025,Expired
24-6A7US-SHMO,Mold Remediation Contractor License (SH126),Jaime Hidalgo,Strictly Cleaning Restoration,294 20th Street,,Brooklyn,NY,11215,3476727860,08/07/2024,08/31/2026,Expired
25-6SIUG-SHMO,Mold Remediation Contractor License (SH126),"Jasleen Construction, Corp",,146 1st Street,,HICKSVILLE,NY,11801,6462179761,12/30/2025,12/31/2027,Active
01715,Mold Remediation Contractor License (SH126),Jear Holding Corp.,Puro Clean of Wilton/Ridgefield,"24 Danbury rd, Ste 204",,WILTON,CT,06897,4752772400,02/23/2022,02/28/2024,Expired
01820,Mold Assessment Contractor License (SH125),Jessica's Advanced Environmental Solutions and Testing LLC,,13 Second St,,CAMDEN,NY,13316,3157619784,12/27/2022,12/31/2024,Expired
26-66JLS-SHMO,Mold Remediation Contractor License (SH126),"Jigsaw Property Maintenance & Restoration, LLC",,20 Carver Ave,,Westwood,NJ,07675,2014946510,03/11/2026,03/31/2028,Active
25-6L5FN-SHMO,Mold Remediation Contractor License (SH126),Joes Landscaping & Home Improvements Inc.,,6 Karnell St,,SPRING VALLEY,NY,10977,8454254750,06/18/2025,06/30/2027,Active
01817,Mold Assessment Contractor License (SH125),John Gabel,,3 Russell Lane,,PATCHOGUE,NY,11772,6313350467,12/13/2022,12/31/2024,Expired
25-65PLV-SHMO,Mold Assessment Contractor License (SH125),Jose Garcia,J Home Inspection Services,156 Lake Pointe Ct,,MIDDLE ISLAND,NY,11953,6319748175,04/18/2025,04/30/2027,Active
00585,Mold Assessment Contractor License (SH125),Joseph Penk,Mold Assessor,433 2nd St,,SCHENECTADY,NY,12306,5188886756,03/28/2016,03/31/2025,Expired
26-6ZEC3-SHMO,Mold Remediation Contractor License (SH126),"Jupiter Environmental Services, Inc.",,323 Changebridge Rd. Suite 100,,Pine Brook,NJ,07058,9735758700,02/09/2026,02/29/2028,Active
26-6Z58U-SHMO,Mold Remediation Contractor License (SH126),"K.A.M. of Western Dutchess County, Inc.","Servpro of Western Dutchess County, Servpro of Kingston/New Paltz",10 Lumen Lane,,Highland,NY,12528,8458313600,04/07/2026,04/30/2028,Active
26-6SIPU-SHMO,Mold Remediation Contractor License (SH126),KALRA CONSTRUCTION CORP,,2696 W ALDER RD,,BELLMORE,NY,11710,9176344486,02/12/2026,02/29/2028,Active
26-6S6NB-SHMO,Mold Remediation Contractor License (SH126),KC Restoration Corp,,191 Lee Ave,,Hicksville,NY,11801,3474597553,02/04/2026,02/29/2028,Active
26-69LR4-SHMO,Mold Assessment Contractor License (SH125),KELLEY RESTORATIONLLC,,610 ATLANTIC AVE,,NORTH CAPE MAY,NJ,08204,7184008991,07/31/2026,07/31/2028,Active
01867,Mold Remediation Contractor License (SH126),KJN Construction Corp,,329 E 132th Street  Apt 2D,,BRONX,NY,10454,3477395345,08/29/2022,08/31/2024,Expired
23-6UOHE-SHMO,Mold Remediation Contractor License (SH126),KMR Restoration Corp.,1-800 Water Damage of North and West Suffolk & North Fork,215 Stuyvesant Drive,,Selden,NY,11784,6317451599,08/29/2023,08/31/2025,Expired
25-64ZI3-SHMO,Mold Remediation Contractor License (SH126),"KPM Restoration, Inc.",,5 Knabner Road,,Mechanicville,NY,12118,5188599769,02/11/2025,02/28/2027,Active
24-6ZEHY-SHMO,Mold Assessment Contractor License (SH125),Kaltech Environmental Services LLC,,"257 Park Ave South, Ste 303",,NEW YORK,NY,10010,,03/07/2024,03/31/2025,Expired
25-64JTE-SHMO,Mold Assessment Contractor License (SH125),Katrisha Fields,Capital Movements Environmental,3 Cuthbert Street,,Schenectady,NY,12302,5189172245,01/02/2025,01/31/2027,Active
24-64EGV-SHMO,Mold Remediation Contractor License (SH126),Kennard Codrington,,"12610 95th Ave, 2nd Floor",,South Richmond,NY,11419,3477918099,12/30/2024,12/31/2026,Active
26-6ZQRZ-SHMO,Mold Assessment Contractor License (SH125),Kevin Geertgens,,6 16th Street,,Bayville,NY,11709,9144977638,04/14/2026,04/30/2028,Active
25-6ZSKG-SHMO,Mold Remediation Contractor License (SH126),Kiko's Construction Corp.,,4122 45th Street,Suite 1A,Sunnyside,NY,11104,9294620303,08/12/2025,03/31/2027,Active
25-6TXUY-SHMO,Mold Remediation Contractor License (SH126),King of Steam Corp,,130 Knickerbocker Ave Unit F,,Bohemia,NY,11716,6315608999,04/03/2025,04/30/2027,Active
26-69XVZ-SHMO,Mold Assessment Contractor License (SH125),Klen Space Inc.,,4555 Shearwater Lane,,Naples,FL,34119,6465881455,07/14/2026,07/31/2028,Active
24-6A3X4-SHMO,Mold Remediation Contractor License (SH126),Kyn 6 Inc.,,1685 Middle Country Road,,Centereach,NY,11720,6313848663,07/22/2024,07/31/2026,Expired
24-64JEV-SHMO,Mold Remediation Contractor License (SH126),L&J Home Improvement Solutions Inc,,2665 Homecrest ave #5A,,BROOKLYN,NY,11235,9173354240,12/31/2024,02/28/2027,Active
23-6TXW3-SHMO,Mold Remediation Contractor License (SH126),LARK CONTRACTING LLC,,180 East Prospect Ave,Suite 2,Mamaroneck,NY,10543,6464761606,06/02/2023,06/30/2025,Expired
01759,Mold Assessment Contractor License (SH125),LDN Consulting Company Inc,,234 west 137th st,,NEW YORK,NY,10030,2128763900,07/15/2022,07/31/2024,Expired
26-6IO5K-SHMO,Mold Remediation Contractor License (SH126),"LEW Environmental Services, LLC",Environmental,181 US Hwy 46,,Mine Hill,NJ,07803,9086548068,01/29/2026,01/31/2028,Active
25-65KFU-SHMO,Mold Remediation Contractor License (SH126),LL Evolution Inc,,456 drumgoole rd w,,staten island,NY,10312,3473691545,04/07/2025,04/30/2027,Active
24-634Y3-SHMO,Mold Remediation Contractor License (SH126),LSR Enterprises Inc.,Lightspeed Restoration of Orange County NY,449 E Main Street,,Middletown,NY,10940,8456740078,11/27/2024,11/30/2026,Active
26-69XIG-SHMO,Mold Assessment Contractor License (SH125),"Ladies First Environmental Group, Inc.",,543 15th St,,West Babylon,NY,11704,8553725234,07/15/2026,07/31/2028,Active
26-6Z9EA-SHMO,Mold Assessment Contractor License (SH125),Lam Risk Management Corp,,51 Pierce Street,,Staten Island,NY,10304,9173261516,05/20/2026,05/31/2028,Active
01788,Mold Assessment Contractor License (SH125),Lanham and Associates LLC,,60 Alder Lane,,SHIRLEY,NY,11967,6315662960,10/07/2022,10/31/2024,Expired
25-6LUSO-SHMO,Mold Assessment Contractor License (SH125),Lawrence Env. LLC,,"108 W 39th St, Ste 507",,NEW YORK,NY,10018,2126822001,11/05/2025,01/31/2028,Active
25-64XAO-SHMO,Mold Remediation Contractor License (SH126),Lead & Mold Detectives LLC,,2 quail path,,GLEN HEAD,NY,11545,5167075469,01/17/2025,03/31/2027,Active
01240,Mold Remediation Contractor License (SH126),Lead Clearance Inc,,74 Meade Loop,,STATEN ISLAND,NY,10309,3476995323,08/01/2018,08/31/2024,Expired
25-67VAI-SHMO,Mold Assessment Contractor License (SH125),Lead Renovation LLC,,241 Sheraden Ave,,Staten Island,NY,10314,7189382867,11/25/2025,11/30/2027,Active
01608,Mold Assessment Contractor License (SH125),Lead-Tek Inspections LLC,,186 Rye Hill Rd,,MONROE,NY,10950,8452491987,04/15/2021,03/31/2024,Expired
26-6SYNH-SHMO,Mold Assessment Contractor License (SH125),"LiRo Engineers, Inc.",,3 Aerial Way,,Syosset,NY,11791,5165952900,02/17/2026,02/29/2028,Active
25-6TKGA-SHMO,Mold Assessment Contractor License (SH125),Lighthouse Environmental Consultants,,PO Box 1208,,CARMEL,NY,10512,,05/01/2025,05/31/2027,Active
25-6UMZK-SHMO,Mold Assessment Contractor License (SH125),"Linnea Muller Real Estate & Mold Accessor, LLC",,583 Webster rd,,WEBSTER,NY,14580,5857526715,07/08/2025,07/31/2027,Active
01045,Mold Assessment Contractor License (SH125),Long Island Analytical Laboratories Inc.,,110 COLIN DRIVE,,HOLBROOK,NY,11741,6314723400,03/09/2017,10/31/2024,Expired
25-61JSX-SHMO,Mold Remediation Contractor License (SH126),LongFellow Group LLC,,525 Longfellow Ave,,BRONX,NY,10474,7186170264,10/09/2025,10/31/2027,Active
25-6ugjn-shmo,Mold Assessment Contractor License (SH125),"Lozier, Inc",,150-48 14th avenue,,WHITESTONE,NY,11357,7187670484,02/19/2025,02/28/2027,Active
25-6HPHR-SHMO,Mold Remediation Contractor License (SH126),Lux Restoration Services LLC,,27 Mills Rd,,Stony Brook,NY,11790,6313571757,08/15/2025,08/31/2027,Active
25-6HEQ7-SHMO,Mold Assessment Contractor License (SH125),"M & J Engineering, D.P.C",,2003 Jericho Turnpike,,New Hyde Park,NY,11040,5168217309,07/24/2025,07/31/2027,Active
25-6IKUL-SHMO,Mold Assessment Contractor License (SH125),M E Holvey Consulting LLC,,"4 Kalleston Dr, PO Box 1252",,PITTSFORD,NY,14534,,12/11/2025,12/31/2027,Active
26-6ZXB1-SHMO,Mold Assessment Contractor License (SH125),"M&M Pest Control, Inc.",M&M Environmental,39-27 29th Street,Suite 2,Long Island City,NY,11101,2122198218,03/10/2026,03/31/2028,Active
25-6IFQ4-SHMO,Mold Remediation Contractor License (SH126),"MARZEG OF JEFFERSON COUNTY, INC.",Servpro of Jefferson County,800 Starbuck Ave,Suite B-4,Watertown,NY,13601,3157778377,11/21/2025,01/31/2028,Active
24-6A1DR-SHMO,Mold Remediation Contractor License (SH126),"MBH Services, Inc.",,21 Mill Pond Drive,,Rochester,MA,02770,5087890983,06/24/2024,06/30/2026,Expired
26-6AFZ6-SHMO,Mold Assessment Contractor License (SH125),"MCR Property Services, LLC",All County Home Inspections,2171 Monroe Avenue,Suite 2,Rochester,NY,14618,5857734001,06/04/2026,06/30/2028,Active
25-6H676-SHMO,Mold Assessment Contractor License (SH125),MEDUNA LLC,,23 Village Circle South,,Manorville,NY,11949,9175592861,10/17/2025,10/31/2027,Active
26-66476-SHMO,Mold Remediation Contractor License (SH126),MHL Construction Corporación,,6973 Grand Ave,,Maspeth,NY,11378,9294176776,05/07/2026,05/31/2028,Active
25-6LD57-SHMO,Mold Remediation Contractor License (SH126),"MJT Contracting, Inc.",,605 W Genesee St,Suite 605,Syracuse,NY,13204,3158771885,10/23/2025,10/31/2027,Active
25-647VK-SHMO,Mold Assessment Contractor License (SH125),MMDK552 GROUP LLC,,650 Hillside Ave,,New Hyde Park,NY,11040,5163286600,02/28/2025,02/28/2027,Active
01469,Mold Assessment Contractor License (SH125),MOLDETECTIVES LLC,,"2071 Flatbush Avenue, #50",,BROOKLYN,NY,11234,3473858369,01/15/2020,01/31/2024,Expired
25-6TMBQ-SHMO,Mold Remediation Contractor License (SH126),MR MOLD NY LLC,,425 Grand Concourse,Apt. 18A,Bronx,NY,10451,5162348186,06/04/2025,06/30/2027,Active
25-6HNZX-SHMO,Mold Assessment Contractor License (SH125),MVP Home Inspections Inc,,141 Elmwood St,,Valley Stream,NY,11581,5168819884,07/03/2025,07/31/2027,Active
24-63XJR-SHMO,Mold Assessment Contractor License (SH125),"Mae Consultants, LLC",,99 Madison Ave,Suite 615,New York,NY,10016,5166202833,10/16/2024,11/30/2026,Active
25-64HEE-SHMO,Mold Remediation Contractor License (SH126),Mali Construction 1 Inc.,,314 Oder Ave,,Staten Island,NY,10304,6463924040,02/26/2025,02/28/2027,Active
26-638Z7-SHMO,Mold Remediation Contractor License (SH126),Manhattan Lead LLC,,1375 Coney Island Ave,Suite 201,Brooklyn,NY,11230,2122261614,07/30/2026,07/31/2028,Active
23-61CT3-SHMO,Mold Assessment Contractor License (SH125),"Marathon Home Inspections, LLC",,7 Erie Street,,Watervliet,NY,12189,5182567437,10/04/2023,10/31/2025,Expired
26-6AR34-SHMO,Mold Remediation Contractor License (SH126),"Mark Cerrone, Inc.",,2368 Maryland Avenue,,Niagara Falls,NY,14305,7167549226,04/13/2026,04/30/2028,Active
25-6475P-SHMO,Mold Remediation Contractor License (SH126),"Martin Environmental Services, Inc.",,1710 Erie Blvd.,,SCHENECTADY,NY,12308,5183455800,03/03/2025,03/31/2027,Active
23-6UFBC-SHMO,Mold Assessment Contractor License (SH125),Mathew Carey-Morley,,330 Dunham Hollow Rd,,AVERILL PARK,NY,12018,5186055176,07/13/2023,07/31/2025,Expired
24-6A65J-SHMO,Mold Remediation Contractor License (SH126),Maven Construction Corp,,617 Johnson Ave,,BROOKLYN,NY,11237,9177500213,08/12/2024,09/30/2026,Active
26-6ZULR-SHMO,Mold Assessment Contractor License (SH125),"Maypole Environmental Inspections, LLC",,299 Broadway,Suite 1320,New York,NY,10007,6467130347,04/28/2026,04/30/2028,Active
25-6IF5N-SHMO,Mold Remediation Contractor License (SH126),"McCabe Environmental Services, L.L.C.",,464 Valley Brook Ave,,LYNDHURST,NJ,07071,2014384839,11/20/2025,01/31/2028,Active
25-64SK4-SHMO,Mold Remediation Contractor License (SH126),Melani Contracting Inc,,163 Rhine ave,,Staten island,NY,10304,9175771942,02/06/2025,02/28/2027,Active
26-63R9E-SHMO,Mold Remediation Contractor License (SH126),Meridian Construction Group Inc,,154-04 11th Ave,,Whitestone,NY,11357,9175799464,01/20/2026,01/31/2028,Active
26-6751U-SHMO,Mold Assessment Contractor License (SH125),Metro Mold Specialists,,1755 east 14 street,,Brooklyn,NY,11229,3472556501,01/22/2026,01/31/2028,Active
01472,Mold Assessment Contractor License (SH125),Michael Kirkpatrick,Quality Home Inspection Services,104 E. Cedar Street,,POUGHKEEPSIE,NY,12601,8452244429,01/22/2020,01/31/2024,Expired
26-66HGG-SHMO,Mold Assessment Contractor License (SH125),Microbial Growth Management,,33-59 Campbell Dr,,Bronx,NY,10465,9175233032,05/12/2026,05/31/2028,Active
24-6TJA8-SHMO,Mold Remediation Contractor License (SH126),Mid Valley Contractors Inc,,32 WALNUT ST,,NEW WINDSOR,NY,12553,8455654089,12/31/2024,02/28/2027,Active
25-6HDCG-SHMO,Mold Remediation Contractor License (SH126),Mildew Busters inc,,Box 1073 14 Hudson Ave,,SHELTER ISLAND HEIGHTS,NY,11965,6317495900,07/07/2025,07/31/2027,Active
25-67GIE-SHMO,Mold Assessment Contractor License (SH125),Mindful Solutions NY LLC,,208 Meserole St,2,Brooklyn,NY,11206,6464967039,11/06/2025,11/30/2027,Active
26-6AZDR-SHMO,Mold Assessment Contractor License (SH125),Mold Agent Group Inc.,,1587 East 12th Street,,Brooklyn,NY,11230,7184406738,06/10/2026,06/30/2028,Active
25-6UOSH-SHMO,Mold Assessment Contractor License (SH125),"Mold Authority NYC, LLC",,30 Hunter Place,,STATEN ISLAND,NY,10301,9176970475,09/12/2025,09/30/2027,Active
25-644PO-SHMO,Mold Assessment Contractor License (SH125),Mold Finder LLC,,114 Brighton Way,,Merrick,NY,11566,6465220152,02/20/2025,02/28/2027,Active
23-6INZY-SHMO,Mold Assessment Contractor License (SH125),Mold Pro Inc.,,66 Deer Run,,WADING RIVER,NY,11792,6319295454,12/07/2023,12/31/2025,Expired
26-66D4G-SHMO,Mold Remediation Contractor License (SH126),Mold Proof Inc,,800 BEDFORD AVE,APT 1B,BROOKLYN,NY,11205,9296993049,02/20/2026,02/29/2028,Active
26-6A4P4-SHMO,Mold Remediation Contractor License (SH126),Mold Water Remediation Corp,,1661 East 12th st,,Brooklyn,NY,11229,2124325803,05/15/2026,07/31/2028,Active
01831,Mold Remediation Contractor License (SH126),"Mold and Lead Solutions, Inc.",,"7115 Fort Hamilton Pkwy, 2 FL",,BROOKLYN,NY,11228,7186141222,12/30/2020,08/31/2024,Expired
24-6ANCH-SHMO,Mold Remediation Contractor License (SH126),Moldman LLC,,10 Sumpter St,,ALBANY,NY,12205,5188598145,05/08/2024,05/31/2026,Expired
01877,Mold Remediation Contractor License (SH126),Moonlight Renovations Corp,,1411 Townsend Ave C9,,BRONX,NY,10452,3479578989,10/14/2022,10/31/2024,Expired
25-6LDQ6-SHMO,Mold Remediation Contractor License (SH126),Mr. Mold Free Inc.,,22-14 40th St Ste 1R,,LONG ISLAND CITY,NY,11101,9177755393,10/21/2025,10/31/2027,Active
24-63BCQ-SHMO,Mold Assessment Contractor License (SH125),My Mold Finder Inc,,59 Concord Rd,,Carmel,NY,10512,9147724451,08/22/2024,08/31/2026,Expired
26-6IC9G-SHMO,Mold Remediation Contractor License (SH126),NEBCOM INC.,,35-61 Vernon Blvd.,,Long Island City,NY,11106,7189321280,01/08/2026,12/31/2027,Active
25-65VVP-SHMO,Mold Assessment Contractor License (SH125),"NEXT LEVEL AIR QUALITY, INC.",,2A Virginia Ave,,Huntington,NY,11743,6316735337,04/10/2025,04/30/2027,Active
25-6HYJQ-SHMO,Mold Remediation Contractor License (SH126),NORTH JERSEY RESTORATION LLC,911 RESTORATION OF WESTERN BERGEN COUNTY,141 Long Hill Road,,Oakland,NJ,07436,2019615656,06/25/2025,06/30/2027,Active
26-66C4C-SHMO,Mold Remediation Contractor License (SH126),"NRC East Environmental Services, Inc.",,3 Edgewater Drive,Suite 101,Norwood,MA,02062,3154631643,03/23/2026,03/31/2028,Active
26-6A139-SHMO,Mold Remediation Contractor License (SH126),"NSC Abatement Services, Inc.",,122 East Third Street,,Mount Vernon,NY,10550,9146684111,06/04/2026,06/30/2028,Active
25-6TKWC-SHMO,Mold Remediation Contractor License (SH126),NTM Enterprises LLC,,68-10 52nd Drive,,Maspeth,NY,11378,9178284025,04/11/2025,04/30/2027,Active
01752,Mold Assessment Contractor License (SH125),"J.K. HEATH, INC.",,105 Sugar Maple Dr.,,ROCHESTER,NY,14615,5857879970,07/01/2022,07/31/2024,Expired
26-69DR9-SHMO,Mold Assessment Contractor License (SH125),JAM Restoration Inc.,Voda Cleaning & Restoration of Rochester,750 Lee Rd,Ste C,Rochester,NY,14606,5855531631,06/04/2026,06/30/2028,Active
25-6T8IZ-SHMO,Mold Assessment Contractor License (SH125),JD Environmental inc,,5014 16th Ave Ste 522,,BROOKLYN,NY,11204,7184380370,02/19/2025,02/28/2027,Active
25-65O7A-SHMO,Mold Remediation Contractor License (SH126),JL White Management Inc,,119 Montgomery Ave,,Scarsdale,NY,10583,9148745424,04/30/2025,04/30/2027,Active
25-65SA7-SHMO,Mold Assessment Contractor License (SH125),JOANIX CONSTRUCTION CORP.,,418 BROADWAY STE R,,ALBANY,NY,12207,3473261062,05/21/2025,05/31/2027,Active
25-6H8XL-SHMO,Mold Assessment Contractor License (SH125),JP HANDA CONSTRUCTION INC,,23 WOODLAND RD,,VALLEY STREAM,NY,11581,9293930027,07/21/2025,07/31/2027,Active
25-6LLAI-SHMO,Mold Remediation Contractor License (SH126),JVN Restoration Inc,,6233 Amboy Rd,,STATEN ISLAND,NY,10309,,11/18/2025,01/31/2028,Active
25-6H4UC-SHMO,Mold Remediation Contractor License (SH126),Jair & Ryan Home Improvement Inc,,PO BOX 390,,BRONX,NY,10457,,10/02/2025,10/31/2027,Active
01736,Mold Assessment Contractor License (SH125),Jason C Whipple Assessment LLC,,922 Shardon Ct,,SCHENECTADY,NY,12306,,06/07/2022,06/30/2024,Expired
24-6AEDY-SHMO,Mold Assessment Contractor License (SH125),Jedol Associates Inc.,,477 Ronkonkoma Ave,,West Hempstead,NY,11552,5167661273,05/23/2024,06/30/2026,Expired
01907,Mold Remediation Contractor License (SH126),Jessica's Advanced Environmental Solutions and Testing LLC,,13 Second St,,CAMDEN,NY,13316,3157619784,01/05/2023,12/31/2024,Expired
26-6SKRA-SHMO,Mold Assessment Contractor License (SH125),Jihad Mounir Boukhari LLC,,"362 West 52nd Street, Apt 23",,New York,NY,10019,4084272316,01/27/2026,01/31/2028,Active
25-6SVRR-SHMO,Mold Assessment Contractor License (SH125),Joes Landscaping & Home Improvements Inc.,,6 Karnell St,,SPRING VALLEY,NY,10977,8454254750,06/18/2025,06/30/2027,Active
00580,Mold Assessment Contractor License (SH125),John H. Veivia,Accurate Home Inspector,2201 State Highway 162,,ESPERANCE,NY,12066,5188689755,03/28/2016,03/31/2024,Expired
01686,Mold Assessment Contractor License (SH125),Joseph Hayes,,12 lamplighter lane,,SARATOGA SPRINGS,NY,12866,5183667366,01/14/2022,01/31/2024,Expired
00287,Mold Assessment Contractor License (SH125),Joseph V Petrozola,The Home Dedective - Home Inspection Service,1579 Valencia Road,,Niskayuna,NY,12309,5183726597,01/26/2016,01/31/2024,Expired
24-63XTV-SHMO,Mold Remediation Contractor License (SH126),Just Right Services Corp.,,3670 W Oceanside Road,,Oceanside,NY,11572,5162550017,10/17/2024,10/31/2026,Active
24-63EDJ-SHMO,Mold Remediation Contractor License (SH126),"KA&S Construction, LLC",,109 Lake Ave,Suite 209,Hilton,NY,14468,5856634590,09/18/2024,09/30/2026,Active
26-6ZU8S-SHMO,Mold Assessment Contractor License (SH125),KAM CONSULTANTS CORP.,,35-40 36th Street,,Long Island City,NY,11106,7187291997,02/19/2026,02/29/2028,Active
25-65KAV-SHMO,Mold Assessment Contractor License (SH125),KD Solutions LLC,A Cleaner Image,150 Orchard Street,,WEBSTER,NY,14580,5853771960,04/08/2025,04/30/2027,Active
25-6TKKS-SHMO,Mold Remediation Contractor License (SH126),KES Emergency Services LLC,,61 Wilson Ave,,Kingston,NY,12401,8457503836,04/28/2025,04/30/2027,Active
24-6Z9D7-SHMO,Mold Remediation Contractor License (SH126),"KMG of Upstate, Inc",,10 Cross Street,,Castleton On Hudson,NY,12033,5185882210,04/30/2024,04/30/2026,Expired
23-6IO5D-SHMO,Mold Remediation Contractor License (SH126),KNS Services Corp.,,91-08 32nd Ave,E511,East Elmhurst,NY,11369,9292457864,12/28/2023,03/31/2025,Expired
26-66ZZ3-SHMO,Mold Assessment Contractor License (SH125),KRASHI CONTRACTING INC.,,32-66 80th St,Apt E2,East Elmhurst,NY,11370,3472811707,04/27/2026,04/30/2028,Active
24-64JKX-SHMO,Mold Remediation Contractor License (SH126),Kanaris LLC,,12-54 152nd Street,,Whitestone,NY,11357,6462353620,12/31/2024,12/31/2026,Active
24-61CGV-SHMO,Mold Remediation Contractor License (SH126),Kayafas Contracting Co. Inc.,,64-11 Broadway,,WOODSIDE,NY,11377,7184585545,10/22/2024,11/30/2026,Active
01859,Mold Remediation Contractor License (SH126),"Kennedy Property Maintenance, LLC",,201 Maple Ave,,SARATOGA SPRINGS,NY,12866,8457972868,02/17/2022,12/31/2024,Expired
24-636HG-SHMO,Mold Remediation Contractor License (SH126),"Kewis Enterprises, Inc.",ServiceMaster of White Plains,41 Columbus Ave,,NEW ROCHELLE,NY,10801,9143288894,12/11/2024,12/31/2026,Active
24-6ZSKR-SHMO,Mold Assessment Contractor License (SH125),Kiko's Construction Corp.,,4122 45th Street,Suite 1A,Sunnyside,NY,11104,9294620303,04/05/2024,04/30/2026,Expired
25-6LUQP-SHMO,Mold Remediation Contractor License (SH126),Kiss Construction Inc.,,59-11 56th St,,MASPETH,NY,11378,7183662090,10/24/2025,10/31/2027,Active
25-6U1RR-SHMO,Mold Assessment Contractor License (SH125),Korean Pest Control Corp,,162-27 Depot Rd #2R,,FLUSHING,NY,11358,7184631234,08/27/2025,08/31/2027,Active
24-6A3X3-SHMO,Mold Assessment Contractor License (SH125),Kyn 6 Inc.,,1685 Middle Country Road,,Centereach,NY,11720,6313848663,07/22/2024,07/31/2026,Expired
25-6HKFU-SHMO,Mold Assessment Contractor License (SH125),L&L Environmental LLC,,888 eastern parkway,,Brooklyn,NY,11213,7187533408,07/31/2025,07/31/2027,Active
25-6IFXC-SHMO,Mold Remediation Contractor License (SH126),LCCO PROPERTIES LLC,,39 Lafayette Ave Unit A,,WESTBURY,NY,11590,5166025362,12/12/2025,12/31/2027,Active
26-661AS-SHMO,Mold Assessment Contractor License (SH125),LEAD SAFE SOLUTIONS NYC LLC,,77-02,66TH DRIVE,FLUSHING,NY,11379,3472325691,04/09/2026,04/30/2028,Active
26-6IO4A-SHMO,Mold Assessment Contractor License (SH125),"LEW Environmental Services, LLC",Environmental,181 US Hwy 46,,Mine Hill,NJ,07803,9086548068,01/29/2026,01/31/2028,Active
23-6TJMI-SHMO,Mold Remediation Contractor License (SH126),LMR Group 1818 LLC,,Post Office Box 100606,,Brooklyn,NY,11210,9177579883,04/20/2023,04/30/2025,Expired
26-6ATLH-SHMO,Mold Assessment Contractor License (SH125),"LaBella Associates, DPC",,300 State Street,Suite 201,Rochester,NY,14614,5854546110,06/17/2026,06/30/2028,Active
26-63NAL-SHMO,Mold Remediation Contractor License (SH126),"Lake Side Contracting Co., Inc.",,1979 Harlem Rd,,Buffalo,NY,14212,7166816260,08/31/2026,08/31/2028,Active
01713,Mold Assessment Contractor License (SH125),Lance Dorfi LLC,,70 Westchester Ave,,POUND RIDGE,NY,10576,9146008044,03/23/2022,03/31/2024,Expired
24-6ZIBK-SHMO,Mold Assessment Contractor License (SH125),"Laurel Environmental Geosciences, D.P.C.",,53 West Hills Rd,,Huntington Station,NY,11746,6316730612,04/03/2024,04/30/2026,Expired
26-6ZF7H-SHMO,Mold Assessment Contractor License (SH125),"Lea Environmental, LLC",,900 Route 168,Suite E4,BLACKWOOD,NJ,08012,8562622335,01/12/2026,02/29/2028,Active
25-65BSU-SHMO,Mold Assessment Contractor License (SH125),Lead & Mold Detectives LLC,,2 quail path,,GLEN HEAD,NY,11545,5167075469,03/13/2025,03/31/2027,Active
24-631PA-SHMO,Mold Assessment Contractor License (SH125),"Lead Professionals, Inc.",,6 White Dove Ct,,LAKEWOOD,NJ,08701,7326689078,10/31/2024,09/30/2026,Active
26-66JTF-SHMO,Mold Assessment Contractor License (SH125),Lead-Safe Services,,977 Morris Park Ave,,Bronx,NY,10462,7184047721,03/11/2026,03/31/2028,Active
25-61JSU-SHMO,Mold Remediation Contractor License (SH126),Legacy Restoration of New York Inc.,,5 Nelson Ave,Suite 2,Wappingers Falls,NY,12590,8452644433,04/11/2025,04/30/2027,Active
24-6SDLG-SHMO,Mold Assessment Contractor License (SH125),Liberty Cleaning & Management LLC,A-Z Home and Building,29 Juanita Ave,,Huntington,NY,11743,5169879575,01/30/2024,01/31/2026,Expired
24-64GB6-SHMO,Mold Remediation Contractor License (SH126),Lighthouse Restoration and Construction LLC,LRC Contractors,27 Grand Ave,,Farmingdale,NY,11735,5165312468,12/23/2024,12/31/2026,Active
24-6SGPE-SHMO,Mold Remediation Contractor License (SH126),"Lisus Home Improvements, Corp.",,"224 West 4th Street, Suite 203",,New York,NY,10002,3472666042,02/02/2024,02/28/2026,Expired
24-63BPF-SHMO,Mold Assessment Contractor License (SH125),Long Island Mold Testing LLC,,114 Whalers Cv,,Babylon,NY,11702,6469824105,08/22/2024,08/31/2026,Expired
01707,Mold Remediation Contractor License (SH126),Lotz Incorporated,ServPro White Plains,67 Grant Ave.,,HARRISON,NY,10528,9146841560,02/04/2022,02/28/2024,Expired
25-64Q41-SHMO,Mold Remediation Contractor License (SH126),"Lucas Environmental Services, LLC",,75 Pleasant Ave.,,Schaghticoke,NY,12154,5182229027,01/15/2025,12/31/2026,Active
23-6U8EF-SHMO,Mold Remediation Contractor License (SH126),Lynch Link LLC,Resurrect Restoration,2083 Albany Post Rd,Ste 2,Montrose,NY,10548,9179020104,07/21/2023,07/31/2025,Expired
01702,Mold Remediation Contractor License (SH126),M & L Milovoi Management Inc,,20-74 Steinway St,,ASTORIA,NY,11105,7187215289,01/20/2022,01/31/2024,Expired
24-6ALOL-SHMO,Mold Remediation Contractor License (SH126),M&H Capital Partners Inc,All Dry Services of North Shore Long Island,51 Louis Dr,,MELVILLE,NY,11747,3106194545,07/01/2024,08/31/2026,Expired
25-6LYRN-SHMO,Mold Remediation Contractor License (SH126),M&N Green Maintenance LLC,,980 Sinclair ave,,Staten island,NY,10309,3479885446,10/16/2025,10/31/2027,Active
26-69I8F-SHMO,Mold Remediation Contractor License (SH126),MASSA CONSTRUCTION INC.,,630 Pre-emption Road,,Geneva,NY,14456,3157898667,08/04/2026,08/31/2028,Active
23-61JVH-SHMO,Mold Remediation Contractor License (SH126),MC Builders 1 LLC,,8 East 33rd Street,#2,Bayonne,NJ,07002,2016430836,09/22/2023,09/30/2025,Expired
23-6LVDU-SHMO,Mold Remediation Contractor License (SH126),MCT At Service Inc,,"1585 Central Park Ave, #55",,Yonkers,NY,10710,6314920238,11/01/2023,11/30/2025,Expired
01898,Mold Remediation Contractor License (SH126),MEZA LLC,PuroClean of Central Orange,432 Heritage Lane,,MONROE,NY,10950,8458695999,12/05/2022,12/31/2024,Expired
24-63VP9-SHMO,Mold Remediation Contractor License (SH126),MHV Restoration LLC,Paul Davis Restoration of the Mid-Hudson Valley,188 Cottage Street,Suite 1,Poughkeepsie,NY,12601,8472512100,10/02/2024,10/31/2026,Active
25-6387Q-shmo,Mold Remediation Contractor License (SH126),"MK Cleaning, Inc.",Servpro of Garden City/Hempstead,"734 Franklin Ave, # 275",,GARDEN CITY,NY,11530,9175436828,12/17/2025,12/31/2027,Active
26-6ZAVQ-SHMO,Mold Remediation Contractor License (SH126),MMLMG Corp.,ServiceMaster Restoration & Cleaning Services by Gadonniex,3 Charles St,Ste 1,Pleasant Valley,NY,12569,8457235188,02/04/2026,02/29/2028,Active
24-63ZOL-SHMO,Mold Remediation Contractor License (SH126),"MP Environmental Services of NY, Inc.",,1080 Military Turnpike Suite 4,,Plattsburgh,NY,12901,5185664575,11/20/2024,11/30/2026,Active
25-6TMBX-SHMO,Mold Assessment Contractor License (SH125),MR MOLD NY LLC,,425 Grand Concourse,Apt. 18A,Bronx,NY,10451,5162348186,06/04/2025,06/30/2027,Active
26-6Z4ZO-SHMO,Mold Remediation Contractor License (SH126),"MYGROUND, LLC",RDM RESTORATION,5 Madonna Drive,,LaGrangeville,NY,12540,9142453100,03/09/2026,03/31/2028,Active
00954,Mold Remediation Contractor License (SH126),Maeda Construction Inc,,PO BOX 49,,STAATSBURG,NY,12580,8457067755,02/28/2017,02/28/2025,Expired
01757,Mold Assessment Contractor License (SH125),Malik Environmental Service Corp,MES,370 Pulaski Ave,,Staten Isalnd,NY,10303,3477914427,07/14/2022,07/31/2024,Expired
26-638ZH-SHMO,Mold Assessment Contractor License (SH125),Manhattan Lead LLC,,1375 Coney Island Ave,Suite 201,Brooklyn,NY,11230,2122261614,07/30/2026,07/31/2028,Active
25-6UNC4-SHMO,Mold Remediation Contractor License (SH126),Marbec environmental Services corp,,"752 East 137th Street, Ste 22",,BRONX,NY,10454,7188417064,06/20/2025,06/30/2027,Active
25-64QZX-SHMO,Mold Remediation Contractor License (SH126),Martan Properties LLC,,122 76th Street,,Brooklyn,NY,11209,7188577920,01/15/2025,01/31/2027,Active
24-63L75-SHMO,Mold Remediation Contractor License (SH126),Maspeth Remodeling Co. Inc.,Maspeth Environmental,5430 44th Street,,Maspeth,NY,11378,8887232325,11/12/2024,11/30/2026,Active
01885,Mold Remediation Contractor License (SH126),Matrix 816 Inc.,,153-07 73rd Ave #2C,,FLUSHING,NY,11367,7186510101,11/01/2022,11/30/2024,Expired
23-6L4IQ-SHMO,Mold Assessment Contractor License (SH125),Maximum Environmental Management,,"1170 Lincoln Ave, #4",,HOLBROOK,NY,11741,,11/27/2023,01/31/2026,Expired
00172,Mold Assessment Contractor License (SH125),"Mayshark Architecture, P.C.",,3717 Victoria Rd,,ASHVILLE,NY,14710,7163866228,01/06/2016,03/31/2024,Expired
25-6TEP9-SHMO,Mold Assessment Contractor License (SH125),McGrath Home Inspections LLC,,15 Munro Ct,,Troy,NY,12180,5187287948,03/04/2025,03/31/2027,Active
26-6Z5KV-SHMO,Mold Remediation Contractor License (SH126),Menchy Cleaning & Restoration Inc.,,497 Bedford Avenue,Suite 101,Staten Island,NY,10306,6469229572,03/04/2026,03/31/2028,Active
24-6A4N6-SHMO,Mold Assessment Contractor License (SH125),Merit Inspection Solutions Inc.,,346 32nd st,,LINDENHURST,NY,11757,5165913262,07/24/2024,09/30/2026,Active
26-67511-SHMO,Mold Remediation Contractor License (SH126),Metro Mold Specialists,,1755 east 14 street,,Brooklyn,NY,11229,3472556501,01/22/2026,01/31/2028,Active
26-6Z93T-SHMO,Mold Remediation Contractor License (SH126),Michael and Diane Enterprises LLC,Green Home Solution,6 Mountain View Circle,,Plattsburgh,NY,12901,5185346136,07/07/2026,07/31/2028,Active
26-6ZITV-SHMO,Mold Assessment Contractor License (SH125),"Microecologies, Inc.",,2 Apple View Lane,,Marlboro,NY,12542,2127553265,03/24/2026,03/31/2028,Active
00878,Mold Remediation Contractor License (SH126),"Middle Country Cleaners, Inc.",,PO Box 1158,,CENTER MORICHES,NY,11934,6313982648,10/13/2016,10/31/2024,Expired
25-6LVD1-SHMO,Mold Remediation Contractor License (SH126),"Milro Services, Inc",,41 Hanse Ave,,FREEPORT,NY,11520,,12/03/2025,12/31/2027,Active
26-6LJJ1-SHMO,Mold Remediation Contractor License (SH126),Minichiello Enterprises LLC,,1619 Grand Central Ave,,Elmira,NY,14903,6073311198,05/18/2026,05/31/2028,Active
23-6URHT-SHMO,Mold Assessment Contractor License (SH125),Mold Agent Inc,,1056 Yung Pl,,Woodmere,NY,11598,2124040666,07/12/2023,07/31/2025,Expired
01534,Mold Remediation Contractor License (SH126),Mold Consulting Specialists Inc.,,1368 Pamela Ct,,BELLMORE,NY,11710,6313343254,08/05/2020,08/31/2024,Expired
23-6IVJ1-SHMO,Mold Assessment Contractor License (SH125),Mold Guru LLC,,430 Palisade Ave,Apt 306,Jersey City,NJ,07307,2013940858,12/19/2023,12/31/2025,Expired
24-6IUP1-SHMO,Mold Remediation Contractor License (SH126),Mold Pro Plus LLC,,41 Mohican Pk Ave,,Dobbs Ferry,NY,10522,3472034292,01/02/2024,12/31/2025,Expired
25-6LEGO-SHMO,Mold Assessment Contractor License (SH125),Mold Test Company,,62 Industrial Park Rd,,Dawsonville,GA,30534,6788942762,10/06/2025,10/31/2027,Active
25-65AHT-SHMO,Mold Assessment Contractor License (SH125),Mold Whiz Solutions LLC,,375 86th street,Apt 19,Brooklyn,NY,11209,3478842742,05/30/2025,05/31/2027,Active
01249,Mold Remediation Contractor License (SH126),"Mold and Lead Solutions, Inc.",,"7115 Fort Hamilton Pkwy, 2 FL",,BROOKLYN,NY,11228,7186141222,08/15/2018,08/31/2024,Expired
25-67OJ8-SHMO,Mold Assessment Contractor License (SH125),Momentum Environmental Solutions LLC,Finger Lakes EnviroTech,6810 Industrial Park Rd,,Bath,NY,14810,6073835500,12/10/2025,12/31/2027,Active
01792,Mold Assessment Contractor License (SH125),Moonlight Renovations Corp,,1411 Townsend Ave C9,,BRONX,NY,10452,3479578989,10/14/2022,10/31/2024,Expired
26-69VH7-SHMO,Mold Assessment Contractor License (SH125),Ms.Mold LLC,,1618 Julia Goldbach Ave,,Bohemia,NY,11716,2392017222,07/01/2026,07/31/2028,Active
26-6755Z-SHMO,Mold Remediation Contractor License (SH126),"N Arjun Construction, Corp.",,212 Ribbon St,,Franklin Square,NY,11010,3476592797,01/23/2026,01/31/2028,Active
26-6A4AJ-SHMO,Mold Assessment Contractor License (SH125),NETS   National Environmental Testing Svcs,,65 Treebrooke Ct,,Buffalo,NY,14221,7165129591,06/25/2026,06/30/2028,Active
24-6A34D-SHMO,Mold Assessment Contractor License (SH125),NJ Water Damage Restoration LLC,,78 North Street,,Elmwood Park,NJ,07407,2012502465,07/23/2024,07/31/2026,Expired
25-6HYJV-SHMO,Mold Assessment Contractor License (SH125),NORTH JERSEY RESTORATION LLC,911 RESTORATION OF WESTERN BERGEN COUNTY,141 Long Hill Road,,Oakland,NJ,07436,2019615656,06/25/2025,06/30/2027,Active
24-63VEV-SHMO,Mold Assessment Contractor License (SH125),"NRC East Environmental Services, Inc.",,3 Edgewater Drive,Suite 101,Norwood,MA,02062,3154631643,10/01/2024,10/31/2026,Active
25-6ICUX-SHMO,Mold Assessment Contractor License (SH125),NSC Environmental Consultants LLC,,471 Clove Road,,Staten Island,NY,10310,7187101816,12/29/2025,12/31/2027,Active
24-6ZVQA-SHMO,Mold Assessment Contractor License (SH125),"NV5 Northeast, Inc",,"200 South Park Rd, Ste 350",,HOLLYWOOD,FL,33021,8135719788,03/13/2024,03/31/2026,Expired
25-6IARF-SHMO,Mold Assessment Contractor License (SH125),J.S. HELD LLC,,"50 Jericho Quadrangle, Ste 117",,JERICHO,NY,11753,5166212900,12/11/2025,12/31/2027,Active
26-66K38-SHMO,Mold Remediation Contractor License (SH126),JBV GENERAL CONSTRUCTION CORP.,,2185 GRAND CONCOURSE BSMT,,BRONX,NY,10453,9173280714,03/16/2026,03/31/2028,Active
25-6LXSQ-SHMO,Mold Assessment Contractor License (SH125),JEM Global Enterprises Inc,,145 Bayridge Pkwy #1,,BROOKLYN,NY,11209,5163537014,11/06/2025,11/30/2027,Active
25-6IBJT-SHMO,Mold Assessment Contractor License (SH125),"JLC Environmental Consultants, Inc.",,"243 West 30th St, Suite 701",,NEW YORK,NY,10001,5163796402,11/05/2025,11/30/2027,Active
25-65SDJ-SHMO,Mold Remediation Contractor License (SH126),JOANIX CONSTRUCTION CORP.,,418 BROADWAY STE R,,ALBANY,NY,12207,3473261062,05/20/2025,05/31/2027,Active
26-66P5V-SHMO,Mold Remediation Contractor License (SH126),"JP Restores, Inc.",,1304 G Street,,Valley Stream,NY,11580,3474159998,03/25/2026,03/31/2028,Active
24-6ATSZ-SHMO,Mold Remediation Contractor License (SH126),"JW Pepper, LLC",Servpro of North Niagara County,8555 Packard Rd,,NIAGARA FALLS,NY,14304,7162990330,06/24/2024,06/30/2026,Expired
01691,Mold Assessment Contractor License (SH125),James Bucci and Lynnrose Bucci,Bucci Environmental,136 Meadowbrook Ln,,GREENVILLE,NY,12083,5187720040,01/25/2022,01/31/2024,Expired
24-6AXJ6-SHMO,Mold Remediation Contractor License (SH126),"Jaws Enterprises, LLC",Paul Davis Emergency Services of Williamsville NY,195 Hopkins Road,,Williamsville,NY,14221,7169067730,06/14/2024,07/31/2026,Expired
26-63YCI-SHMO,Mold Remediation Contractor License (SH126),"Jerome Environmental Services, LLC",,2800 Webster Avenue,,Bronx,NY,10458,7182203350,06/12/2026,06/30/2028,Active
24-6SYN9-SHMO,Mold Assessment Contractor License (SH125),Jet Environmental Testing Inc,,114 Wedgewood Drive,,CORAM,NY,11727,,01/25/2024,03/31/2026,Expired
24-6IAZA-SHMO,Mold Remediation Contractor License (SH126),Jihad Mounir Boukhari LLC,,"362 West 52nd Street, Apt 23",,New York,NY,10019,4084272316,01/11/2024,01/31/2026,Expired
24-63U34-SHMO,Mold Assessment Contractor License (SH125),John Betlem Heating & Cooling Inc.,,806 Linden Avenue,,Rochester,NY,14625,5852718888,11/06/2024,11/30/2026,Active
24-6Z6VQ-SHMO,Mold Assessment Contractor License (SH125),John P. Vagliardo,Vagliardo Inspection Service,460 Canterbury Lane,,ONEONTA,NY,13820,6074331630,04/26/2024,03/31/2026,Expired
01224,Mold Assessment Contractor License (SH125),Joseph M Naccarato,Naccarato Home Inspections,286 3rd Ave,,KINGSTON,NY,12401,8453328160,06/21/2018,06/30/2024,Expired
25-67B4X-SHMO,Mold Assessment Contractor License (SH125),Judy Painting Corp,,2612 Borough Pl,,WOODSIDE,NY,11377,3474486253,10/23/2025,10/31/2027,Active
26-6A1CG-SHMO,Mold Remediation Contractor License (SH126),"Justin Development, Inc",Rainbow International of the Capital Region,5 Fairchild Square,Suite 1,Clifton Park,NY,12065,5184902279,07/21/2026,07/31/2028,Active
25-67QOD-SHMO,Mold Assessment Contractor License (SH125),KALNIK CORP,,4 SLEEPY LANE,,MELVILLE,NY,11747,9174347707,12/04/2025,12/31/2027,Active
26-6ZXG1-SHMO,Mold Assessment Contractor License (SH125),"KAS, Inc.",,"13 Latour Avenue, Suite 204",,Plattsburgh,NY,12901,5185639445,01/21/2026,03/31/2028,Active
26-6ZUSA-SHMO,Mold Remediation Contractor License (SH126),"KD Solutions, LLC",A Cleaner Image,150 Orchard Street,,Webster,NY,14580,5852841274,03/24/2026,03/31/2028,Active
25-6TJZ7-SHMO,Mold Assessment Contractor License (SH125),KFG Restoration & Abatement LLC,,296 4th Ave,,Brooklyn,NY,11215,7188075351,05/02/2025,05/31/2027,Active
24-63TLI-SHMO,Mold Remediation Contractor License (SH126),KMH Remediation & Clearing Services LLC,,Po Box 224,,CANTON,NY,13617,3153868144,10/28/2024,10/31/2026,Active
26-69C6A-SHMO,Mold Assessment Contractor License (SH125),KP IEQ Consulting LLC,,1 South St Apt 507,,Buffalo,NY,14204,7162779624,07/06/2026,07/31/2028,Active
00756,Mold Assessment Contractor License (SH125),KUSHNER INSPECTIONS LLC,,406 MELVILLE AVE,,LAKEWOOD,NJ,08701,8485259865,06/21/2016,07/31/2024,Expired
25-6SYD6-SHMO,Mold Remediation Contractor License (SH126),"Kascon, LLC",,2930 Mason Road,,WATERVILLE,NY,13480,,12/03/2025,12/31/2027,Active
24-637I9-SHMO,Mold Assessment Contractor License (SH125),Kelty Inspection Services LLC,,43 Willow Ave,,schenectady,NY,12304,5189416366,12/09/2024,12/31/2026,Active
00922,Mold Remediation Contractor License (SH126),"Kennedy Property Maintenance, LLC",,201 Maple Ave,,SARATOGA SPRINGS,NY,12866,8457972868,12/13/2016,12/31/2024,Expired
25-67QKI-SHMO,Mold Remediation Contractor License (SH126),Key Construction MGT LLC,,8 Pinetree Lane,,Old Westbury,NY,11568,9299994206,12/04/2025,12/31/2027,Active
26-6AL45-SHMO,Mold Assessment Contractor License (SH125),King David Services Inc.,,847 Oliver Avenue,,Valley Stream,NY,11581,5168885512,05/08/2026,05/31/2028,Active
25-6HS94-SHMO,Mold Remediation Contractor License (SH126),Kleen Sweep Ventures LLC,ServiceMaster TRS,200 Harvard Ave,,Stamford,CT,06902,2033273477,09/19/2025,09/30/2027,Active
23-6TJ9X-SHMO,Mold Assessment Contractor License (SH125),Koye Testing & Consulting LLC,,6918 15th Avenue,Suite 2F,Brooklyn,NY,11228,7182183815,04/25/2023,04/25/2025,Expired
25-6L13Y-SHMO,Mold Remediation Contractor License (SH126),"L & E Painting & Renovation, Inc.",,"102-30 Queens Blvd, Ste D",,FOREST HILLS,NY,11375,3478660555,09/23/2025,09/30/2027,Active
23-6UBFD-SHMO,Mold Assessment Contractor License (SH125),L&L LEAD SERVICES LLC,,692 CROWN ST,,BROOKLYN,NY,11213,3474705323,06/26/2023,07/31/2025,Expired
23-6LZDY-SHMO,Mold Remediation Contractor License (SH126),"LCS COMPANIES OF NEW YORK, INC.",,36 Cottage Street,,Poughkeepsie,NY,12601,3144408877,11/20/2023,11/30/2025,Expired
26-6SV17-SHMO,Mold Remediation Contractor License (SH126),LEO BUILDERS CORP,,110-09 101 AVE APT 2F,,SOUTH RICHMOND HILL,NY,11419,3479350986,04/14/2026,04/30/2028,Active
26-6ZIO4-SHMO,Mold Remediation Contractor License (SH126),LIMA CONTRACTORS CORP.,,77 Sackett Street,,Brooklyn,NY,11231,9176182734,01/30/2026,01/31/2028,Active
25-6TJMA-SHMO,Mold Assessment Contractor License (SH125),LMR Group 1818 LLC,,Post Office Box 100606,,Brooklyn,NY,11210,9177579883,01/15/2025,03/31/2027,Active
23-6UGEX-SHMO,Mold Remediation Contractor License (SH126),LaJo Enterprises LLC,UWRG of Lower Hudson Valley,7 Shady Tree Lane,,Poughkeepsie,NY,12603,8454445383,07/18/2023,07/31/2025,Expired
25-678JA-SHMO,Mold Remediation Contractor License (SH126),Lakewood Group Corp.,,238 Boundary Rd.,Unit 402,Marlboro,NJ,07746,7329821070,11/07/2025,11/30/2027,Active
01288,Mold Assessment Contractor License (SH125),"Landon Home Inspections, LLC",,20 Hyman Ct,,BROOKLYN,NY,11229,8335467728,01/14/2019,01/31/2025,Expired
26-63VHB-SHMO,Mold Assessment Contractor License (SH125),Lawal Environmental Services Corp.,,55 East Mosholu Parkway North,Apartment 3G,Bronx,NY,10467,6465280913,08/18/2026,08/31/2028,Active
24-64BY6-SHMO,Mold Assessment Contractor License (SH125),"Lead & Mold Checks , Ltd",,1213 East 13th Street,,Brooklyn,NY,11230,9174171206,12/13/2024,12/31/2026,Active
24-63XGX-SHMO,Mold Assessment Contractor License (SH125),Lead By Example Environmental LLC,,656 Putnam Ave - 1,,BROOKLYN,NY,11221,9179829417,10/16/2024,10/31/2026,Active
25-6I3XH-SHMO,Mold Remediation Contractor License (SH126),"Lead Professionals, Inc.",,6 White Dove Ct,,LAKEWOOD,NJ,08701,7326689078,11/13/2025,11/30/2027,Active
26-66JTG-SHMO,Mold Remediation Contractor License (SH126),Lead-Safe Services,,977 Morris Park Ave,,Bronx,NY,10462,7184047721,03/11/2026,03/31/2028,Active
23-6L4IJ-SHMO,Mold Assessment Contractor License (SH125),Legend Cleaning Inc,Spotless Restoration,38 Decatur Ave,,Spring Valley,NY,10977,8452620329,11/27/2023,12/31/2025,Expired
26-66IG6-SHMO,Mold Remediation Contractor License (SH126),Liberty Remediation Group LLC,,123-19 Hillside Ave,,Richmond Hill,NY,11418,7187724644,04/17/2026,04/30/2028,Active
26-66SZP-SHMO,Mold Remediation Contractor License (SH126),Lineal Construction and Restoration Corp,,244 5th Ave.,Suite J296,New York,NY,10001,3476472876,04/23/2026,04/30/2028,Active
24-6SGP5-SHMO,Mold Assessment Contractor License (SH125),"Lisus Home Improvements, Corp.",,"224 West 4th Street, Suite 203",,New York,NY,10014,3472666042,02/02/2024,02/28/2026,Expired
26-6A9TQ-SHMO,Mold Remediation Contractor License (SH126),Long Island Restoration LLC,Restoration 1 of Suffolk County,278 Indian Head Rd,,KINGS PARK,NY,11754,6313202008,07/03/2026,07/31/2028,Active
23-6LFBA-SHMO,Mold Remediation Contractor License (SH126),Louis Peralta Construction LLC,,235 Belmont Ave,,West Babylon,NY,11704,4846637728,10/23/2023,10/31/2025,Expired
24-63UJY-SHMO,Mold Remediation Contractor License (SH126),Lucas Reigelman,Fire Water Pros,1 Telegraph Street,,Binghamton,NY,13903,6072320317,11/04/2024,11/30/2026,Active
23-6UFZU-SHMO,Mold Assessment Contractor License (SH125),Lynch Link LLC,Resurrect Restoration,2083 Albany Post Rd,Ste 2,Montrose,NY,10548,9179020104,07/17/2023,07/31/2025,Expired
25-6IDRA-SHMO,Mold Remediation Contractor License (SH126),"M & N General Services, Inc.",,919 81st St,,BROOKLYN,NY,11228,7187451738,12/04/2025,12/31/2027,Active
01864,Mold Remediation Contractor License (SH126),M&H Capital Partners Inc,All Dry Services of North Shore Long Island,51 Louis Dr,,MELVILLE,NY,11747,3106194545,08/09/2022,08/31/2024,Expired
26-63N61-SHMO,Mold Remediation Contractor License (SH126),M. RAHMAN CONSTRUCTION CORP.,,1876 Schenectady Ave,Suite 2,Brooklyn,NY,11234,7184383110,08/19/2026,08/31/2028,Active
24-6ZUK4-SHMO,Mold Assessment Contractor License (SH125),MATS Enterprises LLC 539,Clouseau of Homes,40 Katherine Place,,Oakdale,NY,11769,5166725208,03/29/2024,03/31/2026,Expired
25-6HF4S-SHMO,Mold Assessment Contractor License (SH125),MC Consultants Inc,,1921 Palomar Oaks Way,Suite 102,Carlsbad,CA,92008,8007290355,07/15/2025,07/31/2027,Active
25-6UDE3-SHMO,Mold Remediation Contractor License (SH126),MD Construction NY Inc,,95-27 86th Street,,Ozone Park,NY,11416,9172879521,05/14/2025,05/31/2027,Active
23-6TXFQ-SHMO,Mold Remediation Contractor License (SH126),MG Decorations LTD,,"34-41 77th St, Apt 522",,Jackson Heights,NY,11372,3478486518,05/31/2023,05/31/2025,Expired
26-6S598-SHMO,Mold Remediation Contractor License (SH126),MJ ALE Incorporated,AMH Restoration,60 N Harrison Avenue,Suite 27,Congers,NY,10920,8457217572,02/06/2026,02/29/2028,Active
23-6LJPS-SHMO,Mold Remediation Contractor License (SH126),MKD Property Maintenance LLC,,105 Van Riper Avenue,,Clifton,NJ,07011,2018999008,10/30/2023,10/31/2025,Expired
26-6ZGJV-SHMO,Mold Assessment Contractor License (SH125),MOLD 360 CORP.,,1025 St. Johns Place,Suite A4,Brooklyn,NY,11213,7186143929,02/19/2026,02/29/2028,Active
26-677UK-SHMO,Mold Assessment Contractor License (SH125),MP WALLS INC,,29 BOOTH ROAD,,CHESTER,NY,10918,8776799255,01/29/2026,01/31/2028,Active
24-6ASUA-SHMO,Mold Remediation Contractor License (SH126),MRNY Services LLC,,1700 Yates Avenue,Apt 1,Bronx,NY,10461,3143241888,07/10/2024,07/31/2026,Expired
25-6LQDH-SHMO,Mold Remediation Contractor License (SH126),"MacFawn Enterprises, Inc.",,PO Box 13205,,Albany,NY,12212,,09/17/2025,09/30/2027,Active
25-6LEDU-SHMO,Mold Remediation Contractor License (SH126),Magic Home Restoration LLC,,157 Overlook Dr.,,FARMINGVILLE,NY,11738,6314280674,10/16/2025,10/31/2027,Active
25-65415-SHMO,Mold Assessment Contractor License (SH125),Malik Home Inspections LLC,,300 Rutland Rd,Apt 3,Brooklyn,NY,11225,7185066299,06/05/2025,06/30/2027,Active
01485,Mold Remediation Contractor License (SH126),Mani Renovation Corp,,2694 Briggs Ave Ste 1-N,,BRONX,NY,10458,6469662060,02/25/2020,03/31/2024,Expired
01816,Mold Assessment Contractor License (SH125),Marcelo's Maintenance Inc,,"2005 Palmer Ave, #1055",,LARCHMONT,NY,10538,9149662477,11/29/2022,11/30/2024,Expired
24-64FR6-SHMO,Mold Assessment Contractor License (SH125),Martan Properties LLC,,122 76th Street,,Brooklyn,NY,11209,7188577920,12/20/2024,12/31/2026,Active
26-6I5B9-SHMO,Mold Assessment Contractor License (SH125),"Master Building Inspections, Inc.",Building Environmental Consultants,2525 Palmer Ave,Suite 2C,New Rochelle,NY,10801,9146377505,01/15/2026,03/31/2028,Active
25-6LU7Q-SHMO,Mold Assessment Contractor License (SH125),"Matrix New World Engineering, P.C.",,26 Columbia Tpke,,Florham Park,NJ,07932,,11/10/2025,11/30/2027,Active
25-6ICUC-SHMO,Mold Remediation Contractor License (SH126),"Maxons Restorations, INC.",,280 Madison Avenue,Floor 4,New York,NY,10016,2124476767,11/21/2025,12/31/2027,Active
01476,Mold Assessment Contractor License (SH125),"Mayshark Architecture, P.C.",,3717 Victoria Rd,,ASHVILLE,NY,14710,7163866228,02/11/2020,03/31/2024,Expired
26-69NVD-SHMO,Mold Remediation Contractor License (SH126),Mecca Home Improvement Inc.,Target Restoration,829-2 lincoln ave,,bohemia,NY,11716,6319225044,06/02/2026,06/30/2028,Active
24-6Z5ES-SHMO,Mold Assessment Contractor License (SH125),Menchy Cleaning & Restoration Inc.,,497 Bedford Avenue,Suite 101,Staten Island,NY,10306,6469229572,04/18/2024,04/30/2026,Expired
26-6IPGH-SHMO,Mold Remediation Contractor License (SH126),"Metro Contracting & Environmental, Inc.",,2939 Lockport Road,,Niagara Falls,NY,14305,7162859280,01/15/2026,01/31/2028,Active
25-65PT4-SHMO,Mold Remediation Contractor License (SH126),Metro Resto Inc,,4 Executive Plaza,Ste 132,Yonkers,NY,10701,9148884577,04/17/2025,04/30/2027,Active
01763,Mold Assessment Contractor License (SH125),Michele Malatesta,Absolute Assesments,1378 Spring Ave,,WYNANTSKILL,NY,12198,5187010249,08/16/2022,08/31/2024,Expired
01828,Mold Remediation Contractor License (SH126),Microtech Contracting Corp.,,160 Irish Lane,,Islip Terrace,NY,11752,6312435559,12/11/2020,10/01/2024,Expired
26-66BAE-SHMO,Mold Assessment Contractor License (SH125),Mighty Rock Property Inspections LLC,,111 Cranford Avenue,,Staten Island,NY,10306,3476221863,02/12/2026,02/29/2028,Active
23-6TJ45-SHMO,Mold Assessment Contractor License (SH125),Mindful Inspections LLC,,358 Reservoir Rd,,Flordia,NY,10921,8456494530,04/24/2023,04/30/2025,Expired
26-6SSTO-SHMO,Mold Remediation Contractor License (SH126),Mitigation Solutions LLC,,30 East Mall,,Plainview,NY,11803,5167346669,03/20/2026,03/31/2028,Active
01758,Mold Remediation Contractor License (SH126),Mold Air Care llc,White Plains,63 Chatterton Avenue apt 2,,White Plains,NY,10606,9143238019,06/09/2022,06/30/2024,Expired
25-641AI-SHMO,Mold Assessment Contractor License (SH125),Mold Detect Pro LLC,,76-18 69TH PL.,APT 5 J,GLENDALE,NY,11385,2039621485,01/28/2025,01/31/2027,Active
25-64K59-SHMO,Mold Remediation Contractor License (SH126),Mold Men Environmental Pro LLC,,1745 Penfield Rd,,Penfield,NY,14526,5855030457,01/06/2025,01/31/2027,Active
24-6IUPX-SHMO,Mold Assessment Contractor License (SH125),Mold Pro Plus LLC,,41 Mohican Pk Ave,,Dobbs Ferry,NY,10522,3472034292,01/02/2024,12/31/2025,Expired
24-6S6ZZ-SHMO,Mold Assessment Contractor License (SH125),Mold Testing NJ-NY LLC,Your Home Inspector LLC,107 Armour Road,,Mahwah,NJ,07430,2016588881,02/22/2024,02/28/2026,Expired
26-6AUSI-SHMO,Mold Assessment Contractor License (SH125),"Mold Xperts NY, Inc",,85 Mimosa Drive,,Roslyn,NY,11576,9178868135,07/15/2026,07/31/2028,Active
26-6A94N-SHMO,Mold Assessment Contractor License (SH125),"MoldTec, LLC",,22 Revolutionary Road,,Ossining,NY,10562,9147037230,06/26/2026,08/31/2028,Active
26-6AUV9-SHMO,Mold Assessment Contractor License (SH125),Montefiore Einstein,,111 East 210th Street,,Bronx,NY,10467,,06/11/2026,06/30/2028,Active
26-6IQZQ-SHMO,Mold Assessment Contractor License (SH125),Mosaic Mold Inspections LLC,,54 Oregon Ct,,Syosset,NY,11791,5168641314,02/09/2026,02/29/2028,Active
26-6ZODC-SHMO,Mold Remediation Contractor License (SH126),Mulberry Restoration Inc.,,27-05 41st Ave,Unit Com-1,Long Island City,NY,11101,6468510669,03/10/2026,03/31/2028,Active
26-6AXHB-SHMO,Mold Remediation Contractor License (SH126),N.Y. LEAD ABATEMENT CORP.,,1384 CARROLL STREET,SUITE 2B,BROOKLYN,NY,11213,7182212323,06/03/2026,06/30/2028,Active
26-6ZUGI-SHMO,Mold Assessment Contractor License (SH125),NEWYORK CITY HOUSING AUTHORITY,,24-02 49th Avenue,,Long Island City,NY,11101,9292801039,01/27/2026,01/31/2028,Active
24-6A94P-SHMO,Mold Remediation Contractor License (SH126),NJM Mechanical and Contracting Corp,,31 Magro Drive,,North Babylon,NY,11703,6315870085,08/15/2024,08/31/2026,Expired
25-643ST-SHMO,Mold Assessment Contractor License (SH125),NORWEST REALTY MANAGEMENT CORP.,,35 E GRASSY SPRAIN RD,STE 200,YONKERS,NY,10710,7185150311,02/18/2025,02/28/2027,Active
24-633X7-SHMO,Mold Assessment Contractor License (SH125),NRGRKM Trading LLC,,15 W Johnson Ave,,Bergenfield,NJ,07621,2014967682,11/26/2024,11/30/2026,Active
01703,Mold Remediation Contractor License (SH126),NSH Green Clean LLC,Flood Damage Pro USA Clean Master NS,80 Maspeth Ave Apt 1,,BROOKLYN,NY,11221,9299908019,01/25/2022,01/31/2024,Expired
24-6ANZY-SHMO,Mold Remediation Contractor License (SH126),NY CPR Restoration Inc.,,5 Neil Court,,Oceanside,NY,11572,2153335117,05/08/2024,05/31/2026,Expired
25-6LGZ6-SHMO,Mold Assessment Contractor License (SH125),"J.C. Broderick & Assoc., Inc.",,1775 expressway drive north,,HAUPPAUGE,NY,11788,6313955091,10/02/2025,10/31/2027,Active
26-6SV3A-SHMO,Mold Remediation Contractor License (SH126),J.S. Services Inc.,,22 Southern Boulevard,Suite 104,Nesconset,NY,11767,6318626288,02/11/2026,02/29/2028,Active
26-667BQ-SHMO,Mold Assessment Contractor License (SH125),JCM Home Inspections LLC,,8 Michael Dr.,,Mechanicville,NY,12118,5182509834,05/14/2026,05/31/2028,Active
26-66JT3-SHMO,Mold Assessment Contractor License (SH125),JEM Inspections & Consulting LLC,,3 Sycamore Lane,,Monticello,NY,12701,5167805062,03/11/2026,03/31/2028,Active
23-6UNMU-SHMO,Mold Remediation Contractor License (SH126),JLS Services Group Inc,,25-11 95th Street,,Elmhurst,NY,11369,3477687381,06/29/2023,06/30/2025,Expired
25-6TJUW-SHMO,Mold Assessment Contractor License (SH125),"JOSEPH C LU ENGINEERING AND LAND SURVEYING, PC",,"339 EAST AVE, SUITE 200",,ROCHESTER,NY,14604,5853857417,01/27/2025,01/31/2027,Active
24-63HUG-SHMO,Mold Remediation Contractor License (SH126),"JP SOLUTIONS, INC.",,1304 G Street,,VALLEY STREAM,NY,11580,3479980316,12/05/2024,12/31/2026,Active
26-66TRG-SHMO,Mold Remediation Contractor License (SH126),JW Pest Control LLC,,8510 Elmhurst Ave,Apt 6A,Elmhurst,NY,11373,9178683004,04/03/2026,04/30/2028,Active
01502,Mold Assessment Contractor License (SH125),Jared Judson,Pillar to Post  Home Inspectors,84 Nassou Ave,,FREEPORT,NY,11520,5167327034,03/31/2020,03/31/2024,Expired
25-6SL3K-SHMO,Mold Assessment Contractor License (SH125),Jayhomes LLC,,162 Brookwood St,,East Orange,NJ,07018,9733719648,10/14/2025,10/31/2027,Active
26-6A4QF-SHMO,Mold Assessment Contractor License (SH125),"Jerome Environmental Services, LLC",,2800 Webster Avenue,,Bronx,NY,10458,7182203350,06/12/2026,06/30/2028,Active
01774,Mold Remediation Contractor License (SH126),Jigsaw Property Maintenance & Restoration LLC,,1 Dinsmore Pl,,Oradell,NY,07649,2016253206,07/21/2022,07/31/2024,Expired
24-63LV1-SHMO,Mold Remediation Contractor License (SH126),Joel L Kendrick,TKK Renovations,154 Point Street,,Lackawanna,NY,14218,7169038794,11/08/2024,07/31/2026,Expired
24-63U3S-SHMO,Mold Remediation Contractor License (SH126),John Betlem Heating & Cooling Inc.,,806 Linden Avenue,,Rochester,NY,14625,5852718888,11/06/2024,11/30/2026,Active
24-6S6Z9-SHMO,Mold Assessment Contractor License (SH125),Jonathan Adams,,80 Eastside Drive,,Ballston Lake,NY,12019,5189258617,02/22/2024,02/28/2026,Expired
26-6AP16-SHMO,Mold Assessment Contractor License (SH125),Joseph P Reiss Jr,,295 Princeton Hightstown Road,Suite 11 222,WEST WIN TOW,NJ,08550,9084514592,06/17/2026,06/30/2028,Active
24-635KF-SHMO,Mold Remediation Contractor License (SH126),Judy Painting Corp,,2612 Borough Pl,,WOODSIDE,NY,11377,3474486253,12/03/2024,02/28/2027,Active
23-6LXUY-SHMO,Mold Remediation Contractor License (SH126),K-1 Contracting LLC,,6555 Ridings Road,,Syracuse,NY,13206,3152077035,11/08/2023,11/30/2025,Expired
25-67V4U-SHMO,Mold Remediation Contractor License (SH126),KALNIK CORP,,4 SLEEPY LANE,,MELVILLE,NY,11747,9174347707,11/25/2025,11/30/2027,Active
25-644FC-SHMO,Mold Remediation Contractor License (SH126),"KBH Environmental, LLC",,88 West River Road,,Scottsville,NY,14546,5858891135,02/19/2025,02/28/2027,Active
26-69LRH-SHMO,Mold Remediation Contractor License (SH126),KELLEY RESTORATIONLLC,,610 ATLANTIC AVE,,NORTH CAPE MAY,NJ,08204,7184008991,07/31/2026,07/31/2028,Active
25-6TJZ4-SHMO,Mold Remediation Contractor License (SH126),KFG Restoration & Abatement LLC,,296 4th Ave,,Brooklyn,NY,11215,7188075351,03/28/2025,05/31/2027,Active
01685,Mold Assessment Contractor License (SH125),KMN Environmental LLC,,387 Bingham Rd,,MARLBORO,NY,12542,8458428607,01/05/2022,01/31/2024,Expired
24-63XR7-SHMO,Mold Assessment Contractor License (SH125),KPIServices LLC,KP Inspection Services,147 Washington Road,,Copake,NY,12516,5189651755,10/16/2024,10/31/2026,Active
24-63A9O-SHMO,Mold Assessment Contractor License (SH125),KV Inspections LLC,,31 Locust Street,,Pittsford,NY,14534,5853303867,11/25/2024,11/30/2026,Active
25-64JTJ-SHMO,Mold Remediation Contractor License (SH126),Katrisha Fields,Capital Movements Environmental,3 Cuthbert Street,,Schenectady,NY,12302,5189172245,01/02/2025,01/31/2027,Active
01604,Mold Remediation Contractor License (SH126),Kemp Group Corp.,,100A Broadway ste 404,,brooklyn,NY,11249,9179748853,03/09/2021,03/31/2025,Expired
25-6tcu1-shmo,Mold Assessment Contractor License (SH125),Kenneth Friedman,,903 Pondside Drive,,White Plains,NY,10607,9144397493,05/05/2025,05/31/2027,Active
26-6LI8I-SHMO,Mold Assessment Contractor License (SH125),"Keystone Material Testing, L.L.C.",,58 Exchange Street,,Binghamton,NY,13901,6077235117,01/14/2026,01/31/2028,Active
25-6ueb7-shmo,Mold Remediation Contractor License (SH126),King David Services Inc.,,847 Oliver Avenue,,Valley Stream,NY,11581,5168885512,07/15/2025,07/31/2027,Active
26-6A13U-SHMO,Mold Remediation Contractor License (SH126),Kleenup Restoration Inc,,40W Sandford Boulevard,,Mount Vernon,NY,10550,9146681740,05/08/2026,05/31/2028,Active
26-6LLAZ-SHMO,Mold Remediation Contractor License (SH126),Kraus Maintenance Inc,,33-01 Vernon Blvd,,LONG ISLAND CITY,NY,11106,7182745000,01/02/2026,12/31/2027,Active
26-66G4Z-SHMO,Mold Remediation Contractor License (SH126),L&H General Construction LLC,,812 N Broadway,,Yonkers,NY,10701,6465789151,03/03/2026,03/31/2028,Active
23-6U8B5-SHMO,Mold Assessment Contractor License (SH125),L&L Mold Inspectors LLC,,4 Chestnut Street,,Staten Island,NY,10304,3472799832,07/20/2023,07/31/2025,Expired
01772,Mold Remediation Contractor License (SH126),LDN Consulting Company Inc,,234 west 137th st,,NEW YORK,NY,10030,2128763900,07/15/2022,07/31/2024,Expired
26-6SZSU-SHMO,Mold Remediation Contractor License (SH126),LES DM INC,,30 Wall Street,#841,New York,NY,10005,5162082214,02/25/2026,02/29/2028,Active
25-6TPZG-SHMO,Mold Assessment Contractor License (SH125),LK Home Inspections LLC,Eagle Eye Home Inspection,50 Mi Anna Drive,,MAHOPAC,NY,10541,8455206461,02/03/2025,02/28/2027,Active
24-6TKEE-SHMO,Mold Assessment Contractor License (SH125),LONGS GCS CORP,,1680 MOGUL DRIVE,,MOHEGAN LAKE,NY,10547,9142608571,12/16/2024,02/28/2027,Active
01633,Mold Assessment Contractor License (SH125),Laconic Industries LLC,Rightway Home Inspectors,296 Palmer Ridge Rd,,GANSEVOORT,NY,12831,7707101519,06/22/2021,06/23/2025,Expired
26-6Z9EU-SHMO,Mold Remediation Contractor License (SH126),Lam Risk Management Corp,,51 Pierce Street,,Staten Island,NY,10304,9173261516,05/20/2026,05/31/2028,Active
26-6ZUHC-SHMO,Mold Assessment Contractor License (SH125),"Langan Engineering, Environmental, Surveying, Landscape Architecture and Geology, D.P.C.",,300 Kimball Drive,4th Floor,Parsippany,NJ,07054,9735604900,04/23/2026,04/30/2028,Active
01554,Mold Assessment Contractor License (SH125),Lawal P Ahmed Sr,Lawal Environmental,55 East Moshulo Pkwy North Apt 3G,,BRONX,NY,10467,6465280913,10/30/2020,10/31/2024,Expired
26-6AIYL-SHMO,Mold Remediation Contractor License (SH126),"Lead & Mold Checks , Ltd",,1213 East 13th Street,,Brooklyn,NY,11230,9174171206,06/12/2026,06/30/2028,Active
24-63XFO-SHMO,Mold Remediation Contractor License (SH126),Lead By Example Environmental LLC,,656 Putnam Ave - 1,,BROOKLYN,NY,11221,9179829417,10/16/2024,10/31/2026,Active
25-67VAS-SHMO,Mold Remediation Contractor License (SH126),Lead Renovation LLC,,241 Sheraden Ave,,Staten Island,NY,10314,7189382867,11/25/2025,11/30/2027,Active
01190,Mold Assessment Contractor License (SH125),Lead-Tek Inspections LLC,,186 Rye Hill Rd,,MONROE,NY,10950,8452491987,03/22/2018,03/31/2024,Expired
23-6LDOT-SHMO,Mold Remediation Contractor License (SH126),Legend Cleaning Inc,Spotless Restoration,38 Decatur Ave,,Spring Valley,NY,10977,8452620329,10/19/2023,10/31/2025,Expired
25-6LAXI-SHMO,Mold Remediation Contractor License (SH126),Life Air Care Inc,,63 Chatterton Ave #2,,WHITE PLAINS,NY,10606,3472781627,12/05/2025,12/31/2027,Active
25-6IRXQ-SHMO,Mold Remediation Contractor License (SH126),Linear Environmental Corporation,,10-25 44th Ave,,LONG ISLAND CITY,NY,11101,7187068383,12/24/2025,12/31/2027,Active
23-6LHG7-SHMO,Mold Remediation Contractor License (SH126),Local Crafters Construction LLC,,21 Redway Raod,,Grand Island,NY,14072,7164286796,11/29/2023,11/30/2025,Expired
24-63SZ9-SHMO,Mold Assessment Contractor License (SH125),Long Island University,,720 Northern Blvd,,Brookville,NY,11548,5162993730,11/18/2024,11/30/2026,Active
25-6TX17-SHMO,Mold Assessment Contractor License (SH125),"Lozier Environmental Consulting, Inc.",,2011 East Main St,,ROCHESTER,NY,14609,5856549080,06/09/2025,06/30/2027,Active
23-619AZ-SHMO,Mold Remediation Contractor License (SH126),Lux Development Group Inc,,27 Mills Rd,,Stony Brook,NY,11790,6312832266,06/20/2023,06/30/2025,Expired
25-6HKQI-SHMO,Mold Remediation Contractor License (SH126),"M & D Services Group, Inc.",,222 Jernee Mill Rd,,Sayreville,NJ,08872,9177643020,08/01/2025,08/31/2027,Active
25-6TPQU-SHMO,Mold Remediation Contractor License (SH126),M 20-56 STEINWAY LLC,,20-56 Steinway St,,Astoria,NY,11105,3475003825,05/22/2025,05/31/2027,Active
26-6ZXY1-SHMO,Mold Remediation Contractor License (SH126),"M&M Pest Control, Inc.",M&M Environmental,39-27 29th Street,Suite 2,Long Island City,NY,11101,2122198218,03/10/2026,03/31/2028,Active
26-69I3T-SHMO,Mold Remediation Contractor License (SH126),M.H. Construction Inc.,,86-44 103rd Ave,,Ozone Park,NY,11417,7182077624,08/06/2026,08/31/2028,Active
25-6IDB5-SHMO,Mold Remediation Contractor License (SH126),MB&Co. Services LLC,,152 3rd Street,,Ridgefield Park,NJ,07660,3472801202,10/30/2025,10/31/2027,Active
24-6ZLOO-SHMO,Mold Remediation Contractor License (SH126),"MCM Legacy, Inc.",ServPro of NW + SE Dutchess County,506 Salt Point Turnpike,,POUGHKEEPSIE,NY,12601,8456354550,04/02/2024,03/31/2026,Expired
25-6l5hz-shmo,Mold Remediation Contractor License (SH126),"MDS CONSTRUCTION MANAGEMENT, LLC",,"1652 Park Ave, Suite 4H",,New York,NY,10035,6462605488,11/05/2025,11/30/2027,Active
26-6ZVPA-SHMO,Mold Remediation Contractor License (SH126),MGC Group Inc,,102 Pitney Ave,,Staten Island,NY,10309,7187048321,04/10/2026,04/30/2028,Active
25-6TJ74-SHMO,Mold Remediation Contractor License (SH126),MJ's Contracting Services Inc,,379 North Stafford Ave Suite 3,,Waterville,NY,13480,3152024006,03/24/2025,03/31/2027,Active
25-6I1V4-SHMO,Mold Assessment Contractor License (SH125),MKM Environmental Consulting LLC,,151 West Passaic St,Suite 9,Rochelle Park,NJ,07662,2125089797,11/14/2025,11/30/2027,Active
26-69XIN-SHMO,Mold Assessment Contractor License (SH125),MOLD DOGS OF NEW YORK,,1364 MANOR CIR,,"PELHAM MANOR, NY 10803",NY,10803,6464848204,07/15/2026,07/31/2028,Active
24-6Z4AR-SHMO,Mold Remediation Contractor License (SH126),MP WALLS INC,,29 BOOTH ROAD,,CHESTER,NY,10918,8776799255,04/17/2024,04/30/2026,Expired
24-63XK3-SHMO,Mold Assessment Contractor License (SH125),"MS Analytical, LLC",,3860 California Road,,Orchard Park,NY,14127,7163128296,10/16/2024,10/31/2026,Active
26-6ADBD-SHMO,Mold Assessment Contractor License (SH125),"Mack Property Contracting, LLC",,16 Harcourt Cosman Drive,,Newburgh,NY,12550,8457622351,06/02/2026,06/30/2028,Active
26-6ZQJR-SHMO,Mold Remediation Contractor License (SH126),Magna-Dry Cleaning & Restoration INC,,"501 N McQuesten Parkway, Mt Vernon NY 1055",,MOUNT VERNON,NY,10552,9146681565,04/30/2026,04/30/2028,Active
25-65PYR-SHMO,Mold Remediation Contractor License (SH126),Manchi NY Corp,,53 Old Troy Rd,,East Greenbush,NY,12061,6465934600,04/16/2025,04/30/2027,Active
23-6UJGT-SHMO,Mold Remediation Contractor License (SH126),Mara Contracting Group Inc.,,3122 Fulton Street,,BROOKLYN,NY,11208,7182770803,07/31/2023,04/30/2025,Expired
01886,Mold Remediation Contractor License (SH126),Marcelo's Maintenance Inc,,"2005 Palmer Ave, #1055",,LARCHMONT,NY,10538,9149662477,11/07/2022,11/30/2024,Expired
25-647VN-SHMO,Mold Assessment Contractor License (SH125),Martell Environmental LLC,,291 Riggs St,,Oxford,CT,06478,2033132302,02/28/2025,02/28/2027,Active
25-67EHX-SHMO,Mold Assessment Contractor License (SH125),Master Home Inspectors LLC,,2950 park ave,b112,bronx,NY,10451,3472097369,11/13/2025,11/30/2027,Active
23-6LFSU-SHMO,Mold Assessment Contractor License (SH125),Matthew Watkins,Goals Development,3039 New Prospect Road,,Pine Bush,NY,12596,9148501776,10/23/2023,10/31/2025,Expired
25-6UWFS-SHMO,Mold Assessment Contractor License (SH125),Maxwell Home Inspection Services LLC,,46 Northern Dr,,Troy,NY,12182,5183444920,09/03/2025,09/30/2027,Active
25-6IF4H-SHMO,Mold Assessment Contractor License (SH125),"McCabe Environmental Services, L.L.C.",,464 Valley Brook Ave,,LYNDHURST,NJ,07071,2014384839,11/20/2025,01/31/2028,Active
26-69BDQ-SHMO,Mold Assessment Contractor License (SH125),Mecca Home Improvement Inc.,Target Restoration,829-2 lincoln ave,,bohemia,NY,11716,6319225044,05/29/2026,05/31/2028,Active
26-661OD-SHMO,Mold Remediation Contractor License (SH126),Mercy Construction Inc.,Mercy Construction Inc,202 Gibson Blvd,,Valley Stream,NY,11581,6463925450,04/08/2026,04/30/2028,Active
26-6Z43I-SHMO,Mold Assessment Contractor License (SH125),Metro Mold Inspections LLC,,"22-18 Jackson Ave, #911",,Long Island City,NY,11101,2122555500,04/08/2026,04/30/2028,Active
23-6TQCZ-SHMO,Mold Remediation Contractor License (SH126),Mfd Quality Construction Inc,,173 Old Route 304,,New City,NY,10956,8457085221,05/24/2023,02/28/2025,Expired
01764,Mold Assessment Contractor License (SH125),Michele Malatesta,Absolute Assesments,1378 Spring Ave,,WYNANTSKILL,NY,12198,5187010249,08/16/2022,08/31/2024,Expired
24-63JOK-SHMO,Mold Remediation Contractor License (SH126),Microtech Contracting Corp.,,160 Irish Lane,,Islip Terrace,NY,11752,6312435559,09/24/2024,09/30/2026,Active
01839,Mold Assessment Contractor License (SH125),"Mike The Inspector, LLC",,19 Grove Street,,HIGHLAND,NY,12528,8452649713,03/01/2023,03/31/2025,Expired
26-66G4O-SHMO,Mold Remediation Contractor License (SH126),Mindful Solutions NY LLC,,208 Meserole St,2,Brooklyn,NY,11206,6464967039,03/03/2026,03/31/2028,Active
00219,Mold Assessment Contractor License (SH125),Mohawk Valley Inspections LLC,,888 County Highway 110,,BROADALBIN,NY,12025,,01/11/2016,01/31/2024,Expired
26-69QH4-SHMO,Mold Remediation Contractor License (SH126),Mold Air Care llc,White Plains,63 Chatterton Avenue apt 2,,White Plains,NY,10606,9143238019,07/13/2026,07/31/2028,Active
25-64UVG-SHMO,Mold Remediation Contractor License (SH126),Mold Detect Pro LLC,,76-18 69TH PL.,APT 5 J,GLENDALE,NY,11385,2039621485,01/29/2025,01/31/2027,Active
23-6UJAT-SHMO,Mold Remediation Contractor License (SH126),"Mold Men Environmental, LLC",,116 Keating Drive,,ROCHESTER,NY,14622,5855030457,08/01/2023,05/31/2025,Expired
00692,Mold Remediation Contractor License (SH126),Mold Pro Restoration Specialist LLC,,140 Sheridan Blvd,,INWOOD,NY,11096,5165886653,05/11/2016,05/31/2024,Expired
26-6Z1FC-SHMO,Mold Assessment Contractor License (SH125),"Mold Testing, LLC",,26 Whitman Place,,Hillsdale,NY,07642,2015223204,03/10/2026,03/31/2028,Active
24-638J7-SHMO,Mold Assessment Contractor License (SH125),Mold You So LLC,,2901 Schurz Ave,Apt 2,Bronx,NY,10465,9176457052,09/16/2024,09/30/2026,Active
24-63S8F-SHMO,Mold Assessment Contractor License (SH125),MoldTestingLongIslandNY Inc.,Mold Testing Long Island NY,516 Long Beach Road,,Saint James,NY,11780,6313352341,11/15/2024,11/30/2026,Active
24-6AZPQ-SHMO,Mold Assessment Contractor License (SH125),"Montrose Environmental Solutions, Inc.",,500 Horizon Drive,Suite 540,Robbinsville,NJ,08691,6098907277,07/12/2024,07/31/2026,Expired
01467,Mold Assessment Contractor License (SH125),Mosaic Mold Inspections LLC,,54 Oregon Ct,,Syosset,NY,11791,5168641314,01/07/2020,01/31/2024,Expired
23-6TJJH-SHMO,Mold Remediation Contractor License (SH126),Muzi Construction Corp,,6202 11th Ave,,Brooklyn,NY,11219,3477556946,04/20/2023,04/30/2025,Expired
24-64BQL-SHMO,Mold Assessment Contractor License (SH125),ND Environmental LLC,,28 Long Park Drive,,Rochester,NY,14612,5852984229,12/16/2024,12/31/2026,Active
01492,Mold Remediation Contractor License (SH126),NEWYORK CITY HOUSING AUTHORITY,,24-02 49th Avenue,,Long Island City,NY,11101,9292801039,03/02/2020,03/31/2024,Expired
25-6LG7F-SHMO,Mold Remediation Contractor License (SH126),NNP Services Inc.,,124 Lucille Avenue,,Elmont,NY,11003,6462002119,10/07/2025,10/31/2027,Active
25-643I3-SHMO,Mold Remediation Contractor License (SH126),NORWEST REALTY MANAGEMENT CORP.,,35 E GRASSY SPRAIN RD,STE 200,YONKERS,NY,10710,7185150311,02/18/2025,02/28/2027,Active
24-63KYH-SHMO,Mold Remediation Contractor License (SH126),NRN Enviro Restoration Corp.,,23-70 29th Street Apt# 8,,Astoria,NY,11105,9294204602,09/26/2024,09/30/2026,Active
26-69Q9Q-SHMO,Mold Remediation Contractor License (SH126),"NSLI Restoration, Inc.",Servpro of Hicksville-Plainview,501 Middle Country Road,,Coram,NY,11727,5167331800,07/13/2026,07/31/2028,Active
26-6ZUVK-SHMO,Mold Remediation Contractor License (SH126),NY Fire Water Mold Corp.,,75 S. Pascack Rd,,Nanuet,NY,10954,9143650283,06/03/2026,06/30/2028,Active
00975,Mold Assessment Contractor License (SH125),NY Mold Assessments Inc,RT ASSESSMENTS,3 HARROW LANE,,OLD BETHPAGE,NY,11804,5169780899,10/27/2016,10/31/2024,Expired
25-6L4CE-SHMO,Mold Assessment Contractor License (SH125),NY Standard Home Inspection Consultants LLC,,974 E. Broadway,,WOODMERE,NY,11598,5163165249,06/23/2025,06/30/2027,Active
26-6Z6BY-SHMO,Mold Assessment Contractor License (SH125),NYC Housing Preservation and Development,,105 East 106 Street,,New York,NY,10029,2128636146,03/10/2026,03/31/2028,Active
26-6SGHF-SHMO,Mold Assessment Contractor License (SH125),NYCMOLD LLC,,66 Mineola Avenue #458,,Roslyn Heights,NY,11577,9176862250,01/27/2026,01/31/2028,Active
25-6TK83-SHMO,Mold Assessment Contractor License (SH125),Najo Consulting LLC,,225 Underhill Avenue,,Yorktown Heights,NY,10598,7187120400,03/14/2025,03/31/2027,Active
25-65QUR-SHMO,Mold Remediation Contractor License (SH126),"National Environmental Safety Company, Inc.",,900 3rd Avenue,,New Hyde Park,NY,11040,7183610044,04/22/2025,04/30/2027,Active
25-6UNQU-SHMO,Mold Remediation Contractor License (SH126),Nationwide Cleaning & Restoration Services  Inc,,1129 Northern Blvd Ste 404,,MANHASSET,NY,11030,7188776536,12/09/2025,12/31/2027,Active
23-6LCHD-SHMO,Mold Remediation Contractor License (SH126),Navillus Service Corp.,,57 Windsong Ct,,EAST AMHERST,NY,14051,7166365859,11/03/2023,11/30/2025,Expired
01748,Mold Assessment Contractor License (SH125),"Nestor Home Inspections, LLC",,Po Box 6,,NORTHVILLE,NY,12134,5187740002,06/23/2022,06/30/2024,Expired
24-6AFXH-SHMO,Mold Assessment Contractor License (SH125),"New England Environmental Services, Inc.",,420 South Riverside Avenue #305,,Croton-on-Hudson,NY,10520,8552459990,05/16/2024,05/31/2026,Expired
25-64Q3L-SHMO,Mold Assessment Contractor License (SH125),New Mile Stone Construction Corp.,,83-50 260th Street,,Glen Oaks,NY,11004,9176822391,01/15/2025,01/31/2027,Active
26-6LHKD-SHMO,Mold Assessment Contractor License (SH125),New York City Department of Environmental Protection,,59-17 Junction Boulevard,,Elmhurst,NY,11373,7185957241,02/13/2026,11/30/2027,Active
26-6ZE64-SHMO,Mold Remediation Contractor License (SH126),"New York Insulation, Inc.",,51-05 Flushing Ave,Suite 406,Maspeth,NY,11378,7183260125,03/10/2026,03/31/2028,Active
26-6anve-shmo,Mold Assessment Contractor License (SH125),New York Mold Specialist Inc,,4904 AVENUE L,,BROOKLYN,NY,11234,8004976650,05/07/2026,05/31/2028,Active
25-6LSG4-SHMO,Mold Assessment Contractor License (SH125),New York University,,70 Washington Square South,,New York,NY,10012,2129981450,08/12/2025,10/31/2027,Active
00851,Mold Assessment Contractor License (SH125),"Newkirk Enterprises, INC.",Environmental Consulting & Services,47 Grinnell Street,,Rhinecliff,NY,12574,8458767628,08/08/2016,08/31/2024,Expired
01480,Mold Remediation Contractor License (SH126),Nice Guy Landscaping & Property Pref. LLC,,165 Radio Avenue,,MILLER PLACE,NY,11764,6319020056,01/30/2020,01/31/2024,Expired
24-6AR3R-SHMO,Mold Remediation Contractor License (SH126),No Flood 4 Me Inc.,Remex USA,931 E 23rd Street,,Brooklyn,NY,11210,7186773100,05/15/2024,03/31/2026,Expired
24-6Z74N-SHMO,Mold Remediation Contractor License (SH126),North Eastern Cleaning LLC,North Eastern Cleaning & Restoration,697 Acorn St,Suite B,Deer Park,NY,11729,8889086924,04/25/2024,05/31/2026,Expired
26-6Z3B1-SHMO,Mold Remediation Contractor License (SH126),"NorthStar Demolition and Remediation, Inc.",,120 Elmgrove Park,,Rochester,NY,14624,5854583570,04/03/2026,04/30/2028,Active
24-63ODB-SHMO,Mold Assessment Contractor License (SH125),Northeast Restoration Solutions LLC,,5680 Merrick Road,,Massapequa,NY,11758,6312908025,10/21/2024,10/31/2026,Active
25-6HDYG-SHMO,Mold Assessment Contractor License (SH125),Nova Environmental Group LLC,,447 Broadway,2nd FL #810,New York,NY,10013,9174269944,07/03/2025,07/31/2027,Active
25-6IH45-SHMO,Mold Assessment Contractor License (SH125),Nuclear Environmental LLC,,"825 8th Avenue, Suite 18N",,New York,NY,10019,5166951109,12/30/2025,12/31/2027,Active
25-6LYDU-SHMO,Mold Remediation Contractor License (SH126),OB DL LLC,,84 Horseblock Rd,#L,Yaphank,NY,11980,5162082214,10/24/2025,10/31/2027,Active
25-65TYY-SHMO,Mold Remediation Contractor License (SH126),ONYXENVIRO LLC,,35 Regina Rd,,Airmont,NY,10952,8452441545,04/30/2025,04/30/2027,Active
26-6ZE6O-SHMO,Mold Assessment Contractor License (SH125),"Omega Laboratories, Inc.","Omega Environmental Services, Inc.",280 Huyler Street,,South Hackensack,NJ,07606,2014898700,02/06/2026,02/29/2028,Active
25-64T4N-SHMO,Mold Remediation Contractor License (SH126),On Call Restoration Corp.,,13 Race Place,,Oakdale,NY,11769,5168880108,01/24/2025,01/31/2027,Active
01708,Mold Assessment Contractor License (SH125),"On Time Field Services, Inc",,30 Neil Dr,,FARMINGVILLE,NY,11738,6318464457,03/08/2022,03/31/2024,Expired
26-6ZUS1-SHMO,Mold Assessment Contractor License (SH125),"Onyx Environmental, LLC",,81 Wood Road,,Centereach,NY,11720,9174409419,02/10/2026,02/29/2028,Active
25-65KX4-SHMO,Mold Remediation Contractor License (SH126),Operation Restoration NY LLC,Operation Restoration,332 Locust St,Suite 4,Mt Vernon,NY,10550,9145577276,04/08/2025,04/30/2027,Active
25-6TOP8-SHMO,Mold Assessment Contractor License (SH125),"Orchard View Home Inspections, LLC",,24 Washington St.,,Peru,NY,12972,5186377315,05/20/2025,05/31/2027,Active
24-6S7FZ-SHMO,Mold Remediation Contractor License (SH126),P.J.J. Service Inc,,73-24 53rd Road,,Maspeth,NY,11378,9177341773,02/21/2024,01/31/2026,Expired
26-69KS6-SHMO,Mold Assessment Contractor License (SH125),PANTHER ENVIRONMENTAL TESTING SERVICES LLC,,18 N 5th street,,deer park,NY,11729,3477842919,06/26/2026,06/30/2028,Active
25-6LKHU-SHMO,Mold Assessment Contractor License (SH125),"PHASE Associates, LLC",Progressive Health & Safety Environmental,"651 Old Mt Pleasant Ave, Ste 160",,LIVINGSTON,NJ,07039,9735970750,11/07/2025,11/30/2027,Active
26-6Z8SC-SHMO,Mold Remediation Contractor License (SH126),PLRS Restoration LLC,Paul Davis Restoration of Metro New York,24125 BRADDOCK AVE,,BELLEROSE,NY,11426,7185596060,02/24/2026,02/29/2028,Active
24-6SQXA-SHMO,Mold Assessment Contractor License (SH125),"PPRE Economic Development Corp, Inc",,318 McLean Blvd. Unit 4,,Patterson,NJ,07055,8623341515,02/08/2024,09/30/2025,Expired
25-6TJMM-SHMO,Mold Assessment Contractor License (SH125),"PRO-SPEC RESIDENTIAL SERVICES, LLC",,1319 Friends Lake Rd,,Chestertown,NY,12817,5187965699,03/13/2025,03/31/2027,Active
23-61VFX-SHMO,Mold Assessment Contractor License (SH125),"Panoramic Home Inspections, LLC",,152 Trinity Pl.,,Selkirk,NY,12158,5182814312,09/28/2023,09/30/2025,Expired
26-6LX1U-SHMO,Mold Assessment Contractor License (SH125),Partner Assessment Corporation,,2154 Torrance Blvd,,Torrance,CA,90501,3106154450,02/11/2026,11/30/2027,Active
25-644VJ-SHMO,Mold Remediation Contractor License (SH126),"Paul A Wilson Construction, Inc.",,532 Lake Shore Dr,,HILTON,NY,14468,5857297895,02/20/2025,02/28/2027,Active
23-6U8EA-SHMO,Mold Remediation Contractor License (SH126),Paulina Corporation,,1383 Carlls Straight Path,,Dix Hill,NY,11746,7183667600,07/21/2023,07/31/2025,Expired
26-6ZUVC-SHMO,Mold Assessment Contractor License (SH125),Peacock Mold Services LLC,,151 Main Street,,Keyport,NJ,07735,7187048321,03/16/2026,03/31/2028,Active
26-6ZF6K-SHMO,Mold Assessment Contractor License (SH125),Pennoni Associates Inc.,,"130 West 29th Street, 11th Floor",,New York,NY,10001,9732659763,01/06/2026,01/31/2028,Active
26-63CVU-SHMO,Mold Remediation Contractor License (SH126),Perfection Personified Corp.,,88-50 239th Street,1st Floor,Bellerose,NY,11426,7188130682,08/13/2026,08/31/2028,Active
26-6SAV3-SHMO,Mold Remediation Contractor License (SH126),"Phase 1 Restoration, Inc.",,1400 Wantagh Avenue Suite 209,,Wantagh,NY,11793,5167411777,01/27/2026,01/31/2028,Active
24-6APUR-SHMO,Mold Remediation Contractor License (SH126),Phix Restoration Group Inc.,,60 Locust Ave,,New Rochelle,NY,10801,9144100763,06/10/2024,03/31/2025,Expired
25-6LJCI-SHMO,Mold Remediation Contractor License (SH126),Pinnacle Environmental Corp.,,200 Broad Street,,Carlstadt,NJ,07072,2019396565,10/23/2025,10/31/2027,Active
26-663GI-SHMO,Mold Assessment Contractor License (SH125),Plum Impressions Inc,,330 Watson st.,,Buffalo,NY,14212,7163358105,05/01/2026,05/31/2028,Active
01780,Mold Assessment Contractor License (SH125),Pokeyman Environmental Consulting LLC,,625 West 140th Street,,NEW YORK,NY,10031,,09/27/2022,09/30/2024,Expired
23-61EK6-SHMO,Mold Assessment Contractor License (SH125),Pologa Enterprises LLC,Next Level Home Inspections,2680 Currybush Road,,Rotterdam,NY,12306,5188816269,09/21/2023,09/30/2025,Expired
23-6TJBK-SHMO,Mold Assessment Contractor License (SH125),Poseidon Home Inspections LLC,,Post Office Box 394,,Croton On Hudson,NY,10520,9175720913,04/19/2023,04/30/2025,Expired
23-61VCI-SHMO,Mold Remediation Contractor License (SH126),"Praxis Enterprises, LLC",1800 Water Damage of Nassau County,160 Engineers Drive,,Hicksville,NY,11801,5164126000,09/29/2023,10/31/2025,Expired
24-631XS-SHMO,Mold Assessment Contractor License (SH125),"Precision Mold Inspections, LLC",,Po box 278,,GUILDERLAND,NY,12084,5189210370,10/31/2024,10/31/2026,Active
25-64Q3O-SHMO,Mold Assessment Contractor License (SH125),Premier Services of Long Island Inc,,22231-28 Fifth Ave,,RONKONKOMA,NY,11779,6316489702,01/15/2025,01/31/2027,Active
26-6SDTC-SHMO,Mold Remediation Contractor License (SH126),Prestige Development Services Inc.,,169 Lincoln Avenue,Suite 204,Bronx,NY,10454,7184012744,01/14/2026,03/31/2028,Active
26-693HR-SHMO,Mold Assessment Contractor License (SH125),Prime Environmental NJ LLC,,168 Humboldt St,,East Rutherford,NJ,07073,7322421042,08/21/2026,08/31/2028,Active
26-6I3V4-SHMO,Mold Remediation Contractor License (SH126),Primold Inc,,29 Country Hollow,,Highland Mills,NY,10930,8453721163,01/22/2026,01/31/2028,Active
25-61VKL-SHMO,Mold Remediation Contractor License (SH126),"Pro Restoration Services, Inc.",ServiceMaster Restoration by PRS,92 Horton Street,,West Islip,NY,11795,6312422244,08/12/2025,09/30/2027,Active
25-6HHKZ-SHMO,Mold Remediation Contractor License (SH126),ProClean Services NYC LLC,,459 Morris drive,,Valley Stream,NY,11580,5165048976,10/08/2025,10/31/2027,Active
25-6I5BU-SHMO,Mold Remediation Contractor License (SH126),ProService Environmental LLC,,604 Brown Creek Drive,,Matthews,NC,28104,9084562900,12/29/2025,12/31/2027,Active
26-6IFXX-SHMO,Mold Assessment Contractor License (SH125),Professional Building Inspectors,PBI,6 Julia Circle,,East Setauket,NY,11733,6314741534,02/06/2026,02/29/2028,Active
26-6ZUSH-SHMO,Mold Remediation Contractor License (SH126),Professional Mold Removal And Assessments Inc,Whac A Mold,1531 East 36th Street,,Brooklyn,NY,11234,3476983865,04/27/2026,04/30/2028,Active
00014,Mold Remediation Contractor License (SH126),Proganic LLC,Green Home Solutions,PO Box 161,,LAWRENCE,NY,11559,5162061600,01/01/2016,03/01/2024,Expired
25-6LEBP-SHMO,Mold Remediation Contractor License (SH126),Property Damage Restoration Group Inc,Paul Davis Restoration of Brooklyn & Staten Island,16 Shenandoah Avenue,,STATEN ISLAND,NY,10314,7189835035,11/05/2025,11/30/2027,Active
26-6SYND-SHMO,Mold Assessment Contractor License (SH125),Property Inspections HQ LLC,,70 Pigott Road,,Mahopac,NY,10541,8452760810,02/13/2026,01/31/2028,Active
25-65NRK-SHMO,Mold Assessment Contractor License (SH125),Protection Environmental Inc.,,11 Adam Place,,New City,NY,10956,8458939941,03/14/2025,03/31/2027,Active
26-6SDT4-SHMO,Mold Remediation Contractor License (SH126),Puello’s Contracting Corp.,Mo’s Contracting,2234 Palmer Ave,,Bronx,NY,10475,6465230113,03/17/2026,03/31/2028,Active
23-6UJW7-SHMO,Mold Remediation Contractor License (SH126),PureMold Solutions LLC,,1397 Kensington Ave,,Buffalo,NY,14215,7162650502,08/01/2023,08/31/2025,Expired
25-65FIK-SHMO,Mold Remediation Contractor License (SH126),"QRC Restorations, Inc.",,9014 95th Avenue,First Floor,Ozone Park,NY,11416,6314061297,03/25/2025,03/31/2027,Active
24-6SKXC-SHMO,Mold Remediation Contractor License (SH126),Quality Air Care Service Inc.,,12-1 Plank Road,,East Hampton,NY,11937,6313295764,02/06/2024,02/28/2026,Expired
25-6LL1I-SHMO,Mold Remediation Contractor License (SH126),Quality Mold Remediation LLC,,65 Mcalpin St,,Albany,NY,12209,8388770110,10/23/2025,10/31/2027,Active
24-6AFRU-SHMO,Mold Assessment Contractor License (SH125),"QuantX, Inc.",,915 East Drive,,Bordentown,NJ,08505,7324852583,05/16/2024,05/31/2026,Expired
24-6ZAVL-SHMO,Mold Remediation Contractor License (SH126),"Quick Response Restoration, Inc.",,2095 Route 9,,Round Lake,NY,12151,5188997090,04/11/2024,04/30/2026,Expired
25-6TJR6-SHMO,Mold Remediation Contractor License (SH126),"R&P DUSTLESS SODA BLASTING & POWERWASH CLEANING SERVICES, LLC",,11526 114th St,,Jamaica,NY,11436,3479073337,04/11/2025,04/30/2027,Active
24-6Z4VA-SHMO,Mold Assessment Contractor License (SH125),"R.A. West Associates, Inc.",,1663 Wrightstown Road,,Newton,PA,18940,2158605026,04/16/2024,04/30/2026,Expired
25-64SFA-SHMO,Mold Remediation Contractor License (SH126),RE Building Corp.,Dutton Restoration,107 Eagle Lane,,Hauppauge,NY,11788,6314490135,02/06/2025,02/28/2027,Active
26-69Y3S-SHMO,Mold Remediation Contractor License (SH126),RESI COMPLY NYC CORP,,108 W 39TH STREET,STE 1006,NEW YORK,NY,10018,9292138335,05/28/2026,05/31/2028,Active
23-61VPN-SHMO,Mold Remediation Contractor License (SH126),RM Environmental Specialists LLC,,395 Hudson St,,New York,NY,10014,3472353739,09/29/2023,09/30/2025,Expired
26-6ACVG-SHMO,Mold Remediation Contractor License (SH126),"ROCKWELL BUILDING SERVICES COMPANY, INC.",ROCKWELL INDOOR ENVIRONMENTAL,2955 LAMSON RD,,PHOENIX,NY,13135,3157155847,08/19/2026,08/31/2028,Active
25-65AHK-SHMO,Mold Assessment Contractor License (SH125),ROUTE 66 NY CORP.,,1775 Mansion St,,Bronx,NY,10460,7183004264,05/30/2025,05/31/2027,Active
23-6TK8B-SHMO,Mold Assessment Contractor License (SH125),RRR Brooklyn Corp.,,580 Mayfair Dr. South,,Brooklyn,NY,11234,7184198285,04/26/2023,04/26/2025,Expired
25-6UFBN-SHMO,Mold Assessment Contractor License (SH125),"RSP Home Inspections & Related Services, LLC",,PO BOX 22,,WYNANTSKILL,NY,12198,5185731721,06/20/2025,06/30/2027,Active
24-6SXLP-SHMO,Mold Remediation Contractor License (SH126),Raeni's Restoration LLC,,59 Traver Rd,,Pleasant Valley,NY,12569,8453727875,02/09/2024,02/28/2026,Expired
24-6AIYP-SHMO,Mold Assessment Contractor License (SH125),"Ramboll Americas Engineering Solutions, Inc.",,333 W Washington Street,,Syracuse,NY,13202,3159566100,07/03/2024,06/30/2026,Expired
24-63FC8-SHMO,Mold Assessment Contractor License (SH125),Rapid Mold Solutions Inc.,,210 Parkville Ave,Apt 5F,Brooklyn,NY,11230,9172878337,09/09/2024,09/30/2026,Active
25-6TKWK-SHMO,Mold Assessment Contractor License (SH125),Rapid Roofing & Restoration LLC,,Po box 842,,LATHAM,NY,12110,7165743913,04/10/2025,04/30/2027,Active
25-657ZR-SHMO,Mold Assessment Contractor License (SH125),Raymond A Matejunas III,Grade A Certified Inspections,5021 Express Drive North,,RONKONKOMA,NY,11779,6317866927,06/16/2025,06/30/2027,Active
26-6SDRS-SHMO,Mold Assessment Contractor License (SH125),Raza Environmental Inc.,,1767 Central Park Ave,,Yonkers,NY,10708,3477341865,02/19/2026,02/29/2028,Active
26-6Z1FL-SHMO,Mold Remediation Contractor License (SH126),Realty Asset Developers LLC,RescueDry Restoration,56 Sherrard Street,,Roslyn Heights,NY,11577,8336151515,03/06/2026,03/31/2028,Active
26-69O5S-SHMO,Mold Remediation Contractor License (SH126),"Redeeming Restoration, LLC",,185 Redeeming Lane,,Holland Patent,NY,13354,3153356235,07/20/2026,07/31/2028,Active
26-6I63G-SHMO,Mold Assessment Contractor License (SH125),Regal 1 Inspections LLC,,1164 West Water Street,,"Elmira, NY",NY,14905,6073335042,01/12/2026,01/31/2028,Active
26-675OZ-SHMO,Mold Remediation Contractor License (SH126),Remedify Corporation,,220 Marine Avenue,,Brooklyn,NY,11209,5189172522,01/22/2026,01/31/2028,Active
25-6LKKE-SHMO,Mold Remediation Contractor License (SH126),Renewal With Grace Inc.,,37 Coachman Ln,,Levittown,NY,11756,3477357861,10/21/2025,10/31/2027,Active
26-6A4EI-SHMO,Mold Assessment Contractor License (SH125),"Renu Contracting & Restoration, Inc.",,1215 Sunrise Highway,,Copiague,NY,11726,6316833905,08/03/2026,08/31/2028,Active
24-6Z86I-SHMO,Mold Assessment Contractor License (SH125),"Residential Inspection Services, LLC",,34 woodruff Drive,,SCHENECTADY,NY,12302,,03/05/2024,03/31/2026,Expired
26-63VT4-SHMO,Mold Remediation Contractor License (SH126),"Restoration Pros NY, Inc",,176 Valley stream street,,islip terrace,NY,11752,6314783672,08/13/2026,08/31/2028,Active
26-6I4IY-SHMO,Mold Remediation Contractor License (SH126),"Restoration Specialists, Inc.",PuroClean Property Damage Restoration,3689 California Rd,,Orchard Park,NY,14217,7168605360,01/20/2026,01/31/2028,Active
23-6UD63-SHMO,Mold Remediation Contractor License (SH126),Restore Rite NY Corp,,420 Naughton Ave,,Staten Island,NY,10305,9124606426,07/07/2023,07/31/2025,Expired
23-6TQBN-SHMO,Mold Remediation Contractor License (SH126),Revolt Management SVC Corp,,1426 Beach Ave Suite 4,,Bronx,NY,10460,3474321273,05/22/2023,05/31/2025,Expired
23-61VEE-SHMO,Mold Assessment Contractor License (SH125),Rhini Solutions LLC,,23 Orchard Street,,Matawan,NJ,07747,5173033279,09/29/2023,11/30/2025,Expired
26-69Y3H-SHMO,Mold Assessment Contractor License (SH125),NY Healthy Homes Testing Inc.,,4775 Sabre Ln,,Manlius,NY,13104,6317745297,05/28/2026,05/31/2028,Active
26-6SABA-SHMO,Mold Assessment Contractor License (SH125),NY Mold Assessors & Contractors LLC,,856 east 13th street,,brooklyn,NY,11230,6464703871,02/10/2026,02/29/2028,Active
01884,Mold Remediation Contractor License (SH126),"NYC Disinfection Services, Inc.",,149-39 6th Ave,,WHITESTONE,NY,11357,3473261907,11/01/2022,11/30/2024,Expired
24-63UXB-SHMO,Mold Assessment Contractor License (SH125),NYC Lead Inspections,,25 Montrose Ave,#201,Brooklyn,NY,11206,9177655523,11/05/2024,11/30/2026,Active
26-67H4S-SHMO,Mold Remediation Contractor License (SH126),NYCMOLD LLC,,66 Mineola Avenue #458,,Roslyn Heights,NY,11577,9176862250,01/27/2026,01/31/2028,Active
23-6TJAN-SHMO,Mold Remediation Contractor License (SH126),"Nam Remodeling, LLC",,2220 Center St,,EAST AURORA,NY,14052,7166554386,04/24/2023,02/28/2025,Expired
01688,Mold Assessment Contractor License (SH125),"National Environmental Specialists, Inc.",,"305 W Magnolia St, #261",,Fort Collins,CO,80521,6313803298,01/25/2022,01/31/2024,Expired
26-6ZUGO-SHMO,Mold Assessment Contractor License (SH125),"Naturally Green, LLC",Green Home Solutions 235,40 Indian Hill Rd,,Brewster,NY,10509,9143933192,03/03/2026,03/31/2028,Active
25-6I49B-SHMO,Mold Assessment Contractor License (SH125),"Needham Risk Management Resource Group, LLC",,"573 Columbia Tpke, Ste 3",,EAST GREENBUSH,NY,12061,5184773540,11/05/2025,11/30/2027,Active
01728,Mold Remediation Contractor License (SH126),Never Better Environmental Corp,,1635 Heckscher Avenue,,BAY SHORE,NY,11706,5163061629,04/08/2022,04/30/2024,Expired
23-6L61D-SHMO,Mold Assessment Contractor License (SH125),New JM Home Improvement Inc,,10 Pennyfield Ave,Apt 15C,Bronx,NY,10465,9173193523,12/01/2023,12/31/2025,Expired
01905,Mold Remediation Contractor License (SH126),New Millennium Home Improvement Inc.,,30 Sugarbush Court,,MAHOPAC,NY,10541,8456212573,01/03/2023,01/31/2025,Expired
25-6IDNS-SHMO,Mold Assessment Contractor License (SH125),"New York Environmental & Analytical Lab, Inc",,88 Harbor Rd,,PORT WASHINGTON,NY,11050,5169449500,12/23/2025,12/31/2027,Active
24-6ZYBP-SHMO,Mold Assessment Contractor License (SH125),New York Mold Eliminators LLC,,24 Crestwood Rd,,BOHEMIA,NY,11716,6314873768,02/23/2024,01/31/2026,Expired
26-6Z93L-SHMO,Mold Assessment Contractor License (SH125),"New York Pro Inspections, LLC",,129 Avenue D,,Ronkonkoma,NY,11779,5163170129,04/23/2026,04/30/2028,Active
23-6T87C-SHMO,Mold Assessment Contractor License (SH125),Newhouse Restoration inc,,15 Litt Street,,East Patchogue,NY,11772,6316048590,04/13/2023,04/30/2025,Expired
24-6AQH1-SHMO,Mold Remediation Contractor License (SH126),"Next Generation Restoration, Corp.",,2842 Brigham Street,,Brooklyn,NY,11235,7187535007,06/13/2024,05/31/2026,Expired
26-6ZGJT-SHMO,Mold Assessment Contractor License (SH125),"Niche Analysis, Inc.",,1025 Westchester Ave,Suite 108,White Plains,NY,10604,9142880805,02/09/2026,02/29/2028,Active
26-66XX3-SHMO,Mold Remediation Contractor License (SH126),Noftle & Noftle Inc.,AllPro Restoration,1352 Saratoga Rd,,Gansevoort,NY,12831,5187935311,03/31/2026,03/31/2028,Active
26-67HDB-SHMO,Mold Assessment Contractor License (SH125),North Star Environmental Building Performance LLC,,189 South Cherry Street,,Pougkeepsie,NY,12601,8458590583,01/23/2026,01/31/2028,Active
24-63GV4-SHMO,Mold Assessment Contractor License (SH125),Northeast Home Inspection + Mold Assessment Services Inc.,,2638 S Shore Road,,Hadley,NY,12835,5188589178,09/12/2024,09/30/2026,Active
25-65TEH-SHMO,Mold Remediation Contractor License (SH126),Northern Energy Services and Training Inc,,7727County Road 40,,Bolivar,NY,14715,5859281709,05/01/2025,05/31/2027,Active
25-6s9uh-shmo,Mold Remediation Contractor License (SH126),"Nu-Life Resources, LLC",,45 Callaway Rd,,ARGYLE,NY,12809,5188549444,12/31/2025,01/31/2028,Active
25-6TMX4-SHMO,Mold Remediation Contractor License (SH126),Nurzia Construction Corporation,,1348 Route 52,,Fishkill,NY,12524,8458979400,05/14/2025,05/31/2027,Active
23-6UOMZ-SHMO,Mold Assessment Contractor License (SH125),OGF Environmental Testing Inc.,,124 Sheets Ave,,Holbrook,NY,11741,6313945018,08/25/2023,08/31/2025,Expired
26-6IC65-SHMO,Mold Assessment Contractor License (SH125),Oasis Indoor Environmental Inc.,,266 47th Street,Suite 364,Brooklyn,NY,11220,7182775551,01/14/2026,01/31/2028,Active
01874,Mold Remediation Contractor License (SH126),On Call Home Solutions LLC,,215-02 23rd Road,,Bayside,NY,11360,6465293204,01/31/2023,09/30/2024,Expired
26-69HYI-SHMO,Mold Remediation Contractor License (SH126),On The Mapp Real Estate Investors LLC,Mapped Out Restoration Services,42 Elwood Avenue,,Staten Island,NY,10314,8457123275,08/28/2026,08/31/2028,Active
01718,Mold Remediation Contractor License (SH126),"On Time Field Services, Inc",,30 Neil Dr,,FARMINGVILLE,NY,11738,6318464457,03/01/2022,03/31/2024,Expired
25-65SRF-SHMO,Mold Assessment Contractor License (SH125),Onyx Restoration NY LLC,,368 new Hempstead rd,unit 6 # 71,new city,NY,10956,8455960836,05/20/2025,05/31/2027,Active
23-6TPMF-SHMO,Mold Assessment Contractor License (SH125),Optima Environmental Services Inc.,,94 Stewart Avenue,,Newburgh,NY,12550,8455611512,05/16/2023,05/31/2025,Expired
26-6AAIS-SHMO,Mold Remediation Contractor License (SH126),"Orion Demolition & Environmental Services, LLC",,8D Petra Lane,,Albany,NY,12205,5182505658,07/17/2026,07/31/2028,Active
25-6UEB4-SHMO,Mold Remediation Contractor License (SH126),"P.M. Leary, LLC",P.M. Leary Restoration,4424 Route 22,,PLATTSBURGH,NY,12901,5185610610,07/25/2025,07/31/2027,Active
25-6LSZK-SHMO,Mold Remediation Contractor License (SH126),PAR Environmental Corporation,,313 Spook Rock Rd.,,SUFFERN,NY,10901,8453697500,11/21/2025,01/31/2028,Active
25-6H3OQ-SHMO,Mold Assessment Contractor License (SH125),PITS Global LLC,PITS Environmental,2424 Ocean ave,Unit 1A,Brooklyn,NY,11229,8774276737,09/29/2025,09/30/2027,Active
26-6A9XZ-SHMO,Mold Remediation Contractor License (SH126),PM CONSTRUCTION USA CORP,Midul,"474 Mcdonald ave, 3",Apt 3,brooklyn,NY,11218,5167179845,08/19/2026,08/31/2028,Active
26-693PX-SHMO,Mold Assessment Contractor License (SH125),PRECISION COMPLIANCE TESTING INC,,4820 206th ST,4820 206th ST,Flushing,NY,11364,3472674755,08/19/2026,08/31/2028,Active
25-6LTTU-SHMO,Mold Assessment Contractor License (SH125),"PVE, LLC",,2000 Georgetown Drive,Suite 101,Sewickley,PA,15143,7244441100,10/15/2025,10/31/2027,Active
26-6I9JN-SHMO,Mold Assessment Contractor License (SH125),"Paradigm Environmental Services, Inc.",,179 Lake Avenue,,Rochester,NY,14608,5856472530,03/18/2026,03/31/2028,Active
26-677CR-SHMO,Mold Remediation Contractor License (SH126),Patch Wall Pro's Corp,,502 Travis Ave,,Staten Island,NY,10314,2018971835,01/29/2026,01/31/2028,Active
26-6Z9G1-SHMO,Mold Assessment Contractor License (SH125),"Paul Construction & Maintenance, Corp",Dr.Paul Home Inspection,220-29 93rd Avenue,,Queens Village,NY,11428,9175605383,05/14/2026,05/31/2028,Active
25-6U8EQ-SHMO,Mold Assessment Contractor License (SH125),Paulina Corporation,,76-24 85th Road,,WOODHAVEN,NY,11421,7183667600,09/15/2025,09/30/2027,Active
26-6ZU8O-SHMO,Mold Remediation Contractor License (SH126),"Peak Enterprises, Inc.",Peak Construction,164 Old Route 9,,Fishkill,NY,12524,8458965496,03/16/2026,03/31/2028,Active
26-6756H-SHMO,Mold Remediation Contractor License (SH126),Penta Restoration Corp,,24-09 41st Avenue,2nd Fl,Long Island City,NY,11101,7187067800,01/23/2026,01/31/2028,Active
26-6ALEI-SHMO,Mold Remediation Contractor License (SH126),"Performance Restoration, Inc.",,42 S Prospect Ave,,Patchogue,NY,11772,6316266626,07/28/2026,07/31/2028,Active
26-6Z19F-SHMO,Mold Assessment Contractor License (SH125),"Phase 1 Restoration, Inc.",,1400 Wantagh Avenue Suite 209,,Wantagh,NY,11793,5167411777,04/13/2026,04/30/2028,Active
23-6L49Q-SHMO,Mold Assessment Contractor License (SH125),Phoenix Mechanical Corp.,,26 Vreeland Avenue,,Elmsford,NY,10523,9146901000,11/28/2023,11/30/2025,Expired
24-6A7PG-SHMO,Mold Assessment Contractor License (SH125),Pinnacle Environmental Corp.,,200 Broad Street,,Carlstadt,NJ,07072,2019396565,08/06/2024,06/30/2026,Expired
26-6AXHE-SHMO,Mold Remediation Contractor License (SH126),Plum Impressions Inc,,330 Watson st.,,Buffalo,NY,14212,7163358105,05/01/2026,05/31/2028,Active
23-6UYAM-SHMO,Mold Remediation Contractor License (SH126),"Polito Home Inspections, Inc.",,181 Monroe St,,Honeoye Falls,NY,14472,5853305644,06/23/2023,04/30/2025,Expired
24-63FLC-SHMO,Mold Remediation Contractor License (SH126),Polstar Inc,,37 Parliment Drive,,New City,NY,10956,9176832028,09/10/2024,09/30/2026,Active
24-6381D-SHMO,Mold Remediation Contractor License (SH126),Post Trauma Scene Decon LLC,,114 S Grasse River Rd,,Massena,NY,13662,3152504462,09/17/2024,09/30/2026,Active
24-6SUOV-SHMO,Mold Assessment Contractor License (SH125),Precise Home Inspection Services LLC,,1110 South Avenue,Suite 100,Staten Island,NY,10314,7185143393,02/13/2024,03/31/2026,Expired
25-65ADK-SHMO,Mold Remediation Contractor License (SH126),Precour plumbing & hvac llc,,392 crescent ave,,Highland,NY,12528,8454180914,05/28/2025,05/31/2027,Active
25-64Q48-SHMO,Mold Remediation Contractor License (SH126),Premier Services of Long Island Inc,,22231-28 Fifth Ave,,RONKONKOMA,NY,11779,6316489702,01/15/2025,01/31/2027,Active
25-6IUCP-SHMO,Mold Remediation Contractor License (SH126),"Prevost Family Enterprises, Inc.",Service Master by Integrity,PO Box 551,,AMSTERDAM,NY,12010,5188431365,12/08/2025,12/31/2027,Active
26-6ZRKX-SHMO,Mold Remediation Contractor License (SH126),Prime Mold Removal Inc.,,2461 East 3rd Street,,Brooklyn,NY,11223,9297324244,02/12/2026,02/29/2028,Active
25-6UP9U-SHMO,Mold Remediation Contractor License (SH126),"Princely Environmental, Inc",,23 Peake Road,,Edison,NJ,08837,3102566114,11/12/2025,11/30/2027,Active
26-6ACXA-SHMO,Mold Assessment Contractor License (SH125),Pro Spec Home Inspection Inc.,,34 Meadowdale Lane,,West Seneca,NY,14224,7168685712,07/07/2026,07/31/2028,Active
26-69U99-SHMO,Mold Remediation Contractor License (SH126),ProManage Property Services LLC,,20 Hawkwood Ave,20 Hawkwood Ave,Ballston Lake,NY,12019,5188608393,07/31/2026,07/31/2028,Active
25-6I49G-SHMO,Mold Assessment Contractor License (SH125),ProService Environmental LLC,,604 Brown Creek Drive,,Matthews,NC,28104,9084562900,12/29/2025,12/31/2027,Active
26-6Z8EU-SHMO,Mold Assessment Contractor License (SH125),"Professional Environmental Services, Inc.",,3092 Hull Ave,Suite 1,Bronx,NY,10467,2124036137,03/20/2026,03/31/2028,Active
24-6ZXGV-SHMO,Mold Assessment Contractor License (SH125),Professional Mold Removal And Assessments Inc,Whac A Mold,1531 East 36th Street,,Brooklyn,NY,11234,3476983865,03/20/2024,03/31/2026,Expired
01816,Mold Remediation Contractor License (SH126),Proganic LLC,Green Home Solutions,PO Box 161,,LAWRENCE,NY,11559,5162061600,02/05/2020,03/01/2024,Expired
26-61EVC-Shmo,Mold Assessment Contractor License (SH125),Property Deep Cleaning LLC,,68 Centre St,,Freeport,NY,11520,5164259188,03/03/2026,03/31/2028,Active
23-6U17O-SHMO,Mold Assessment Contractor License (SH125),Property Pro Enterprises LLC,,418 Broadway,Suite N,Albany,NY,12207,5165214625,09/07/2023,09/30/2025,Expired
25-6HPNF-SHMO,Mold Remediation Contractor License (SH126),Proton Restoration Corp.,,8302 6 Avenue Suite 2A,,BROOKLYN,NY,11209,7182387053,08/12/2025,08/31/2027,Active
00717,Mold Assessment Contractor License (SH125),Pure Environmental Inc,,9201 4th Ave Ste 200A,,BROOKLYN,NY,11209,6787562110,05/24/2016,05/31/2024,Expired
25-6HKFQ-SHMO,Mold Remediation Contractor License (SH126),Purge Wizards Inc,PuroClean Of Hempstead,1923 Stratford Drive,,Westbury,NY,11590,9175892849,07/31/2025,07/31/2027,Active
26-69V5E-SHMO,Mold Remediation Contractor License (SH126),QUALIS WORKFORCE LLC,,39 state st,unit B  EXT,Rochester,NY,14614,5852700855,07/01/2026,07/31/2028,Active
26-66TPJ-SHMO,Mold Assessment Contractor License (SH125),Quality Air Inspections LLC,,530 West 45th Street,5N,New York,NY,10036,9178554842,04/06/2026,04/30/2028,Active
26-6ZU87-SHMO,Mold Remediation Contractor License (SH126),Qualtec Environmental Inc.,,169 Commack Rd,,Commack,NY,11725,5163260209,08/21/2026,03/31/2028,Active
23-6UX3C-SHMO,Mold Assessment Contractor License (SH125),Quest Mold and Asbestos Inspections and Testing Corp,,71 Short Way,,Roslyn Heights,NY,11577,5162637770,08/23/2023,08/31/2025,Expired
01168,Mold Assessment Contractor License (SH125),"R A West Associates, Inc.",,"2110 South Eagle Rd, #359",,NEWTOWN,NY,18940,2158605026,01/24/2018,01/31/2024,Expired
25-64UAT-SHMO,Mold Remediation Contractor License (SH126),R&S Environmental LLC,,9 Eton pl,,Plainview,NY,11803,9176180401,01/30/2025,01/31/2027,Active
25-67K6D-SHMO,Mold Remediation Contractor License (SH126),R.A.M.S ENVIRONMENTAL INC.,,66 NORTH MAIN ST,,FAIRPORT,NY,14450,5854309784,11/21/2025,11/30/2027,Active
25-64SF4-SHMO,Mold Assessment Contractor License (SH125),RE Building Corp.,Dutton Restoration,107 Eagle Lane,,Hauppauge,NY,11788,6314490135,02/06/2025,02/28/2027,Active
25-651OV-SHMO,Mold Assessment Contractor License (SH125),RESTORATION SUPPORT SOLUTIONS LLC,Fresh Start Environmental,80 Southaven Ave,,Mastic,NY,11950,6315788501,05/06/2025,05/31/2027,Active
25-6UNK8-SHMO,Mold Assessment Contractor License (SH125),ROBERTS ENVIRONMENTAL CORP.,,423 JOHNSON PATH,,BOHEMIA,NY,11716,6315628440,06/18/2025,06/30/2027,Active
26-6ACVR-SHMO,Mold Assessment Contractor License (SH125),"ROCKWELL BUILDING SERVICES COMPANY, INC.",ROCKWELL INDOOR ENVIRONMENTAL,2955 LAMSON RD,,PHOENIX,NY,13135,3157155847,08/19/2026,06/30/2028,Active
25-6UJHF-SHMO,Mold Remediation Contractor License (SH126),RR Plumbing Services Corporation,,280 Meredith Ave,,STATEN ISLAND,NY,10314,9299007046,10/27/2025,10/31/2027,Active
01765,Mold Assessment Contractor License (SH125),"RS Home Inspections, Inc.",,42 Manchester Rd Apt 2,,EASTCHESTER,NY,10709,9144460789,08/16/2022,08/31/2024,Expired
01567,Mold Assessment Contractor License (SH125),RTK Environmental Group LLC,,29 Bank Street,,Stamford,CT,06901,8003926468,12/30/2020,12/31/2024,Expired
25-65KRY-SHMO,Mold Assessment Contractor License (SH125),Rafalex Contracting Corp,,480 E 188th St,,Bronx,NY,10453,7183290626,04/07/2025,04/30/2027,Active
23-6TJ3N-SHMO,Mold Assessment Contractor License (SH125),Ramboll US Consulting Inc.,,333 W. Washington Street,,Syracuse,NY,13202,6092439857,04/24/2023,04/24/2025,Expired
24-63FCK-SHMO,Mold Remediation Contractor License (SH126),Rapid Mold Solutions Inc.,,210 Parkville Ave,Apt 5F,Brooklyn,NY,11230,9172878337,09/09/2024,09/30/2026,Active
25-61X5D-SHMO,Mold Assessment Contractor License (SH125),Ravi Engineering and Land Surveying,,"2110 S. Clinton Ave, Ste 1",,ROCHESTER,NY,14618,5852233660,10/31/2025,10/31/2027,Active
26-66FXA-SHMO,Mold Assessment Contractor License (SH125),Rayon Home Inspection Inc,,262 Slater Blvd,,Staten Island,NY,10305,3473098681,02/26/2026,02/29/2028,Active
25-65FGD-SHMO,Mold Remediation Contractor License (SH126),Ready Restoration LLC,Property Restoration of the Capital Region,2 CAROLINE ST,,Albany,NY,12203,5184619906,03/24/2025,03/31/2027,Active
26-6Z1F1-SHMO,Mold Assessment Contractor License (SH125),Realty Asset Developers LLC,RescueDry Restoration,56 Sherrard Street,,Roslyn Heights,NY,11577,3472776760,03/06/2026,03/31/2028,Active
25-6TJDO-SHMO,Mold Assessment Contractor License (SH125),Redocs Inc.,,500 Mamaroneck Ave,Ste 320,Harrison,NY,10528,2126501591,03/21/2025,03/31/2027,Active
25-6LOS6-SHMO,Mold Remediation Contractor License (SH126),Regional Environmental Demolition Inc,,6281 Wendt Drive,,NIAGARA FALLS,NY,14304,,11/07/2025,11/30/2027,Active
23-6T8ZB-SHMO,Mold Assessment Contractor License (SH125),Remodeling Renovation NYC Corp,,4304 69th Street,,Woodside,NY,11377,2126956370,04/12/2023,04/30/2025,Expired
24-633ZS-SHMO,Mold Assessment Contractor License (SH125),Rensselaer Polytechnic Institute,,110 8th Street,,Troy,NY,12061,5182766427,11/26/2024,11/30/2026,Active
26-69LQ9-SHMO,Mold Remediation Contractor License (SH126),"Renu Contracting & Restoration, Inc.",,1215 Sunrise Highway,,Copiague,NY,11726,6316833905,08/03/2026,08/31/2028,Active
26-6Z6LA-SHMO,Mold Remediation Contractor License (SH126),Resto Corp.,,628 Chestnut Ridge Road,,Chestnut Ridge,NY,10977,8453524200,06/24/2026,06/30/2028,Active
26-6SSA8-SHMO,Mold Remediation Contractor License (SH126),Restoration Services of Central Manhattan LLC,Servpro of Central Manhattan,3090 Route 112,,Medford,NY,11763,6314767500,01/30/2026,01/31/2028,Active
25-6LHRQ-SHMO,Mold Remediation Contractor License (SH126),Restorations Experts of NY Inc,,205 RonKonKoma Avenue,,RONKONKOMA,NY,11779,,12/23/2025,12/31/2027,Active
26-6956G-SHMO,Mold Remediation Contractor License (SH126),Restorehaus Restoration Corp,,91 Marble Ave,91 Marble Ave,Pleasantville,NY,10570,9146104024,08/28/2026,08/31/2028,Active
23-6TQBF-SHMO,Mold Assessment Contractor License (SH125),Revolt Management SVC Corp,,1426 Beach Ave Suite 4,,Bronx,NY,10460,3474321273,05/22/2023,05/31/2025,Expired
24-6SLUT-SHMO,Mold Assessment Contractor License (SH125),Richard Dowd,Win of Saratoga,Post Office Box 1021,,SARATOGA SPRINGS,NY,12866,5182817238,02/13/2024,02/28/2026,Expired
25-65SGT-SHMO,Mold Assessment Contractor License (SH125),NY Indoor Air Quality Solutions Corp,,259 cypress lane,,Mastic Beach,NY,11951,6318301777,05/20/2025,05/31/2027,Active
26-66HEE-SHMO,Mold Assessment Contractor License (SH125),NY Mold Group,,397 State Route 38,,Harford,NY,13784,6078573913,05/12/2026,05/31/2028,Active
25-6UU93-SHMO,Mold Remediation Contractor License (SH126),"NYC Environmental Consultants, LLC",,110 west end ave,,INWOOD,NY,11096,9175236657,09/09/2025,09/30/2027,Active
26-69C6I-SHMO,Mold Assessment Contractor License (SH125),NYC environmental Experts LLC.,,31-07 Healy Ave,#B,Far Rockaway,NY,11691,6465281122,07/06/2026,07/31/2028,Active
25-6TOFA-SHMO,Mold Assessment Contractor License (SH125),NYS Services Corp,365SVC USA Clean Master - Are,1233 East 70th Street,,Brooklyn,NY,11234,3479305697,04/30/2025,06/30/2027,Active
26-69Y37-SHMO,Mold Assessment Contractor License (SH125),Narcisse Consulting LLC,,962 E 80th ST,Fl 2,Brooklyn,NY,11236,9292132523,05/28/2026,05/31/2028,Active
24-6A1CJ-SHMO,Mold Assessment Contractor License (SH125),"National Restoration Guild, Inc.",NRG Environmental Restoration,5 Staller Drive,,East Quogue,NY,11942,6316054512,06/25/2024,06/30/2026,Expired
26-6ZUG1-SHMO,Mold Remediation Contractor License (SH126),"Naturally Green, LLC",Green Home Solutions 235,40 Indian Hill Rd,,Brewster,NY,10509,9143933192,03/03/2026,03/31/2028,Active
25-6UOIN-SHMO,Mold Assessment Contractor License (SH125),"Neighborhood Home Inspections, LLC",,34 St Joseph Ave,,RONKONKOMA,NY,11779,6316643146,06/27/2025,06/30/2027,Active
24-6A6CC-SHMO,Mold Remediation Contractor License (SH126),"New Day Services, Inc.",Enviroduct,6 Stacey Drive,,Port Jefferson Station,NY,11776,6314766182,08/09/2024,08/31/2026,Expired
23-6L61F-SHMO,Mold Remediation Contractor License (SH126),New JM Home Improvement Inc,,10 Pennyfield Ave,Apt 15C,Bronx,NY,10465,9173193523,12/01/2023,12/31/2025,Expired
26-6S7UG-SHMO,Mold Remediation Contractor License (SH126),New Millennium Painting Corp.,,6712 75th Street,,Queens,NY,11379,7184769158,04/08/2026,04/30/2028,Active
26-6ZLRF-SHMO,Mold Remediation Contractor License (SH126),"New York Environmental Systems, Inc.",,368 Richardson Street,,Brooklyn,NY,11222,7183023500,03/27/2026,03/31/2028,Active
01752,Mold Remediation Contractor License (SH126),New York Mold Removal Corp,,8 Eagle Circle,,BOHEMIA,NY,11716,6316647543,06/03/2022,06/30/2024,Expired
25-6TJ7O-SHMO,Mold Remediation Contractor License (SH126),"New York State Lead, Inc.",,1486 Union St,,BROOKLYN,NY,11213,7184671500,03/28/2025,03/31/2027,Active
25-6HNF7-SHMO,Mold Remediation Contractor License (SH126),Newhouse Restoration inc,,15 Litt Street,,East Patchogue,NY,11772,6316048590,07/01/2025,07/31/2027,Active
24-6Z75R-SHMO,Mold Assessment Contractor License (SH125),Next Solutions C.S. Incorporated,,52-25 Barnett Ave,,Long Island City,NY,11104,3474970333,04/25/2024,04/30/2026,Expired
26-6L4XZ-SHMO,Mold Remediation Contractor License (SH126),Nicorob Corporation,SERVPRO Northwest Brooklyn,1850 Utica Ave,,Brooklyn,NY,11234,7185224400,01/23/2026,01/31/2028,Active
26-6ZUVE-SHMO,Mold Remediation Contractor License (SH126),North Country EPS LLC,Paul Davis Restoration,22 Gildner Road,,Central Square,NY,13036,3156764473,03/13/2026,03/31/2028,Active
26-6ZNUL-SHMO,Mold Assessment Contractor License (SH125),"NorthEastern Environmental Testing, Inc.",,380 Main Street,,Setauket,NY,11733,5167241135,01/06/2026,02/29/2028,Active
25-6U8XC-SHMO,Mold Remediation Contractor License (SH126),Northeast Property Restoration LLC,,"136 East Service Rd, Ste 100",,BINGHAMTON,NY,13901,6078820497,06/23/2025,06/30/2027,Active
23-6TPJ1-SHMO,Mold Remediation Contractor License (SH126),"Northern Property Management, LLC",,"Post Office Box 304, 566 Port Douglas Rd",,Keeseville,NY,12944,5188349816,05/16/2023,01/31/2025,Expired
25-6s96l-shmo,Mold Assessment Contractor License (SH125),"Nu-Life Resources, LLC",,45 Callaway Rd,,ARGYLE,NY,12809,5188549444,12/31/2025,01/31/2028,Active
26-6AC1Q-SHMO,Mold Assessment Contractor License (SH125),O'Rourke Inc.,,193 Sulphur Springs Road,,Owego,NY,13827,6076877434,01/14/2026,02/29/2028,Active
25-65SFK-SHMO,Mold Remediation Contractor License (SH126),"ONIXX ENVIRONMENTAL, LLC",,320 Central Park,,Rochester,NY,14605,5857700877,05/20/2025,05/31/2027,Active
25-6L4X6-SHMO,Mold Assessment Contractor License (SH125),"Olmsted Env. Services, Inc.",,1992 Rte 9,,GARRISON,NY,10524,,12/02/2025,12/31/2027,Active
01825,Mold Remediation Contractor License (SH126),On Call Home Solutions LLC,,215-02 23rd Road,,Bayside,NY,11360,6465293204,06/12/2018,09/30/2024,Expired
25-6IR9L-SHMO,Mold Assessment Contractor License (SH125),"On The Mark Home Inspections, LLC",,139 Weiner Street,,Staten Island,NY,10309,6467720289,12/23/2025,12/31/2027,Active
26-6ANVK-SHMO,Mold Remediation Contractor License (SH126),"Oneida Sales and Service, Inc.",Lackawanna,155 Commerce Drive,,Lackawanna,NY,14218,7168228205,05/26/2026,05/31/2028,Active
25-65SRE-SHMO,Mold Remediation Contractor License (SH126),Onyx Restoration NY LLC,,368 new Hempstead rd,unit 6 # 71,new city,NY,10956,8455960836,05/20/2025,05/31/2027,Active
01828,Mold Assessment Contractor License (SH125),Optima Home Inspections Inc,,20 Westview Terrace,,POUGHKEEPSIE,NY,12603,8458491369,02/02/2023,02/28/2025,Expired
25-6IPGT-SHMO,Mold Assessment Contractor License (SH125),"P. W. Grosser Consulting, Inc.",,"630 Johnson Ave, Ste 7",,BOHEMIA,NY,11716,,12/11/2025,12/31/2027,Active
26-69V9C-SHMO,Mold Assessment Contractor License (SH125),"P.W. Grosser Consulting Engineer & Hydrogeologist, D.P.C",,630 Johnson Avenue,Suite 7,Bohemia,NY,11716,6315896353,07/01/2026,07/31/2028,Active
26-6Z5TQ-SHMO,Mold Remediation Contractor License (SH126),PATRIOT SONS USA LLC,,100 Fergerson Park,,North Syracuse,NY,13212,3158634450,05/14/2026,05/31/2028,Active
25-6H3OL-SHMO,Mold Remediation Contractor License (SH126),PITS Global LLC,PITS Environmental,2424 Ocean ave,Unit 1A,Brooklyn,NY,11229,8774276737,09/29/2025,09/30/2027,Active
26-6Z4ZI-SHMO,Mold Remediation Contractor License (SH126),PMG General Solutions Inc.,,77 Weber Ave,,Malverne,NY,11565,5167921639,04/24/2026,04/30/2028,Active
23-6TOW9-SHMO,Mold Assessment Contractor License (SH125),PRESERVATION SERVICES LLC,,5 LOUIS AVE,,MONSEY,NY,10952,9176581851,06/09/2023,03/31/2025,Expired
25-618GD-SHMO,Mold Remediation Contractor License (SH126),Painting Guy Inc,,"85-55 115th St, Apt Super",,RICHMOND HILL,NY,11418,6467734707,08/21/2025,08/31/2027,Active
25-6LSZD-SHMO,Mold Assessment Contractor License (SH125),"Paradigm Environmental, LLC.",,"3 Neptune Rd, Ste A-18E",,POUGHKEEPSIE,NY,12601,8454621466,11/07/2025,11/30/2027,Active
26-67H9H-SHMO,Mold Assessment Contractor License (SH125),Patch Wall Pro's Corp,,502 Travis Ave,,Staten Island,NY,10314,2018971835,01/28/2026,01/31/2028,Active
26-6ZAKO-SHMO,Mold Remediation Contractor License (SH126),"Paul Davis Systems of the Capital District, Inc.",,831 Route 67,Bldg. 37A,Ballston Spa,NY,12020,5188858900,02/09/2026,02/29/2028,Active
25-6HACH-SHMO,Mold Remediation Contractor License (SH126),Paulina Corporation,,76-24 85th Road,,WOODHAVEN,NY,11421,7183667600,09/25/2025,09/30/2027,Active
24-63154-SHMO,Mold Assessment Contractor License (SH125),"Pedcore, Inc.",,"51 Forest Rd, Suite 316-205",,MONROE,NY,10950,8457749791,11/01/2024,11/30/2026,Active
00188,Mold Assessment Contractor License (SH125),"People's Environmental, Inc.",,22 Rutgers St,,NEW YORK,NY,10002,2126934050,01/07/2016,01/31/2024,Expired
01892,Mold Remediation Contractor License (SH126),Pest Pro Extermination Co. Inc.,,"1650 Sycamore Ave, Ste 13",,BOHEMIA,NY,11716,6316610900,11/22/2022,11/30/2024,Expired
26-6Z8Y3-SHMO,Mold Assessment Contractor License (SH125),Phillip M. Carabin,P.M.Carabin,42 Wadsworth Rd.,,New Hartford,NY,13413,3155341277,03/10/2026,03/31/2028,Active
25-67G8P-SHMO,Mold Remediation Contractor License (SH126),Phoenix Restorations LLC,Service Master Restoration Services,1355 Clinton St,,BUFFALO,NY,14206,7168222255,11/05/2025,11/30/2027,Active
01488,Mold Assessment Contractor License (SH125),Pitroy Enterprises LLC,,426 South Main Street,,GLOVERSVILLE,NY,12078,5187750536,03/06/2020,03/31/2024,Expired
26-6SV5V-SHMO,Mold Remediation Contractor License (SH126),Plus Construction Services inc,,62 ELMHURST AVE,,MEDFORD,NY,11763,6314857557,02/19/2026,02/29/2028,Active
25-6UYAP-SHMO,Mold Assessment Contractor License (SH125),"Polito Home Inspections, Inc.",,181 Monroe St,,Honeoye Falls,NY,14472,5853305644,04/18/2025,04/30/2027,Active
24-6AR4Z-SHMO,Mold Assessment Contractor License (SH125),Pomilla Property Corp,,7 Olive Ct,,FARMINGVILLE,NY,11738,6318738653,05/15/2024,06/30/2026,Expired
26-6Z88F-SHMO,Mold Assessment Contractor License (SH125),"Powers Environmental, LLC",,65 West Street,Apartment 505,New Milford,CT,06776,2037754885,01/23/2026,01/31/2028,Active
25-6IEYU-SHMO,Mold Assessment Contractor License (SH125),"Precision Environmental, Inc.",Precision Group Services,60 Forest Ave.,,CORTLANDT MANOR,NY,10567,7183832626,10/23/2025,10/31/2027,Active
24-6SCJB-SHMO,Mold Remediation Contractor License (SH126),Premier Drying Solutions Corp,,711-5 Koehler Avenue,,RONKONKOMA,NY,11779,,02/07/2024,01/31/2026,Expired
26-6ZRHX-SHMO,Mold Assessment Contractor License (SH125),"Premier inspection services, LLC",,41 Windham HI,,Glenmont,NY,12077,5189153378,03/06/2026,03/31/2028,Active
26-6AY5I-SHMO,Mold Assessment Contractor License (SH125),"Prime Aire Mold Services, Inc.",DryEase Mold Services,"185 Clymer Street, Suite 210",,Brooklyn,NY,11211,8772158399,05/19/2026,05/31/2028,Active
26-6ZRKI-SHMO,Mold Assessment Contractor License (SH125),Prime Mold Removal Inc.,,2461 East 3rd Street,,Brooklyn,NY,11223,9297324244,02/12/2026,02/29/2028,Active
25-651IV-SHMO,Mold Assessment Contractor License (SH125),Pristine General Contracting INC,,218 Billiou St,,Staten Island,NY,10312,9148154935,05/07/2025,05/31/2027,Active
24-6ZPK6-SHMO,Mold Assessment Contractor License (SH125),"Pro-Engineered Inspections, P.C.",,"95 Allens Creek Rd, Bldg 2, Ste 211",,ROCHESTER,NY,14618,5853854766,03/18/2024,03/31/2026,Expired
26-6AHCC-SHMO,Mold Remediation Contractor License (SH126),ProServe Envioronmental Inc.,,1 12th Street,,Brooklyn,NY,11215,2126440441,03/11/2026,03/31/2028,Active
25-64JTU-SHMO,Mold Assessment Contractor License (SH125),Procyon Inc.,,51 Highland Ave,,NEW ROCHELLE,NY,10801,9149185440,01/02/2025,12/31/2026,Active
26-6ZTS6-SHMO,Mold Assessment Contractor License (SH125),Professional Home Inspection Service Inc.,,1278 Vestal Ave,,Binghamton,NY,13903,6077731519,02/06/2026,02/29/2028,Active
00544,Mold Assessment Contractor License (SH125),"Professional Mold Testing, Inc.",,6 Stalker Lane,,EAST SETAUKET,NY,11733,6313794594,03/04/2016,03/31/2024,Expired
26-6IF3K-SHMO,Mold Remediation Contractor License (SH126),Promore Construction Corp.,,"83-25 98th Street, Apt 3C",,Woodhaven,NY,11421,3474939006,02/02/2026,02/29/2028,Active
25-6UUJB-SHMO,Mold Remediation Contractor License (SH126),Property Deep Cleaning LLC,,68 Centre St,,Freeport,NY,11520,5164259188,10/08/2025,10/31/2027,Active
24-6S73K-SHMO,Mold Remediation Contractor License (SH126),"Property Restoration, Inc.",Disaster Clean-up,"6194 Thompson Rd, Suite B",,SYRACUSE,NY,13206,3154540518,02/22/2024,03/31/2026,Expired
26-661PT-SHMO,Mold Remediation Contractor License (SH126),Provision General Contracting Inc.,,11 glenmore ave,,brentwood,NY,11717,6317159158,04/08/2026,04/30/2028,Active
25-6LDQ4-SHMO,Mold Remediation Contractor License (SH126),Pure Environmental Inc,,9201 4th Ave Ste 200A,,BROOKLYN,NY,11209,6787562110,11/13/2025,11/30/2027,Active
01802,Mold Assessment Contractor License (SH125),Put Back Builders Fire Water Smoke Corp,,100 South Broadway,,South Amboy,NJ,08879,8447882225,10/28/2022,10/31/2024,Expired
25-6HRF4-SHMO,Mold Remediation Contractor License (SH126),QUALITY AIR ABATEMENT INC,,82-11 37TH AVENUE,STE LL-20,JACKSON HEIGHTS,NY,11372,9174996522,07/09/2025,07/31/2027,Active
25-654NY-SHMO,Mold Assessment Contractor License (SH125),Quality Air Testing LLC,,32 Peppermint Road,,Commack,NY,11725,5165122646,06/03/2025,06/30/2027,Active
26-6ZU89-SHMO,Mold Assessment Contractor License (SH125),Qualtec Environmental Inc.,,169 Commack Rd,,Commack,NY,11725,5163260209,08/21/2026,03/31/2028,Active
26-6Z47A-SHMO,Mold Assessment Contractor License (SH125),Questar III BOCES,,10 Empire State Blvd,,Castleton,NY,12033,5184796800,03/10/2026,03/31/2028,Active
25-67UV9-SHMO,Mold Remediation Contractor License (SH126),R S Construction & Renovation LLC,,811 Caldwell Ave,,VALLEY STREAM,NY,11581,9177091564,12/22/2025,12/31/2027,Active
23-6TJBC-SHMO,Mold Assessment Contractor License (SH125),R. Giordano Inc,,Post Office Box 527,,Vailsgate,NY,12584,8455683202,04/19/2023,04/30/2025,Expired
25-64A8Y-SHMO,Mold Remediation Contractor License (SH126),RAVEN CONSTRUCTION SERVICES CORP.,,29 SADDLE LN,,GLEN HEAD,NY,11545,9178178221,02/12/2025,02/28/2027,Active
24-64YSG-SHMO,Mold Remediation Contractor License (SH126),"RELIABLE CLEANING & RESTORATION SYSTEMS,INC.",RELIABLE CLEANING SYSTEMS,450 WESTBURY AVENUE,,CARLE PLACE,NY,11514,5163330345,12/13/2024,12/31/2026,Active
24-6SKN1-SHMO,Mold Remediation Contractor License (SH126),RF Construction Services LLC,NYC Emergency Mold Water Fire Restoration,658 E 80th Street,Suite 2,Brooklyn,NY,11236,3477428776,02/06/2024,02/28/2026,Expired
00800,Mold Assessment Contractor License (SH125),ROBIN HOME INSPECTION INC,,475 ROSSWAY ROAD,,PLEASANT VALLEY,NY,12569,9144567718,07/08/2016,07/31/2024,Expired
25-67K6Q-SHMO,Mold Remediation Contractor License (SH126),ROMAX GROUP INC,,160-04 CROSS BAY BLVD,171,HOWARD BEACH,NY,11414,9175472749,11/21/2025,11/30/2027,Active
23-6UJHD-SHMO,Mold Assessment Contractor License (SH125),RR Plumbing Services Corporation,,280 Meredith Ave,,STATEN ISLAND,NY,10314,9299007046,08/02/2023,08/31/2025,Expired
24-64YJA-SHMO,Mold Remediation Contractor License (SH126),RSK Environmental LLC,,"3611 14th Avenue, Suite 551",,Brooklyn,NY,11218,7184365500,12/12/2024,12/31/2026,Active
26-6I4XV-SHMO,Mold Assessment Contractor License (SH125),RTK Environmental Group LLC,,29 Bank Street,,Stamford,CT,06901,8003926468,01/08/2026,01/31/2028,Active
25-65JSR-SHMO,Mold Remediation Contractor License (SH126),Rafalex Contracting Corp,,480 E 188th St,,Bronx,NY,10453,7183290626,04/04/2025,04/30/2027,Active
26-6A9OI-SHMO,Mold Remediation Contractor License (SH126),Ranieri Massa Enterprises LLC,Paul Davis Emergency Services,6341 Ledgewood Drive,,Jamesville,NY,13078,3155654150,07/07/2026,07/31/2028,Active
25-6H57P-SHMO,Mold Remediation Contractor License (SH126),Rapid Restore Water & Mold Remediation Inc,,3602 Quentin Rd,,broolyn,NY,11234,3472477464,10/07/2025,10/31/2027,Active
23-61VC7-SHMO,Mold Remediation Contractor License (SH126),Raw Restoration Services Inc.,Servpro of New Hyde Park/Mineola,87-17 97th Avenue,,Ozone Park,NY,11416,3472332305,09/29/2023,09/30/2025,Expired
26-66B9E-SHMO,Mold Remediation Contractor License (SH126),Rayon Home Inspection Inc,,262 Slater Blvd,,Staten Island,NY,10305,3473098681,02/13/2026,02/29/2028,Active
25-64USU-SHMO,Mold Remediation Contractor License (SH126),Ready2Go Mold Restoration LLC,,416 1st street,,Albany,NY,12206,9176529519,01/30/2025,01/31/2027,Active
01761,Mold Assessment Contractor License (SH125),Recon Home Inspections LLC,,24 Glenwood Rd,,NEW CITY,NY,10956,8452228437,07/19/2022,07/31/2024,Expired
25-67T3S-SHMO,Mold Remediation Contractor License (SH126),"Refind Organization & Design, LLC.",,38 Braunview Way,,New York,NY,14127,7166037877,12/16/2025,12/31/2027,Active
26-6SSAQ-SHMO,Mold Assessment Contractor License (SH125),"Reliable Property Inspections of WNY, LLC",,2364 Walker Road,,Alexander,NY,14005,7163590325,01/21/2026,02/29/2028,Active
23-6T8SZ-SHMO,Mold Remediation Contractor License (SH126),Remodeling Renovation NYC Corp,,4304 69th Street,,Woodside,NY,11377,2126956370,04/12/2023,04/12/2025,Expired
26-63Y53-SHMO,Mold Remediation Contractor License (SH126),Rentals 4 You LLC,,33 Lee Avenue,,Valley Stream,NY,11581,9088585610,07/07/2026,07/31/2028,Active
25-65A5O-SHMO,Mold Assessment Contractor License (SH125),"Renzi's Home Improvements, Inc.",,122 Clunie Ave,,Yonkers,NY,10703,9145880222,05/30/2025,05/31/2027,Active
24-63X19-SHMO,Mold Remediation Contractor License (SH126),Restoration Masters Incorporated,,1208 Jericho Turnpike,,New Hyde Park,NY,11040,3472651191,10/17/2024,10/31/2026,Active
26-6SRNA-SHMO,Mold Remediation Contractor License (SH126),Restoration Services of Medford LLC,Servpro of Medford,3090 Route 112,,Medford,NY,11763,6314767500,02/04/2026,02/29/2028,Active
25-67RTS-SHMO,Mold Remediation Contractor License (SH126),"Restorations Services, Inc.",Dry Fast Restoration,1533 Rocky Point Rd,,Middle Island,NY,11953,6319818585,10/31/2025,10/31/2027,Active
24-63KPQ-SHMO,Mold Remediation Contractor License (SH126),Revamp Cleaning Solutions L.L.C.,,1418 Zerega Ave,Apt 3B,Bronx,NY,10462,3473749070,09/27/2024,09/30/2026,Active
01800,Mold Assessment Contractor License (SH125),"Revolutionary Home Inspections, LLC",,Po Box 91,,CENTRAL SQUARE,NY,13036,3153144663,10/26/2022,10/31/2024,Expired
01517,Mold Assessment Contractor License (SH125),"Rick Kast Carpentry, Inc.",Red Mill Home Inspections,115 Redmill Rd,,CORTLANDT MANOR,NY,10567,9148791734,06/10/2020,06/30/2024,Expired
25-6HSU6-SHMO,Mold Assessment Contractor License (SH125),"NY ENVIRONMENTAL SERVICES, INC",,91 SPIER FALLS ROAD,,GANSEVOORT,NY,12831,5187694786,09/18/2025,09/30/2027,Active
01696,Mold Remediation Contractor License (SH126),NY Metro Builders LLC.,,4186 Harriet Rd,,Bethpage,NY,11714,7188011600,01/05/2022,01/31/2024,Expired
25-6HXSN-SHMO,Mold Remediation Contractor License (SH126),NY Mold and Clean Air Solutions Inc.,NY Mold & Clean Air Solutions,13 Edgewood Drive,,Katonah,NY,10536,9142151699,08/22/2025,08/31/2027,Active
01922,Mold Remediation Contractor License (SH126),NYC Environmental LLC,,"3331 White Plains Rd, Ste 201",,BRONX,NY,10467,9175785885,03/22/2023,03/31/2025,Expired
26-69CIP-SHMO,Mold Remediation Contractor License (SH126),NYC environmental Experts LLC.,,31-07 Healy Ave,#B,Far Rockaway,NY,11691,6465281122,07/03/2026,07/31/2028,Active
25-6TOF3-SHMO,Mold Remediation Contractor License (SH126),NYS Services Corp,365SVC USA Clean Master - Are,1233 East 70th Street,,Brooklyn,NY,11234,3479305697,07/03/2025,07/31/2027,Active
23-6UOYO-SHMO,Mold Remediation Contractor License (SH126),Nasir Gen Construction Corp.,,123-17 153rd St,,Jamaica,NY,11434,9173305855,08/24/2023,08/31/2025,Expired
26-6Z45Z-SHMO,Mold Remediation Contractor License (SH126),"National Restoration Guild, Inc.",NRG Environmental Restoration,5 Staller Drive,,East Quogue,NY,11942,6316054512,03/06/2026,03/31/2028,Active
26-6SVZO-SHMO,Mold Remediation Contractor License (SH126),Natures Way Pest Control Inc.,,153 Broad Street,,Glens Falls,NY,12801,5187911609,03/23/2026,03/31/2028,Active
01747,Mold Remediation Contractor License (SH126),"Nest Restoration Services, Inc.",,259 N Grand Ave,,POUGHKEEPSIE,NY,12603,8454718520,06/23/2022,05/31/2024,Expired
24-6ZH53-SHMO,Mold Remediation Contractor License (SH126),"New England Environmental Services, Inc.",,420 South Riverside Avenue #305,,Croton-on-Hudson,NY,10520,8552459990,04/23/2024,04/30/2026,Expired
25-64Q4R-SHMO,Mold Remediation Contractor License (SH126),New Mile Stone Construction Corp.,,83-50 260th Street,,Glen Oaks,NY,11004,9176822391,01/15/2025,01/31/2027,Active
24-63NO5-SHMO,Mold Remediation Contractor License (SH126),New Safeway contracting Corp,,175-14 Hillside Ave,,Jamaica,NY,11432,7186580911,08/27/2024,08/31/2026,Expired
26-6ZAJY-SHMO,Mold Assessment Contractor License (SH125),New York House Inspectors Corporation,,170 Carlou Court,,Oceanside,NY,11572,5165512422,02/04/2026,02/29/2028,Active
26-6anvg-shmo,Mold Remediation Contractor License (SH126),New York Mold Specialist Inc,,4904 AVENUE L,,BROOKLYN,NY,11234,8004976650,05/07/2026,05/31/2028,Active
25-6TJ7R-SHMO,Mold Assessment Contractor License (SH125),"New York State Lead, Inc.",,1486 Union St,,BROOKLYN,NY,11213,7184671500,03/28/2025,03/31/2027,Active
26-69DR6-SHMO,Mold Assessment Contractor License (SH125),"Newkirk Enterprises, INC.",Environmental Consulting & Services,47 Grinnell Street,,Rhinecliff,NY,12574,8458767628,06/04/2026,06/30/2028,Active
24-64FFK-SHMO,Mold Remediation Contractor License (SH126),NextGen Environmental LLC,,2300 Grand Central Ave,,HORSEHEADS,NY,14845,6074426653,12/20/2024,12/31/2026,Active
24-6SIQO-SHMO,Mold Remediation Contractor License (SH126),"Nikat Enterprises, Inc",,51 Fair Mount Ave,,Jersey City,NY,07304,2016560035,02/14/2024,02/28/2026,Expired
25-6UXQU-SHMO,Mold Remediation Contractor License (SH126),"North Country Janitorial, Inc.",,188 Dix Avenue,,GLENS FALLS,NY,12801,5187938750,07/09/2025,07/31/2027,Active
26-6SFS9-SHMO,Mold Remediation Contractor License (SH126),"NorthStar Contracting Group, Inc.",,32 Williams pkwy,,East Hanvoer,NJ,07936,9738848682,01/06/2026,03/31/2028,Active
24-63ON9-SHMO,Mold Remediation Contractor License (SH126),Northeast Restoration Solutions LLC,,5680 Merrick Road,,Massapequa,NY,11758,6312908025,10/21/2024,10/31/2026,Active
23-6TPQT-SHMO,Mold Assessment Contractor License (SH125),"Northern Property Management, LLC",,"Post Office Box 304, 566 Port Douglas Rd",,Keeseville,NY,12944,5188349816,05/17/2023,04/30/2025,Expired
25-6I5NR-SHMO,Mold Remediation Contractor License (SH126),Nuclear Environmental LLC,,"825 8th Avenue, Suite 18N",,New York,NY,10019,5166951109,12/30/2025,12/31/2027,Active
25-657PY-SHMO,Mold Assessment Contractor License (SH125),OAU Contracting Services LLC,,400 Esplanade,Apt 61,Hackensack,NJ,07601,2016795245,06/16/2025,06/30/2027,Active
25-65O99-SHMO,Mold Assessment Contractor License (SH125),ONYXENVIRO LLC,,35 Regina Rd,,Airmont,NY,10952,8452441545,04/30/2025,04/30/2027,Active
26-6L7TJ-SHMO,Mold Remediation Contractor License (SH126),Olympos Corp.,,82-11 37th Avenue,Suite LL19,Jackson Heights,NY,11372,6462107633,01/14/2026,01/31/2028,Active
26-6IA3A-SHMO,Mold Assessment Contractor License (SH125),On Call Home Solutions LLC,,215-02 23rd Road,,Bayside,NY,11360,6465293204,01/22/2026,03/31/2028,Active
26-6ZOBU-SHMO,Mold Remediation Contractor License (SH126),On The Spot Cleaners Inc.,,195 Phoenix Street,,CANANDAIGUA,NY,14424,5852246911,02/06/2026,02/29/2028,Active
25-6TK1I-SHMO,Mold Assessment Contractor License (SH125),Oneida-Herkimer-Madison BOCES,,4747 Middle Settlement Rd,,New Hartford,NY,13413,3157938572,04/29/2025,04/30/2027,Active
25-65KXS-SHMO,Mold Assessment Contractor License (SH125),Operation Restoration NY LLC,Operation Restoration,332 Locust St,Suite 4,Mt Vernon,NY,10550,9145577276,04/08/2025,04/30/2027,Active
25-6IRO7-SHMO,Mold Assessment Contractor License (SH125),Orange-Ulster BOCES,,53 Gibson Rd.,,GOSHEN,NY,10924,8457814887,12/12/2025,12/31/2027,Active
25-6LS8G-SHMO,Mold Remediation Contractor License (SH126),"P.C.I. Services, Inc.",,701-8 Koehler Ave,,RONKONKOMA,NY,11779,6317386900,12/01/2025,12/31/2027,Active
26-6Z19V-SHMO,Mold Remediation Contractor License (SH126),PAL Environmental Safety Corp.,,11-02 Queens Plaza South,,Long Island City,NY,11101,7183490900,01/20/2026,01/31/2028,Active
25-6LD3J-SHMO,Mold Remediation Contractor License (SH126),PENTATEUCH CONTRACTING INC,,3056 BRUNER AVE,,BRONX,NY,11377,3476071422,08/15/2025,08/31/2027,Active
26-6S9HE-SHMO,Mold Remediation Contractor License (SH126),PK Contractor Corp,,51 Pollok PL,,Hicksville,NY,11801,9295266001,01/21/2026,01/31/2028,Active
23-6LUJH-SHMO,Mold Remediation Contractor License (SH126),"PPRE Economic Development Corp, Inc",,318 McLean Blvd. Unit 4,,Patterson,NJ,07055,8623341515,11/14/2023,09/30/2025,Expired
26-6ZIYI-SHMO,Mold Remediation Contractor License (SH126),"PRO Restoration, Inc.",Servpro of Port Jefferson,501 middle country road,,CORAM,NY,11764,6314765300,03/10/2026,03/31/2028,Active
25-6HXKT-SHMO,Mold Assessment Contractor License (SH125),Painting Guy Inc,,"85-55 115th St, Apt Super",,RICHMOND HILL,NY,11418,6467734707,08/21/2025,08/31/2027,Active
25-65YUN-SHMO,Mold Assessment Contractor License (SH125),"Parsons Brinckerhoff, Inc.",,One Penn Plaza,,NEW YORK,NY,10119,6469124753,03/10/2025,03/31/2027,Active
00616,Mold Remediation Contractor License (SH126),Patnode Enterprises Inc.,Puroclean Restoration Specialists,51 Kallen Ave,,SCHENECTADY,NY,12304,5183622700,04/13/2016,04/30/2024,Expired
01717,Mold Assessment Contractor License (SH125),Paul Lucien,"Your House, Your Home-Su casa, Su Hogar- Inspection Co",PO Box 7719,,New York,NY,10116,2125442626,04/07/2022,04/30/2024,Expired
26-6SSTY-SHMO,Mold Remediation Contractor License (SH126),Pay it Forward Partners Inc,PuroClean Professional Restoration,625 STATE ROUTE 28,,KINGSTON,NY,12401,8454819060,04/23/2026,04/30/2028,Active
24-6315I-SHMO,Mold Remediation Contractor License (SH126),"Pedcore, Inc.",,"51 Forest Rd, Suite 316-205",,MONROE,NY,10950,8457749791,11/01/2024,11/30/2026,Active
26-6SLAU-SHMO,Mold Remediation Contractor License (SH126),Perfect Restoration and Cleaning Corp,,51 Wayne Ave,,Suffern,NY,10901,8453881000,02/24/2026,02/29/2028,Active
01723,Mold Remediation Contractor License (SH126),Peter Telford,D and P Property Management,1 Pine Rd,,SOUTH GLENS FALLS,NY,12803,5187441663,03/10/2022,03/31/2024,Expired
26-6Z8YX-SHMO,Mold Remediation Contractor License (SH126),Phillip M. Carabin,P.M.Carabin,42 Wadsworth Rd.,,New Hartford,NY,13413,3155341277,03/09/2026,03/31/2028,Active
26-66OFL-SHMO,Mold Assessment Contractor License (SH125),"Pinchin NY, Inc.",CodeGreen,1350 Broadway,FL 5,New York,NY,10018,2126955980,04/01/2026,04/30/2028,Active
01798,Mold Assessment Contractor License (SH125),Pleasant Ridge LLC,,7416 6TH Ave,,BROOKLYN,NY,11209,7182383613,10/21/2022,10/31/2024,Expired
01708,Mold Remediation Contractor License (SH126),Pluto Environmental LLC,,15 Betsy Rd,,MAHOPAC,NY,10541,8456613168,02/09/2022,02/28/2024,Expired
25-6TQGA-SHMO,Mold Remediation Contractor License (SH126),Polo Construction Corp,,152 Milton Ave,,Levittown,NY,11756,9172008383,04/15/2025,04/30/2027,Active
25-6TPZY-SHMO,Mold Remediation Contractor License (SH126),Popular Services Inc,,8934 118th street,,Richmond Hill,NY,11418,9293866688,03/24/2025,03/31/2027,Active
25-6HKK3-SHMO,Mold Remediation Contractor License (SH126),Prana Home Services Corporation,"Paul Davis Restoration of Staten Island, NY",4830 Arthur Kill Road,,Staten Island,NY,10309,9175964869,07/31/2025,07/31/2027,Active
25-6TQEJ-SHMO,Mold Assessment Contractor License (SH125),Precision Home Inspection of the Twin Tiers LLC,,Grand Central Ave,,HORSEHEADS,NY,14845,6074266242,05/08/2025,05/31/2027,Active
26-66OND-SHMO,Mold Remediation Contractor License (SH126),Premier Service Specialists LLC,,4961 Scotch Ridge Road,,duanesburg,NY,12056,5184870553,04/01/2026,04/30/2028,Active
26-6ACIX-SHMO,Mold Remediation Contractor License (SH126),Premium Maintenance Service Corp.,,108 Hallenbeck Rd,,Hudson,NY,12534,5188213355,07/17/2026,07/31/2028,Active
26-6AXK6-SHMO,Mold Remediation Contractor License (SH126),"Prime Aire Mold Services, Inc.",DryEase Mold Services,"185 Clymer Street, Suite 210",,Brooklyn,NY,11211,8772158399,05/19/2026,05/31/2028,Active
01908,Mold Remediation Contractor License (SH126),Prime Restoration Pros Inc.,,45 Babcock Ave,,RONKONKOMA,NY,11779,6319225040,01/10/2023,01/31/2025,Expired
23-6L981-SHMO,Mold Assessment Contractor License (SH125),Pro Check Inspections LLC,,10 Red Rock Rd,,New City,NY,10956,8455386249,12/04/2023,02/28/2025,Expired
24-6ZUOA-SHMO,Mold Assessment Contractor License (SH125),ProActive Environmental Corp.,,"230 East 48th St, 3rd floor",,NEW YORK,NY,10017,9176205546,04/01/2024,03/31/2026,Expired
26-6AHCG-SHMO,Mold Assessment Contractor License (SH125),ProServe Envioronmental Inc.,,1 12th Street,,Brooklyn,NY,11215,2126440441,03/11/2026,03/31/2028,Active
26-6ICUN-SHMO,Mold Remediation Contractor License (SH126),Procyon Inc.,,51 Highland Ave,,NEW ROCHELLE,NY,10801,9149185440,01/14/2026,12/31/2027,Active
26-6z59J-SHMO,Mold Assessment Contractor License (SH125),Professional Mold Inspections LLC,,6 Stalker Lane,,East Setauket,NY,11733,6313794594,04/08/2026,04/30/2028,Active
26-6ZXPS-SHMO,Mold Assessment Contractor License (SH125),"Professional Service Industries, Inc",,17 British American Boulevard,,Latham,NY,12110,5183779841,07/21/2026,07/31/2028,Active
26-6ZPV8-SHMO,Mold Remediation Contractor License (SH126),Property Care & Enhancements INC,Disaster Relief,3515 Brown Street,,Collins,NY,14034,7165607525,03/11/2026,03/31/2028,Active
26-6ACQE-SHMO,Mold Assessment Contractor License (SH125),Property Insights LLC,,6 Greenwood St,,Rochester,NY,14608,9175105256,04/29/2026,04/30/2028,Active
24-6A7PB-SHMO,Mold Remediation Contractor License (SH126),"Property Services of WNY, Inc.",,2475 Niagara Falls Blvd,,Amherst,NY,14228,7165722456,08/06/2024,07/31/2026,Expired
26-661PX-SHMO,Mold Assessment Contractor License (SH125),Provision General Contracting Inc.,,11 glenmore ave,,brentwood,NY,11717,6317159158,04/08/2026,04/30/2028,Active
25-67E7A-SHMO,Mold Assessment Contractor License (SH125),Pure Environmental Inc,,9201 4th Ave Ste 200A,,BROOKLYN,NY,11209,6787562110,11/13/2025,11/30/2027,Active
24-63STG-SHMO,Mold Assessment Contractor License (SH125),Pyramid Safety & Health Solutions Inc.,,89-31 161st Street,Suite 805,Jamaica,NY,11432,3474950728,11/18/2024,11/30/2026,Active
00176,Mold Remediation Contractor License (SH126),Quality Air Care Cleaning Services LLC,,po box 972,,EAST HAMPTON,NY,11937,,12/21/2015,01/31/2024,Expired
24-648BS-SHMO,Mold Assessment Contractor License (SH125),"Quality Environmental Solutions & Technologies, Inc.",,1376 Route 9,,WAPPINGERS FALLS,NY,12590,8452986031,12/26/2024,12/31/2026,Active
23-6UFHA-SHMO,Mold Assessment Contractor License (SH125),Qualtek Testing Group LLC,,241 Merrill Rd,,Homer,NY,13077,3153294271,07/17/2023,07/31/2025,Expired
24-6ZUVU-SHMO,Mold Remediation Contractor License (SH126),Quick Construction Inc.,,24 Ithaca Road,,Candor,NY,13743,6072273637,03/29/2024,03/31/2026,Expired
24-6ANLZ-SHMO,Mold Assessment Contractor License (SH125),"R&D Environment And Restoration, Inc.",,240 E 86th Street,,New York,NY,10028,9176911594,05/08/2024,05/31/2026,Expired
00902,Mold Remediation Contractor License (SH126),"R. Rimualdo Enterprises, Inc.",,10 Commerce Park Dr,,WILTON,NY,12831,5183015514,11/15/2016,06/30/2024,Expired
25-6HZSA-SHMO,Mold Remediation Contractor License (SH126),RDR GENERAL CONSTRUCTION CORP,,561 WEST 141ST STREET,APT. 79,NEW YORK,NY,10031,9177956392,09/23/2025,09/30/2027,Active
26-6ZVXE-SHMO,Mold Remediation Contractor License (SH126),REO lead Solutions LLC,,2701 Webb Ave,ST6,Bronx,NY,10468,3476074315,03/17/2026,03/31/2028,Active
23-6L4CG-SHMO,Mold Remediation Contractor License (SH126),RICI Corp.,,46 Hobart Place,,Garfield,NJ,07026,9736141266,11/27/2023,11/30/2025,Expired
25-6HL39-SHMO,Mold Assessment Contractor License (SH125),ROBIN HOME INSPECTION INC,,475 ROSSWAY ROAD,,PLEASANT VALLEY,NY,12569,9144567718,09/11/2025,09/30/2027,Active
25-65A6L-SHMO,Mold Remediation Contractor License (SH126),ROUTE 66 NY CORP.,,1775 Mansion St,,Bronx,NY,10460,7183004264,05/30/2025,05/31/2027,Active
23-6TKB4-SHMO,Mold Remediation Contractor License (SH126),RRR Brooklyn Corp.,,580 Mayfair Dr. South,,Brooklyn,NY,11234,7184198285,04/25/2023,04/25/2025,Expired
24-64YKR-SHMO,Mold Assessment Contractor License (SH125),RSK Environmental LLC,,"3611 14th Avenue, Suite 551",,Brooklyn,NY,11218,7184365500,12/12/2024,12/31/2026,Active
25-64SBA-SHMO,Mold Remediation Contractor License (SH126),Radford Management inc.,Radford Restoration,45 Adlers Lane,,Staten ISland,NY,10307,6465297351,02/06/2025,02/28/2027,Active
24-63LKZ-SHMO,Mold Remediation Contractor License (SH126),Rainier Restoration LLC,,"980 6th Ave, 2nd fl",,NEW YORK,NY,10018,6465596649,11/08/2024,11/30/2026,Active
24-6ZJO8-SHMO,Mold Assessment Contractor License (SH125),Rapid Dry LLC,,448 Hickory Street,,Kearny,NJ,07032,2016204877,03/08/2024,03/31/2026,Expired
25-6H57C-SHMO,Mold Assessment Contractor License (SH125),Rapid Restore Water & Mold Remediation Inc,,3602 Quentin Rd,,broolyn,NY,11234,3472477464,10/07/2025,10/31/2027,Active
00659,Mold Assessment Contractor License (SH125),Raymond A Matejunas III,Grade A Certified Inspections,5021 Express Drive North,,RONKONKOMA,NY,11779,6317866927,04/26/2016,04/30/2024,Expired
25-6559A-SHMO,Mold Remediation Contractor License (SH126),Raza Environmental Inc.,,1767 Central Park Ave,,Yonkers,NY,10708,3477341865,06/10/2025,06/30/2027,Active
24-63T4K-SHMO,Mold Assessment Contractor License (SH125),Reality Home Inspections LLC,A-Tech Inspection Services,76 Bonney Court,,MONROE,NY,10950,9146108224,10/29/2024,11/30/2026,Active
24-6ZE9D-SHMO,Mold Remediation Contractor License (SH126),"Recovery Pros, Inc.",,9-19 38th Ave,,Long Island City,NY,11101,2122928716,03/07/2024,03/31/2026,Expired
26-6I78X-SHMO,Mold Remediation Contractor License (SH126),Refined Restoration LLC,The Mold Chick,37 Stonewood Ave,,Rochester,NY,14612,5854414495,01/20/2026,01/31/2028,Active
26-675OS-SHMO,Mold Assessment Contractor License (SH125),Remedify Corporation,,220 Marine Avenue,,Brooklyn,NY,11209,5189172522,01/22/2026,01/31/2028,Active
23-6T86C-SHMO,Mold Assessment Contractor License (SH125),"Renaissance Inspection Services, LLC",,27 Van Buren St,,Albany,NY,12206,5189925311,04/13/2023,04/30/2025,Expired
00371,Mold Remediation Contractor License (SH126),"Renu Contracting & Restoration, Inc.",,1215 Sunrise Highway,,Copiague,NY,11726,6316833905,02/16/2016,06/30/2024,Expired
25-6UMUA-SHMO,Mold Assessment Contractor License (SH125),Residensafe Inspection Services LLC,,PO Box 106,,GILBOA,NY,12076,6075887394,07/24/2025,08/31/2027,Active
25-6tqkm-shmo,Mold Remediation Contractor License (SH126),"Restoration Plus of CNY, LLC",PuroClean of Syracuse North,250 Commerce Blvd,,Liverpool,NY,13088,3157157412,01/22/2025,01/31/2027,Active
26-6SVR3-SHMO,Mold Remediation Contractor License (SH126),Restoration Services of Southwest Brooklyn LLC,Servpro of Southwest Brooklyn,3090 Route 112,,Medford,NY,11763,6314767500,02/04/2026,02/29/2028,Active
25-64TZB-SHMO,Mold Remediation Contractor License (SH126),Restore 365 Inc,SERVPRO of Greater Smithtown,106 Lake Avenue South,Unit 3,Nesconset,NY,11767,6312659200,01/24/2025,01/31/2027,Active
24-63QLC-SHMO,Mold Assessment Contractor License (SH125),Revamp Cleaning Solutions L.L.C.,,1418 Zerega Ave,Apt 3B,Bronx,NY,10462,3473749070,10/15/2024,10/31/2026,Active
26-66J1C-SHMO,Mold Remediation Contractor License (SH126),Rezy Save NY LLC,,395 County Road 39A,STE 6,Southampton,NY,11968,6312036102,03/11/2026,03/31/2028,Active
23-6TC1I-SHMO,Mold Assessment Contractor License (SH125),Right Price General Construction Corp.,,3950 DeReimer Avenue,,Bronx,NY,10466,7182924064,05/11/2023,03/31/2024,Expired
25-6UTFU-SHMO,Mold Remediation Contractor License (SH126),Ripple Restoration LLC,SERVPRO of Corona,65-22 Fresh Meadow Lane,,Fresh Meadows,NY,11365,9144692839,06/09/2025,06/30/2027,Active
26-69XLP-SHMO,Mold Remediation Contractor License (SH126),Riverbay Corporation,,2049 Bartow Ave,Suite 24,Bronx,NY,10475,7183203300,07/15/2026,07/31/2028,Active
01715,Mold Assessment Contractor License (SH125),Rochester Environmental Assessment LLC,,PO Box 25594,,ROCHESTER,NY,14625,5854553519,03/25/2022,03/31/2024,Expired
24-6SBZC-SHMO,Mold Remediation Contractor License (SH126),"Rock Emergency Services, Inc.",,69 Seneca Ave,,Rochester,NY,14621,5857038811,01/26/2024,01/31/2026,Expired
26-6I9PY-SHMO,Mold Assessment Contractor License (SH125),Rockland BOCES,,65 Parrott Road,,West Nyack,NY,10994,8456274764,02/26/2026,02/29/2028,Active
25-6LJXB-SHMO,Mold Assessment Contractor License (SH125),"Rome Environmental Solutions & Testing, LLC",,8041 River Road,,Rome,NY,13440,3157947946,11/20/2025,10/31/2027,Active
24-631QU-SHMO,Mold Remediation Contractor License (SH126),Roslyn Mold Contractors LLC,,19 Marwill Place,,Roslyn Heights,NY,11577,5164911601,10/31/2024,10/31/2026,Active
24-63ZK3-SHMO,Mold Assessment Contractor License (SH125),"Roux Environmental Engineering & Geology, D.P.C.",,209 Shafter Street,,Islandia,NY,11749,6312322600,11/19/2024,01/31/2027,Active
26-6ZZVI-SHMO,Mold Assessment Contractor License (SH125),"S.A. Barcia Inspections, LLC",,341 Park St,,Hackensack,NJ,07601,2014870158,04/07/2026,04/30/2028,Active
26-6ZHYP-SHMO,Mold Assessment Contractor License (SH125),"SAI ENVIRONMENTAL CONSULTANTS, INC",,"3702 Astoria Blvd South, Ste#202",,Astoria,NY,11103,7182040100,04/13/2026,04/30/2028,Active
25-6UXZN-SHMO,Mold Assessment Contractor License (SH125),SBG Environmental Corp,,515 Crown St,,BROOKLYN,NY,11213,3474611130,10/17/2025,10/31/2027,Active
24-6AUP3-SHMO,Mold Remediation Contractor License (SH126),SHANNON ABATEMENT INC,,14 HIGH RIDGE RD,,STONY POINT,NY,10980,8456421351,06/27/2024,08/31/2026,Expired
25-6453J-SHMO,Mold Remediation Contractor License (SH126),SIBS Mechanical LLC,SIBS Mechanical,105 Healy Ave,,Inwood,NY,11096,9294486323,02/25/2025,02/28/2027,Active
01766,Mold Assessment Contractor License (SH125),SKM Northeast Inc.,,38-28th 30th Street,,LONG ISLAND CITY,NY,11101,7188779278,08/17/2022,08/31/2024,Expired
25-6TCU4-SHMO,Mold Assessment Contractor License (SH125),SONIC HOME INSPECTIONS INC.,,12 WATERGATE DR,,AMAWALK,NY,10501,9142556510,01/09/2025,03/31/2027,Active
26-66L3I-SHMO,Mold Remediation Contractor License (SH126),SPRINT CONSTRUCTION INC.,,569 Nostrand Ave,,Brooklyn,NY,11216,9177315700,04/16/2026,04/30/2028,Active
24-63SG3-SHMO,Mold Remediation Contractor License (SH126),STEAMWAY INC.,,107-1 RUSTIC RD,,CENTEREACH,NY,11720,6314338209,11/15/2024,10/31/2026,Active
25-65COU-SHMO,Mold Remediation Contractor License (SH126),SW JD Inc,,2320 Milton Avenue,,Syracuse,NY,13209,5162082214,04/14/2025,04/30/2027,Active
25-67EH8-SHMO,Mold Assessment Contractor License (SH125),SafeHome Mold Services LLC,,305 West Gates ave,,Lindenhurst,NY,11757,6312755084,11/13/2025,11/30/2027,Active
25-64P5N-SHMO,Mold Assessment Contractor License (SH125),Sage Builders Syndicate Inc.,,12 Little Neck Rd.,101,centerport,NY,11721,8609083284,01/13/2025,01/31/2027,Active
25-61GAF-SHMO,Mold Assessment Contractor License (SH125),"Salvus Group, LLC",,31 E 32th St suite 906,,NEW YORK,NY,10016,9175616831,08/19/2025,08/31/2027,Active
25-6UTFO-SHMO,Mold Remediation Contractor License (SH126),Sandy's Environmental Services LLC,Sandy's Environmental Services LLC,280 Longstreet Ave,#5A,Bronx,NY,10465,9173108823,12/02/2025,12/31/2027,Active
25-6H17O-SHMO,Mold Assessment Contractor License (SH125),Sav-On Sewer & Drain Inc.,,67 John Street,,Babylon,NY,11702,6318420452,09/04/2025,09/30/2027,Active
26-66R13-SHMO,Mold Remediation Contractor License (SH126),Seemly Environmental Services,,3150 ROCHAMBEAU AVE,APT L9,BRONX,NY,10467,6466279582,02/24/2026,02/29/2028,Active
23-6UXFA-SHMO,Mold Assessment Contractor License (SH125),Serenity Home Inspections LLC,,3157 Lone Pine Road,,Schenectady,NY,12303,5184483598,08/21/2023,08/31/2025,Expired
00290,Mold Remediation Contractor License (SH126),"Servpro of Oakdale/North Bay Shore, LLC",ServPro,3090 Route 112,,MEDFORD,NY,11763,6317324850,01/29/2016,01/31/2024,Expired
24-6ZU84-SHMO,Mold Assessment Contractor License (SH125),Sevens Inspection Services Inc.,,1324 Forest Ave,Suite 170,Staten Island,NY,10302,9175599158,03/29/2024,03/31/2026,Expired
24-63HYF-SHMO,Mold Remediation Contractor License (SH126),Sheri & William D Osborne,Redeeming Restoration,185 Redeeming Lane,,Holland Patent,NY,13354,3153356235,12/04/2024,06/30/2026,Expired
24-6AQH5-SHMO,Mold Remediation Contractor License (SH126),Shirley Contracting Corp,,45-11 82nd St Apt 2D,,ELMHURST,NY,11373,3476068857,06/13/2024,05/31/2026,Expired
26-6Z8RB-SHMO,Mold Remediation Contractor License (SH126),"Signal USA, LLC",,2490 Industrial Row Dr.,,Troy,MI,48084,2482886300,05/01/2026,05/31/2028,Active
26-674A6-SHMO,Mold Remediation Contractor License (SH126),"Simco Enterprises, Corp.",,224-29 Davenport Ave,,Queens Village,NY,11428,7184643200,01/20/2026,01/31/2028,Active
25-649A8-SHMO,Mold Assessment Contractor License (SH125),Simon Hometech Inc.,,Post Office Box 630143,,Little Neck,NY,11363,7184469698,03/07/2025,03/31/2027,Active
01699,Mold Assessment Contractor License (SH125),Sinclair Inspection Service LLC,,38 Dunwoodie Dr,,KINGSTON,NY,12401,8452352894,02/18/2022,02/28/2024,Expired
25-67GZS-SHMO,Mold Remediation Contractor License (SH126),Smart Construction Technologies Corp.,,109 Winham Ave.,,Staten Island,NY,10306,3472726671,11/06/2025,11/30/2027,Active
23-6TM18-SHMO,Mold Remediation Contractor License (SH126),"Smj Homes, Inc",,33 Reynwood Dr,,BREWSTER,NY,10509,6465330113,05/03/2023,04/30/2025,Expired
25-6HLZH-SHMO,Mold Remediation Contractor License (SH126),Sotir Cleaning Services Inc.,,33 Prospect Street,,Roosevelt,NY,11575,2016585351,09/11/2025,09/30/2027,Active
24-63SY7-SHMO,Mold Assessment Contractor License (SH125),"South Bronx Restoration, LLC",,9 W Oak Hill Drive,,Oyster Bay,NY,11771,5163849967,11/15/2024,11/30/2026,Active
26-691AZ-SHMO,Mold Remediation Contractor License (SH126),Spartan Environmental Corp.,,670 Maple St,,Rochester,NY,14611,5857941095,07/28/2026,07/31/2028,Active
26-6I1OU-SHMO,Mold Assessment Contractor License (SH125),"Spectrum Environmental Associates, Inc.",,2539 Albany Street,,Schenectady,NY,12304,5183466374,01/15/2026,01/31/2028,Active
25-65CHG-SHMO,Mold Assessment Contractor License (SH125),Sponable Enterprises LLC,Granite Peaks Home Inspections,10 Leander Ln,,Morrisonville,NY,12962,5182239920,04/15/2025,04/30/2027,Active
26-6ACK6-SHMO,Mold Assessment Contractor License (SH125),Staring's Visual Inspection Professionals L.L.C.,,17 E Glenwood Dr,,Latham,NY,12110,5189613082,05/13/2026,05/31/2028,Active
24-63C9Z-SHMO,Mold Assessment Contractor License (SH125),Step By Step Inspections LLC,,300 Great Oaks Blvd,Suite 300,Albany,NY,12203,5183301719,10/08/2024,10/31/2026,Active
25-6L73S-SHMO,Mold Remediation Contractor License (SH126),"Stern Environmental Group, LLC",Stern Mold,30 Seaview Drive,,SECAUCUS,NJ,07094,2013199620,12/11/2025,12/31/2027,Active
01805,Mold Assessment Contractor License (SH125),"Stohl Environmental, LLC",,3860 California Road,,ORCHARD PARK,NY,14127,7163120070,11/03/2022,10/31/2024,Expired
23-6LLOO-SHMO,Mold Assessment Contractor License (SH125),Strong Home Improvements LLC,,15 Meadowbrook Drive,,Ossining,NY,10562,9143567186,11/15/2023,11/30/2025,Expired
26-6I7EJ-SHMO,Mold Remediation Contractor License (SH126),"Sullivan Contracting, Inc.",,9362 Paris Hill Road,,Sauquoit,NY,13456,3157373827,04/08/2026,04/30/2028,Active
24-63O59-SHMO,Mold Remediation Contractor License (SH126),Sun Environmental Corp.,,4655 Crossroads Park Drive,,Liverpool,NY,13088,3152186995,10/23/2024,12/31/2026,Active
25-6UOPU-SHMO,Mold Remediation Contractor License (SH126),Sunstream Corporation,,6 Spring Forest Ave,,BINGHAMTON,NY,13905,6077244400,10/31/2025,10/31/2027,Active
24-6A4DJ-SHMO,Mold Assessment Contractor License (SH125),Superior Home Inspections,,38 Lambton Cir,,ROCHESTER,NY,14626,5852590681,07/24/2024,04/30/2026,Expired
01703,Mold Assessment Contractor License (SH125),"Supra Inspections, LLC",,238 Archer Rd,,MAHOPAC,NY,10541,9149796641,02/23/2022,02/28/2024,Expired
26-6Z8RZ-SHMO,Mold Remediation Contractor License (SH126),Synatech Inc.,,1432 Route 539,Unit 2,Little Egg Harbor,NJ,08087,6092966916,03/11/2026,03/31/2028,Active
25-61C55-SHMO,Mold Remediation Contractor License (SH126),"T.J. Bell Environmental, Inc.",,203 Sheer Road,,AVERILL PARK,NY,12018,5183390060,11/24/2025,12/31/2027,Active
26-66JX5-SHMO,Mold Remediation Contractor License (SH126),TBP ENVIRONMENTAL LLC,,95 Champlain St,,Albany,NY,12204,5183003998,03/11/2026,03/31/2028,Active
25-658N5-SHMO,Mold Assessment Contractor License (SH125),TFW Partners Corp.,,130-18 133RD AVENUE,,South Ozone Park,NY,11420,6464696923,03/28/2025,03/31/2027,Active
00932,Mold Assessment Contractor License (SH125),THE DELAWARE VERTEX COMPANIES,,400 Libbey Parkway,,Weymouth,MA,02189,7819526000,09/28/2016,04/30/2025,Expired
24-6Z6AI-SHMO,Mold Remediation Contractor License (SH126),"TMC Restoration of Syracuse, New York, LLC",,"210 Wolf St, Ste 101",,SYRACUSE,NY,13208,3159133100,04/29/2024,05/31/2026,Expired
01447,Mold Assessment Contractor License (SH125),TRC Environmental Corporation,,"1430 Broadway, Fl 10",,NEW YORK,NY,10018,2122217822,11/22/2019,11/30/2024,Expired
26-6Z19Q-SHMO,Mold Remediation Contractor License (SH126),TRU TEK CONSTRUCTION ADN RESTORATION INC,,3300 Merrick Road,,Wantagh,NY,11793,5167852261,03/11/2026,03/31/2028,Active
25-65N7T-SHMO,Mold Assessment Contractor License (SH125),"TURA HOME INSPECTIONS, LLC",,1443 woolworth street,,Elmont,NY,11003,3472569674,03/17/2025,03/31/2027,Active
25-6H893-SHMO,Mold Assessment Contractor License (SH125),Tait Abate Mold Elimination LLC,,20 Canterbury Court,,Staten Island,NY,10309,7186120366,07/22/2025,07/31/2027,Active
25-6IOZT-SHMO,Mold Remediation Contractor License (SH126),Team C.O.L Management Inc,,3333 Henry Hudson Pkwy Ste,,BRONX,NY,10463,6465787619,06/25/2025,06/30/2027,Active
26-6ZZS4-SHMO,Mold Assessment Contractor License (SH125),TechClean Industries,,145Comac Street,,Ronkonkoma,NY,11779,6314549595,04/16/2026,04/30/2028,Active
26-6ANC6-SHMO,Mold Remediation Contractor License (SH126),Testor Technology Environmental Services Inc.,,10-59 Jackson Avenue,,Long Island City,NY,11101,9295000106,06/02/2026,06/30/2028,Active
24-63GAK-SHMO,Mold Remediation Contractor License (SH126),"The Asbestos Contractor, Inc.",,20 Brick Court,Suite D,Staten Island,NY,10309,7186082290,09/13/2024,10/31/2026,Active
25-6ICUD-SHMO,Mold Assessment Contractor License (SH125),"The Heights Management Company, LLC",,369 East 62 Street,,New York,NY,10065,2123171423,12/02/2025,12/31/2027,Active
25-6UOYZ-SHMO,Mold Remediation Contractor License (SH126),The Puma Home Repair & Painting Corp.,,3734 Laconia Ave Apt #1,,BRONX,NY,10469,6462106292,09/17/2025,09/30/2027,Active
26-66G3H-SHMO,Mold Remediation Contractor License (SH126),"The Skinkle Group, Inc.",Skinkle Construction Group / Resque Property Restoration,636 Plank Rd,Suite 200,Clifton Park,NY,12065,5185272410,03/03/2026,03/31/2028,Active
25-6LVDS-SHMO,Mold Assessment Contractor License (SH125),Thomas M Callahan,TC Inspections,1 Knolls Dr,,QUEENSBURY,NY,12804,5188329750,10/27/2025,10/31/2027,Active
26-69XLJ-SHMO,Mold Remediation Contractor License (SH126),Timars Flow Construction Corp,,2 Fawnhill Run,,Kinnelon,NJ,07405,8622430550,07/15/2026,07/31/2028,Active
24-63EDF-SHMO,Mold Remediation Contractor License (SH126),"Titanium Laboratories, Inc.",,249 Satterthwaite Ave,,Nutley,NJ,07110,8777848264,09/18/2024,09/30/2026,Active
25-65Z61-SHMO,Mold Remediation Contractor License (SH126),Top Home Inspection Services LLC,,2022 E 21st St,,Brooklyn,NY,11229,7189388900,05/27/2025,05/31/2027,Active
25-644CY-SHMO,Mold Assessment Contractor License (SH125),"Top To Bottom Home Inspections, LLC",,"711 Shore Road, Apt #3N",,LONG BEACH,NY,11561,5167763785,02/20/2025,02/28/2027,Active
25-6LQD8-SHMO,Mold Assessment Contractor License (SH125),"Total Environmental Associates, Inc.",,"55 West 38th St, 3rd Fl",,NEW YORK,NY,10018,,11/10/2025,11/30/2027,Active
24-63NE8-SHMO,Mold Assessment Contractor License (SH125),Total Mold Assessment And Remediation Corp.,,8808 Cooper Ave,,Glendale,NY,11385,3476534309,08/27/2024,08/31/2026,Expired
26-6Z7QY-SHMO,Mold Assessment Contractor License (SH125),Totaleco Building Consultants Inc.,,25 Coldspring Court,,Staten Island,NY,10304,6468956050,02/20/2026,02/29/2028,Active
01522,Mold Assessment Contractor License (SH125),Tradeseal Corp,Exitmold,421 Oakland Ave,,CEDARHURST,NY,11516,9172939598,06/18/2020,07/31/2024,Expired
01266,Mold Remediation Contractor License (SH126),Tri County Mold Busters LLC,,PO BOX 505,,JEFFERSONVILLE,NY,12748,8458661326,10/23/2018,10/31/2024,Expired
25-64X3Z-SHMO,Mold Remediation Contractor License (SH126),Trident Mold Remediation LLC,,869 stony point rd,,Castleton on Hudson,NY,12033,5183800119,01/17/2025,01/31/2027,Active
24-6SCNJ-SHMO,Mold Remediation Contractor License (SH126),"Tristate Contracting Solutions, Inc.",,123-14 18th Avenue Suite 1B,,COLLEGE POINT,NY,11356,9293004863,02/07/2024,12/31/2025,Expired
24-6AOKO-SHMO,Mold Remediation Contractor License (SH126),"TruPro Remediation Services Group, Inc.",,768 State Route 307,,Spring Brook Twp.,PA,18444,5708434000,06/18/2024,07/31/2026,Expired
26-6A6CT-SHMO,Mold Remediation Contractor License (SH126),True Restorations Inc,,929 Wellwood Ave,,Lindenhurst,NY,11757,6317570212,08/06/2026,08/31/2028,Active
26-69A4L-SHMO,Mold Assessment Contractor License (SH125),TwentyMile LLC,,71 Adrian Rd,,Rochester,NY,14622,5857941918,08/18/2026,08/31/2028,Active
26-698PP-SHMO,Mold Remediation Contractor License (SH126),"Two Sons Environmental 2, LLC",Janine,141 SALMONS HOLLOW ROAD,,Brewster,NY,10509,2033123092,06/17/2026,06/30/2028,Active
26-6I9CK-SHMO,Mold Remediation Contractor License (SH126),U.S. Environmental Abatement Corp.,,558 Union Avenue,,Westbury,NY,11590,8003008734,02/17/2026,02/29/2028,Active
25-6AUSP-SHMO,Mold Assessment Contractor License (SH125),"UL Verification Services, Inc.",,"75 South Orange Avenue, Ste 206",,South Orange,NJ,07079,9737384750,10/02/2025,08/31/2027,Active
25-6LOGX-SHMO,Mold Remediation Contractor License (SH126),US Recovery Services LLC,1-800 Water Damage of Fairfield County,14B Trowbridge Drive,,Bethel,CT,06801,2033498484,12/04/2025,12/31/2027,Active
26-66LRQ-SHMO,Mold Assessment Contractor License (SH125),Ultimate Scope Home Inspections LLC,,175-61 Hillside Avenue,Suite 202 #1119,Queens,NY,11423,3478690804,04/14/2026,04/30/2028,Active
26-6ZUVP-SHMO,Mold Remediation Contractor License (SH126),Unitech Services Group Inc.,,241-4 N Fehr Way,,Bayshore,NY,11706,6312427215,01/14/2026,03/31/2028,Active
23-6UU8T-SHMO,Mold Remediation Contractor License (SH126),Universal Construction Inc.,,5224 3rd Ave,,BROOKLYN,NY,11220,7184393170,09/08/2023,05/31/2025,Expired
01889,Mold Remediation Contractor License (SH126),"Upper East Side Restoration, Inc.",Servpro of Upper East Side,1751 2nd Avenue,,New York,NY,10128,9179510305,11/16/2022,11/30/2024,Expired
23-6TOPY-SHMO,Mold Assessment Contractor License (SH125),Upstate Home Services LLC,,29 Zenas Drive,,Queensbury,NY,12804,5187699060,06/08/2023,06/30/2025,Expired
25-61JRU-SHMO,Mold Remediation Contractor License (SH126),Urgent Restoration1 LLC,,199 Lee Ave Apt 244,,BROOKLYN,NY,11211,7184384200,09/02/2025,09/30/2027,Active
01597,Mold Assessment Contractor License (SH125),"VHB Engineering, Surveying, Landscape Architecture and Geology, P.C.",,One Penn Plaza,Suite 715,New York,NY,10119,6317873400,03/19/2021,05/31/2024,Expired
24-63UJH-SHMO,Mold Remediation Contractor License (SH126),VP Renovations LLC,,3468 Mt Read Blvd,,Rochester,NY,14616,5854069154,11/04/2024,11/30/2026,Active
24-6ZPBO-SHMO,Mold Assessment Contractor License (SH125),Van Dyk Solutions LLC,,22 Academy Street,,Cambridge,NY,12816,5186770700,03/18/2024,10/31/2025,Expired
26-6ZTBU-SHMO,Mold Remediation Contractor License (SH126),"Venture Management & Reconstruction, Inc.",,"8230 Poplar Tent Road, Suite 101",,Concord,NC,28027,7047956127,01/02/2026,03/31/2028,Active
23-6TPIJ-SHMO,Mold Assessment Contractor License (SH125),Verner Inspection Services LLC,,111 Fairview Ave,,Altamont,NY,12009,5182105684,05/18/2023,05/31/2025,Expired
25-6IPFT-SHMO,Mold Remediation Contractor License (SH126),Victory Restoration and Cleaning Inc.,,61 Glen Head Rd,,GLEN HEAD,NY,11545,5167239463,10/01/2025,10/31/2027,Active
26-6T8GE-SHMO,Mold Remediation Contractor License (SH126),Vista Construction & Environmental Group Inc.,,60 East 106th Street 1F,,New York,NY,10029,7182199929,02/23/2026,02/29/2028,Active
26-67HIR-SHMO,Mold Remediation Contractor License (SH126),Volk Industrial Services Corp.,,203 Godwin Ave,,Ridgewood,NJ,07450,2126436936,01/27/2026,01/31/2028,Active
24-6TXE4-shmo,Mold Remediation Contractor License (SH126),Right Price General Construction Corp.,,3950 DeReimer Avenue,,Bronx,NY,10466,7182924064,03/29/2024,03/31/2026,Expired
23-6TKWQ-SHMO,Mold Remediation Contractor License (SH126),Rising Star Infratech Corp,,"215-03, Jamaica Ave #2",,Queens Village,NY,11428,3476598814,04/27/2023,04/30/2025,Expired
23-6I86D-SHMO,Mold Assessment Contractor License (SH125),Robert DeJesus Perez,Mr. Lead Wipe,940 Grand Concourse Sute# 2I,,BRONX,NY,10451,3477349934,12/13/2023,12/31/2025,Expired
01809,Mold Assessment Contractor License (SH125),Rochester Environmental Assessment LLC,,PO Box 25594,,ROCHESTER,NY,14625,5854553519,11/14/2022,03/31/2024,Expired
23-6LYUR-SHMO,Mold Assessment Contractor License (SH125),Rock Solid Biotechnologies LLC,,6630 Irish Rd,,MARCY,NY,13403,3154043368,10/17/2023,10/31/2025,Expired
25-6LOZH-SHMO,Mold Remediation Contractor License (SH126),"Rockwood Environmental Solutions, LLC",,159 east blvd,,GLOVERSVILLE,NY,12078,5187623354,12/09/2025,12/31/2027,Active
25-6TQC1-SHMO,Mold Remediation Contractor License (SH126),Rona Maintenance Inc.,,286 Cleveland Ave,,Staten Island,NY,10308,9176094869,04/22/2025,04/30/2027,Active
26-6SGUV-SHMO,Mold Assessment Contractor License (SH125),Rossi Home Inspections Inc.,,17 Melanni Place,,East Islip,NY,11730,6317866380,03/09/2026,03/31/2028,Active
25-6LJC4-SHMO,Mold Remediation Contractor License (SH126),"Royal Restoration & Construction, Inc.",Rainbow International,430 Nepperhan Ave,,YONKERS,NY,10701,9147879559,12/11/2025,12/31/2027,Active
26-6S7J6-SHMO,Mold Remediation Contractor License (SH126),"S.E.G. Construction, Inc",,3371 Harlem Rd- Rear,,Cheektowaga,NY,14225,7166029105,05/06/2026,05/31/2028,Active
00583,Mold Assessment Contractor License (SH125),"SAI Environmental Consultants, Inc.",,"5001 25th Ave, Suite 109",,WOODSIDE,NY,11377,7182040100,03/28/2016,03/31/2024,Expired
24-6ANGR-SHMO,Mold Remediation Contractor License (SH126),SELA Group New York Inc.,,240 East 86th,Apartment PHC,New York,NY,10028,9177809445,05/07/2024,05/31/2026,Expired
25-64VRO-SHMO,Mold Assessment Contractor License (SH125),SI Associates LLC,,Po Box 100621,,BROOKLYN,NY,11210,2014678605,01/06/2025,03/31/2027,Active
26-6AIYK-SHMO,Mold Remediation Contractor License (SH126),SK Improvements Corp,,1275 Bloomfield Ave,Bld#16 U 142,Fairfield,NJ,07004,9732442152,06/03/2026,06/30/2028,Active
26-6AHEN-SHMO,Mold Remediation Contractor License (SH126),SKYLINE ENVIRONMENTAL CORP.,,63 Flushing Ave Bld 292 Suite 415,,Bklyn,NY,11205,9174189897,06/18/2026,06/30/2028,Active
25-64KP9-SHMO,Mold Remediation Contractor License (SH126),"SOUTH STAR CONSULTING, LLC",,28 Lucinda Drive,,Babylon,NY,11702,6312419430,01/03/2025,01/31/2027,Active
26-66L3S-SHMO,Mold Assessment Contractor License (SH125),SPRINT CONSTRUCTION INC.,,569 Nostrand Ave,,Brooklyn,NY,11216,9177315700,04/16/2026,04/30/2028,Active
24-63SBF-SHMO,Mold Remediation Contractor License (SH126),STF Restorations Inc.,,56 Benjoe Drive,,Amityville,NY,11701,6318332311,11/15/2024,11/30/2026,Active
24-6ZU8Z-SHMO,Mold Assessment Contractor License (SH125),"Safe At Home Indoor Air Quality Consultants, LLC",,298 Olcott Road,,Hewitt,NJ,07421,2016758841,03/29/2024,03/31/2026,Expired
24-63KKZ-SHMO,Mold Remediation Contractor License (SH126),"Safety Environmental Company of New York, Inc.",,33 Clinton Ave,,Staten Island,NY,10301,7183900914,09/27/2024,08/31/2026,Expired
25-64QOY-SHMO,Mold Remediation Contractor License (SH126),Sage Builders Syndicate Inc.,,12 Little Neck Rd.,101,centerport,NY,11721,8609083284,01/14/2025,01/31/2027,Active
24-6AEPU-SHMO,Mold Assessment Contractor License (SH125),Sand to Sound Home Inspections LLC,,644 N Briarwood Ave,,West Islip,NY,11795,6315215019,05/24/2024,05/31/2026,Expired
26-66OR8-SHMO,Mold Remediation Contractor License (SH126),Sanitech Services Inc,,32 Central Avenue,,Hauppauge,NY,11788,6316563315,04/01/2026,04/30/2028,Active
24-6ANLR-SHMO,Mold Remediation Contractor License (SH126),SavyMae Corp.,,"44 Madison Ave, Suite 202",,Hempstead,NY,11550,6468371675,05/08/2024,05/31/2026,Expired
25-6587R-SHMO,Mold Remediation Contractor License (SH126),Senese Restoration INC,ServiceMaster Restoration by Senese,496 Farnham Ave,,Lodi,NJ,07644,2015461422,03/31/2025,03/31/2027,Active
25-6UOD1-SHMO,Mold Remediation Contractor License (SH126),Serveco 911 LLC,Armor Environmental Solutions,965 Midland Ave,,YONKERS,NY,10704,9145950652,06/13/2025,06/30/2027,Active
24-6ZIOU-SHMO,Mold Remediation Contractor License (SH126),"Servpro of S.E. Monroe County, Inc.",,60 N Lincoln Road,,East Rochester,NY,14445,5856410040,04/04/2024,03/31/2026,Expired
25-6HIO4-SHMO,Mold Assessment Contractor License (SH125),Sevnec Environmental Services Inc.,,1029 East 218 ST,,BRONX,NY,10469,3472571796,09/15/2025,09/30/2027,Active
24-6AUKV-SHMO,Mold Assessment Contractor License (SH125),Sherwood inspections,,8 Neil Court,,Rensselaer,NY,12144,5187552071,06/27/2024,06/30/2026,Expired
26-66ROX-SHMO,Mold Remediation Contractor License (SH126),Shweet Firm LLC,Shweet Mold Solutions,2911 Brighton 5th Street,Apt 6N,Brooklyn,NY,11235,3479626523,02/24/2026,02/29/2028,Active
01273,Mold Assessment Contractor License (SH125),"Signature Home Inspections, LLC",,220 Long Home Park Drive,,ROCHESTER,NY,14612,5857096416,11/15/2018,11/30/2024,Expired
26-675D4-SHMO,Mold Assessment Contractor License (SH125),"Simco Enterprises, Corp.",,224-29 Davenport Ave,,Queens Village,NY,11428,7184643200,01/21/2026,01/31/2028,Active
23-6IKHF-SHMO,Mold Assessment Contractor License (SH125),"Simple Solutions Restoration And Cleaning Services, LLC",,417 11th Street,,West Babylon,NY,11704,5169469641,12/18/2023,12/31/2025,Expired
26-6ZABT-SHMO,Mold Remediation Contractor License (SH126),Sky Laundry Systems Corp.,,86-15 Ava Place,4E,Jamaica,NY,11432,7186397070,05/20/2026,05/31/2028,Active
26-6643H-SHMO,Mold Remediation Contractor License (SH126),Smikeharpo IAQ Corp.,Green Home Solutions of Upper Westchester,6 Elizabeth Ct,,Briarcliff Manor,NY,10510,9145526864,05/07/2026,05/31/2028,Active
26-6LQBN-SHMO,Mold Assessment Contractor License (SH125),Snyder Home Buyers LLC,,9 Belvedere Place,,Clifton Park,NY,12065,5185880784,02/27/2026,02/29/2028,Active
25-6Z5TA-SHMO,Mold Assessment Contractor License (SH125),Sound Environmental Associates LLC,,67 Heights Road,,STONY POINT,NY,10980,6314147198,12/04/2025,12/31/2027,Active
24-63SYH-SHMO,Mold Remediation Contractor License (SH126),"South Bronx Restoration, LLC",,9 W Oak Hill Drive,,Oyster Bay,NY,11771,5163849967,11/15/2024,11/30/2026,Active
23-6UNQX-SHMO,Mold Remediation Contractor License (SH126),Spartan Environmental Corp.,,670 Maple St,,Rochester,NY,14611,5857941095,06/29/2023,05/31/2025,Expired
24-63P3N-SHMO,Mold Assessment Contractor License (SH125),"Spectrum Geological Services, PC",Preferred Environmental Services,323 Merrick Avenue,,North Merrick,NY,11566,5165461100,10/10/2024,10/31/2026,Active
23-6TJBP-SHMO,Mold Remediation Contractor License (SH126),Stamford Wrecking Company,,30 Nutmeg Drive,,Trumbull,CT,06611,2034562924,04/19/2023,04/30/2025,Expired
25-6HKF5-SHMO,Mold Remediation Contractor License (SH126),"Stat Sanitizing, LLC",,509 Peekskill Hollow Rd,,Putnam Valley,NY,10579,9142055989,07/31/2025,07/31/2027,Active
26-69QYI-SHMO,Mold Assessment Contractor License (SH125),Stephen G Stringer,Stephen Stringer Home Inspections,141 S Allen Street,,Albany,NY,12208,7168606771,07/09/2026,07/31/2028,Active
25-6L1ZN-SHMO,Mold Assessment Contractor License (SH125),Steven J Giambra,SG Enviromental,167 Merwin Ave,,ROCHESTER,NY,14609,5858025549,11/21/2025,11/30/2027,Active
26-6SD99-SHMO,Mold Remediation Contractor License (SH126),"Stohl Remediation Services, Inc.",,3860 California Rd,,Orchard Park,NY,14127,7163120070,01/06/2026,01/31/2028,Active
23-6LLO9-SHMO,Mold Remediation Contractor License (SH126),Strong Home Improvements LLC,,15 Meadowbrook Drive,,Ossining,NY,10562,9143567186,11/15/2023,11/30/2025,Expired
26-6Z589-SHMO,Mold Remediation Contractor License (SH126),"Sullivan's Cleaning & Restoration, LLC",,909 Oliver Street,,North Tonawanda,NY,14120,7166993336,03/13/2026,03/31/2028,Active
25-6HB64-SHMO,Mold Assessment Contractor License (SH125),Sunset Mold Assessment Corp,,23 GARSON RD,,CARLE PLACE,NY,11514,5163016714,07/01/2025,07/31/2027,Active
24-6Z18L-SHMO,Mold Remediation Contractor License (SH126),"Superior Carpet & Upholstery Cleaning, INC",,39 Somerset Street,,CENTEREACH,NY,11720,6317745013,03/27/2024,03/31/2026,Expired
01505,Mold Assessment Contractor License (SH125),Superior Home Inspections,,38 Lambton Cir,,ROCHESTER,NY,14626,5852590681,04/07/2020,04/30/2024,Expired
01753,Mold Remediation Contractor License (SH126),"Supra Inspections, LLC",,238 Archer Rd,,MAHOPAC,NY,10541,9149796641,06/03/2022,06/30/2024,Expired
25-6IFOG-SHMO,Mold Remediation Contractor License (SH126),T & L of The Southtowns,SERVPRO of the Southtowns,97 Evans Street,,HAMBURG,NY,14075,7166466684,10/14/2025,12/31/2027,Active
24-6Z6JO-SHMO,Mold Remediation Contractor License (SH126),"T.Z. Butlers, Inc.",The Butlers & Air Quality,1661 Front Street,Suite 4,Yorktown Heights,NY,10598,9143022452,04/26/2024,04/30/2026,Expired
01194,Mold Remediation Contractor License (SH126),"TDJ Services, Inc.",Tag Management,97 Brooklyn Terminal Market,,BROOKLYN,NY,11236,3478717569,04/02/2018,04/30/2024,Expired
25-6IGKR-SHMO,Mold Assessment Contractor License (SH125),"THE ALC GROUP, LLC",ALC ENVIRONMENTAL,158 West 27th Street,8th Floor,New York,NY,10001,2126755544,11/20/2025,01/31/2028,Active
25-6IR1B-SHMO,Mold Remediation Contractor License (SH126),"TKS RECONSTRUCTION, LLC",,112 PICKARD DRIVE EAST,,SYRACUSE,NY,13211,3154573432,12/12/2025,12/31/2027,Active
24-63E8T-SHMO,Mold Remediation Contractor License (SH126),TNA Field Services Inc.,,701 Eldert Lane,,Brooklyn,NY,11208,3475362202,09/19/2024,10/31/2026,Active
24-63PAI-SHMO,Mold Assessment Contractor License (SH125),TRC Environmental Corporation,,1407  Broadway,Suite 3301,New York,NY,10018,2122217822,10/10/2024,11/30/2026,Active
25-67E91-SHMO,Mold Assessment Contractor License (SH125),TRUE CONSULTANT INC.,,43-44 Kissena Blvd,,Flushing,NY,11355,2129617405,11/13/2025,11/30/2027,Active
24-6A4ON-SHMO,Mold Assessment Contractor License (SH125),Tabb Contracting Inc.,,212 Darwin Ave,,Rutherford,NJ,07070,2015522650,07/25/2024,07/31/2026,Expired
23-6IX6F-SHMO,Mold Remediation Contractor License (SH126),Taj Akins Group Inc,PuroClean of Southern Westchester,Po Box 60,,IRVINGTON,NY,10533,9143308333,12/27/2023,12/31/2025,Expired
01183,Mold Remediation Contractor License (SH126),Tech East Construction Inc,Tech East Fire & Water Restoration,2191 Central Avenue,,SCHENECTADY,NY,12304,5189151062,03/09/2018,03/31/2025,Expired
25-65FSA-SHMO,Mold Assessment Contractor License (SH125),"Tectonic Engineering Consultants, Geologists, & Land Surveyors, D.P.C.",,70 Pleasant Hill Road,,Mountainville,NY,10953,8455345959,03/25/2025,03/31/2027,Active
26-6ANPD-SHMO,Mold Assessment Contractor License (SH125),Testor Technology Environmental Services Inc.,,10-59 Jackson Avenue,,Long Island City,NY,11101,9295000106,06/02/2026,06/30/2028,Active
24-6Z1A7-SHMO,Mold Assessment Contractor License (SH125),"The CASA Group, Inc",,120 Broadway,Suite 2775,New York,NY,10271,2122336348,03/28/2024,03/31/2026,Expired
24-6358P-SHMO,Mold Remediation Contractor License (SH126),"The Lucky Duct, Inc",,37 Barnes Street,,LONG BEACH,NY,11561,5168893828,12/03/2024,12/31/2026,Active
26-6AXJZ-SHMO,Mold Remediation Contractor License (SH126),The Restoration Specialist Group LLC,Five Towns Restoration/Mold Pro Restoration Specialist,540 Willow Ave,Suite A,Cedarhurst,NY,11516,8887056653,06/26/2026,06/30/2028,Active
26-6ZUS7-SHMO,Mold Remediation Contractor License (SH126),The Stalwart Development Group LLC,,115 Ainsley Drive,,Syracuse,NY,13210,3154795011,04/15/2026,04/30/2028,Active
26-6AGS4-SHMO,Mold Assessment Contractor License (SH125),Thomas Madigan,Pristine Inspection Associates,15 West End Ave,,East Quogue,NY,11942,6312785872,04/01/2026,04/30/2028,Active
25-65H8N-SHMO,Mold Remediation Contractor License (SH126),Titan Group USA,,56-10 Grand Ave,,Maspeth NY 11378,NY,11378,6462438866,06/11/2025,06/30/2027,Active
24-637XD-SHMO,Mold Remediation Contractor License (SH126),Tom Conley Consulting LLC,,41 Croft Lane,,Smithtown,NY,11787,6318315117,12/09/2024,12/31/2026,Active
25-65BE1-SHMO,Mold Assessment Contractor License (SH125),Top Home Inspection Services LLC,,2022 E 21st St,,Brooklyn,NY,11229,7189388900,03/12/2025,03/31/2027,Active
25-659P7-SHMO,Mold Remediation Contractor License (SH126),Top-Notch Painting Inc,,264 center lane,,Levittown,NY,11756,5167492792,06/23/2025,06/30/2027,Active
25-6TJKS-SHMO,Mold Remediation Contractor License (SH126),"Total Environmental Restoration Solutions, Inc.",,410 East Route 59,,Nanuet,NY,10954,8453237086,06/02/2025,06/30/2027,Active
24-63OHR-SHMO,Mold Assessment Contractor License (SH125),Total Quality Environmental Inc,,116 Bay 19th Street,,BROOKLYN,NY,11214,7188731411,10/23/2024,11/30/2026,Active
24-63GY5-SHMO,Mold Assessment Contractor License (SH125),Toxin Testers LLC,,"228 Park Ave S, PMB 969321",,New York,NY,10003,5164003032,09/11/2024,09/30/2026,Active
01235,Mold Assessment Contractor License (SH125),Tradeseal Corp,Exitmold,421 Oakland Ave,,CEDARHURST,NY,11516,9172939598,07/27/2018,07/31/2024,Expired
24-6SSJE-SHMO,Mold Assessment Contractor License (SH125),Tri-State Engineering P.C.,,2043 Saw Mill River Road,,Yorktown Heights,NY,10598,9149623692,02/15/2024,02/28/2026,Expired
01572,Mold Remediation Contractor License (SH126),Trinity Solar Inc.,,2211 Allenwood Rd,,WALL,NJ,07719,7327803779,12/14/2020,12/31/2024,Expired
23-6TKXP-SHMO,Mold Remediation Contractor License (SH126),Tristate Fire Water Smoke LLC,,1365 N. Railroad Ave,,Staten Island,NY,10306,7187597256,04/27/2023,04/30/2025,Expired
24-6AOKU-SHMO,Mold Assessment Contractor License (SH125),"TruPro Remediation Services Group, Inc.",,768 State Route 307,,Spring Brook Twp.,PA,18444,5708434000,06/18/2024,07/31/2026,Expired
25-6TJFR-SHMO,Mold Assessment Contractor License (SH125),"True View Home Inspections, LLC",,106 Ralph Avenue,,WHITE PLAINS,NY,10606,,02/21/2025,02/28/2027,Active
24-6Z8GR-SHMO,Mold Assessment Contractor License (SH125),Twin Peaks Environmental,,64-16 Bell Blvd,,Oakland Gardens,NY,11364,7187572065,03/04/2024,03/31/2026,Expired
25-67VVV-SHMO,Mold Remediation Contractor License (SH126),Two Sons Environmental LLC,,471 North Broadway,#308,Jericho,NY,11753,5162874159,11/24/2025,11/30/2027,Active
25-65A59-SHMO,Mold Assessment Contractor License (SH125),"U.S. Service Holdings, Inc.","Paul Davis Restoration of Mid-Central, NJ",51 Suttons Lane,Units 6 and 7,Piscataway,NJ,08854,9086332333,05/30/2025,05/31/2027,Active
25-6LER9-SHMO,Mold Assessment Contractor License (SH125),UNI-AWY TECH & EXPO TRADE INC,,206 E 81st St,6A,New York,NY,10028,3477811825,11/04/2025,11/30/2027,Active
23-6IBG3-SHMO,Mold Remediation Contractor License (SH126),"USA Drains, Inc.",,441 Horsepound Road,,CARMEL,NY,10512,9143141144,12/05/2023,12/31/2025,Expired
23-6UJ54-SHMO,Mold Remediation Contractor License (SH126),Ultra Clean Air Solutions LLC,,1116 E 2nd St,,Brooklyn,NY,11230,3472789071,08/02/2023,06/30/2025,Expired
23-6LAU9-SHMO,Mold Remediation Contractor License (SH126),United Precision Management Inc.,,830 Pepperidge Rd,,Westbury,NY,11590,9172993970,11/21/2023,11/30/2025,Expired
25-61ERT-SHMO,Mold Assessment Contractor License (SH125),"University at Albany, SUNY",,1400 Washington Ave.,Chemistry B72,Albany,NY,12222,5184423495,07/31/2025,07/31/2027,Active
24-63A9U-SHMO,Mold Remediation Contractor License (SH126),Upper Restoration Inc.,,72 Otis St,,WEST BABYLON,NY,11704,5167777001,11/25/2024,12/31/2026,Active
25-67PEL-SHMO,Mold Remediation Contractor License (SH126),Upstate Mold Remediation LLC,,367 ruggles rd,,Gansevoort,NY,12831,5189861524,12/01/2025,12/31/2027,Active
26-6L5BG-SHMO,Mold Remediation Contractor License (SH126),Utopia Restoration LLC,,4 GUNSCH ESTATE DR,,NEWBURGH,NY,12550,8455642349,04/09/2026,04/30/2028,Active
26-6A8KE-SHMO,Mold Assessment Contractor License (SH125),"VHB Engineering, Surveying, Landscape Architecture and Geology, P.C.",,One Penn Plaza,Suite 715,New York,NY,10119,6317873400,05/12/2026,05/31/2028,Active
24-6ZZZG-SHMO,Mold Assessment Contractor License (SH125),"VPG Home Inspection, LLC","Inspector Schae, Home Inspections",595 New Loudon #120,,LATHAM,NY,12110,5189297131,04/10/2024,02/28/2026,Expired
26-6ZGIO-SHMO,Mold Remediation Contractor License (SH126),Van Dyk Solutions LLC,,22 Academy Street,,Cambridge,NY,12816,5186770700,04/07/2026,04/30/2028,Active
26-693J4-SHMO,Mold Assessment Contractor License (SH125),Verdantas Consultants Inc.,,6397 Emerald Parkway,Suite 200,Dublin,OH,43016,6147938777,08/19/2026,08/31/2028,Active
25-6UCTN-SHMO,Mold Assessment Contractor License (SH125),"Vetter Environmental Sciences, Inc.",,"699 Accorn Street, Ste A",,DEER PARK,NY,11729,6318683175,08/21/2025,08/31/2027,Active
26-6SDC5-SHMO,Mold Assessment Contractor License (SH125),Viking Environmental Corp.,,337 Church Street,,White Plains,NY,10603,9144683204,02/18/2026,02/29/2028,Active
26-6U1QA-SHMO,Mold Assessment Contractor License (SH125),Vista Construction & Environmental Group Inc.,,60 East 106th Street 1F,,New York,NY,10029,7182199929,02/20/2026,02/29/2028,Active
23-6IDNJ-SHMO,Mold Remediation Contractor License (SH126),Vorio Group Ltd,Greenpro Cleaning and Restoration,65-07 Brook Ave,,DEER PARK,NY,11729,6319408100,12/07/2023,01/31/2026,Expired
25-65I6Z-SHMO,Mold Remediation Contractor License (SH126),Rightway Restoration LLC,,83 19th Street,,Brooklyn,NY,11232,9173314057,05/19/2025,01/31/2027,Active
25-6HY1C-SHMO,Mold Assessment Contractor License (SH125),Rissat Construction Corp,,319 Ditmas Ave Ave 1,,Brooklyn,NY,11218,7186662646,06/25/2025,06/30/2027,Active
25-61ERZ-SHMO,Mold Remediation Contractor License (SH126),"Roblas Carpet, LLC",,58 Lincoln Ave,,WADDINGTON,NY,13694,3152769131,08/22/2025,08/31/2027,Active
26-6ARAN-SHMO,Mold Remediation Contractor License (SH126),Rochester Fire Restoration LLC,Rochester Restoration,1144 Lexington Avenue,Unit 2,Rochester,NY,14606,5854343436,06/02/2026,06/30/2028,Active
25-6LYU8-SHMO,Mold Remediation Contractor License (SH126),Rock Solid Biotechnologies LLC,,6630 Irish Rd,,MARCY,NY,13403,3154043368,09/12/2025,09/30/2027,Active
26-6IZYY-SHMO,Mold Remediation Contractor License (SH126),"Rodi Services, LLC",,220 SOUTH GRANT AVE,,Congers,NY,10920,8458930043,01/08/2026,01/31/2028,Active
23-6TXC8-SHMO,Mold Assessment Contractor License (SH125),Ronald Locascio,,19 Marksman Lane,,Levittown,NY,11756,5169659520,06/01/2023,06/30/2025,Expired
26-6TKXW-SHMO,Mold Remediation Contractor License (SH126),Roto-Rooter Services Company,,241 Central Ave,,Farmingdale,NY,11735,3478802739,04/08/2026,04/30/2028,Active
01490,Mold Remediation Contractor License (SH126),Rsb Clean Restoration Inc,,"1999 Mount Read Blvd, Bldg 3",,ROCHESTER,NY,14615,5854316060,02/28/2020,03/31/2024,Expired
26-66QLZ-SHMO,Mold Assessment Contractor License (SH125),"SAFE-T-KLEAN ENVIRONMENTAL, INC.",,82 St Stephens Place,,Staten Island,NY,10306,7189740317,03/27/2026,03/31/2028,Active
26-667U4-SHMO,Mold Remediation Contractor License (SH126),SANKAR MOLD CORP.,,11711 132nd Street,,South Ozone Park,NY,11420,3474776400,05/15/2026,05/31/2028,Active
24-6AFZT-SHMO,Mold Assessment Contractor License (SH125),SELA Group New York Inc.,,240 East 86th,Apartment PHC,New York,NY,10028,9177809445,05/17/2024,05/31/2026,Expired
25-64VRQ-SHMO,Mold Remediation Contractor License (SH126),SI Associates LLC,,Po Box 100621,,BROOKLYN,NY,11210,2014678605,01/06/2025,03/31/2027,Active
24-6AUKC-SHMO,Mold Assessment Contractor License (SH125),SK Improvements Corp,,1275 Bloomfield Ave,Bld#16 U 142,Fairfield,NJ,07004,9732442152,06/27/2024,05/31/2026,Expired
26-6SIEL-SHMO,Mold Remediation Contractor License (SH126),"SLOVIT, INC.",,165 Amboy Rd,Suite 307,Morganville,NJ,07751,7329705727,02/04/2026,03/31/2028,Active
25-64QSB-SHMO,Mold Assessment Contractor License (SH125),"SOUTH STAR CONSULTING, LLC",,28 Lucinda Drive,,Babylon,NY,11702,6312419430,01/15/2025,01/31/2027,Active
26-66TYG-SHMO,Mold Remediation Contractor License (SH126),STANLEY STEEMER INTL INC.,,320 Boston Post Rd,,Port Chester,NY,10573,9142291053,04/03/2026,04/30/2028,Active
26-63NEU-SHMO,Mold Assessment Contractor License (SH125),STV Incorporated,,350 5th Avenue,10th Floor,New York,NY,10118,2127774400,03/16/2026,03/31/2028,Active
24-6uxm8-shmo,Mold Assessment Contractor License (SH125),"Safe Harbor Inspections, Inc.",,PO Box 307,,BRIGHTWATERS,NY,11718,6312758080,11/26/2024,01/31/2027,Active
26-63KSD-SHMO,Mold Assessment Contractor License (SH125),"Safety Environmental Company of New York, Inc.",,33 Clinton Ave,,Staten Island,NY,10301,7183900914,04/27/2026,04/30/2028,Active
25-65FS1-SHMO,Mold Remediation Contractor License (SH126),Saini Construction Corp,,9418 129TH STREET,,South Richmond Hill,NY,11419,7184415589,03/25/2025,03/31/2027,Active
25-656K1-SHMO,Mold Assessment Contractor License (SH125),Sandeep Gunnala Engineering PLLC,SAGE Engineering PLLC,531 E 20th Street,,New York,NY,07094,2128127243,06/18/2025,06/30/2027,Active
25-6TP9I-SHMO,Mold Remediation Contractor License (SH126),"Sasser Companies, LLC",,7237 Pace Drive,,Whitsett,NC,27377,8444491144,05/02/2025,05/31/2027,Active
25-6LEFN-SHMO,Mold Remediation Contractor License (SH126),Schwartz Enterprises Inc,The Restoration Groups of Lower Hudson Valley,500 S. 31st St.,,Keniwlorth,NJ,07033,8448088838,10/02/2025,10/31/2027,Active
26-6afai-shmo,Mold Remediation Contractor License (SH126),"Sensible Choice Contracting, LLC",,2 Sherman Place,,Ossining,NY,10562,9149635644,06/16/2026,06/30/2028,Active
25-6L8QC-SHMO,Mold Remediation Contractor License (SH126),"Service Master By Clean Sweep, Inc",,40 Brook Ave Unit A,,Deer Park,NY,11729,6313924244,11/07/2025,11/30/2027,Active
24-63HU8-SHMO,Mold Remediation Contractor License (SH126),"Sessler Environmental  Services, LLC",,"30 Vantage Point Dr, Suite 4",,ROCHESTER,NY,14624,5856175710,12/05/2024,12/31/2026,Active
26-66JAI-SHMO,Mold Assessment Contractor License (SH125),SharpEC LLC,,4 Splitrail Pl,,Commack,NY,11725,9175845272,03/11/2026,03/31/2028,Active
26-6I7L8-SHMO,Mold Assessment Contractor License (SH125),Shield Guard Home Inspections LLC,,45 Parkwood Street,,Albany,NY,12208,5186499111,01/08/2026,01/31/2028,Active
24-6SYRD-SHMO,Mold Assessment Contractor License (SH125),Sienna Environmental Technologies LLC,,350 Elmwood Ave,,BUFFALO,NY,14222,,01/25/2024,01/31/2026,Expired
01845,Mold Assessment Contractor License (SH125),Silver Maple Home Inspections LLC,,PO BOX 93,,MODENA,NY,12548,8455948803,03/21/2023,03/31/2025,Expired
01755,Mold Assessment Contractor License (SH125),"Simco Plumbing, Heating & A/C LLC",,45 Stonewood Avenue,,ROCHESTER,NY,14612,5857526234,07/08/2022,07/31/2024,Expired
24-6ATOB-SHMO,Mold Assessment Contractor License (SH125),"Simply Sustainable, LLC",,240 Old Route 212,,Saugerties,NY,12477,8452048883,06/21/2024,06/30/2026,Expired
25-64V9T-SHMO,Mold Remediation Contractor License (SH126),"Skyward Property Solutions, LLC",,4706 46th St.,F1,Woodside,NY,11377,9297120216,01/08/2025,01/31/2027,Active
26-665NS-SHMO,Mold Assessment Contractor License (SH125),Smikeharpo IAQ Corp.,Green Home Solutions of Upper Westchester,6 Elizabeth Ct,,Briarcliff Manor,NY,10510,9145526864,05/08/2026,05/31/2028,Active
25-641AP-SHMO,Mold Assessment Contractor License (SH125),"Solid Rock Home Inspections of Long Island, LLC",,807 Edward st,,Baldwin,NY,11510,7187497268,01/28/2025,01/31/2027,Active
25-64L9Y-SHMO,Mold Assessment Contractor License (SH125),Sound Environmental Solutions Inc.,,131 Horizon View Drive,,Farmingville,NY,11738,6316173976,02/03/2025,02/28/2027,Active
24-6A3ZD-SHMO,Mold Remediation Contractor License (SH126),"Southeast Restoration, Inc.",AfterDisaster,P.O. Box 10393,,Greensboro,NC,27404,3366690113,07/23/2024,08/31/2026,Expired
26-6S7TL-SHMO,Mold Remediation Contractor License (SH126),Spartan Quality Corp.,,25-40 27th Street,,Astoria,NY,11102,7187214254,06/26/2026,04/30/2028,Active
25-6HSIO-SHMO,Mold Remediation Contractor License (SH126),Spinelli Cleaning Inc,Independent Claims Experts,2 Dana Ct,,Miller Place,NY,11764,5168136353,09/18/2025,09/30/2027,Active
25-6TJK4-SHMO,Mold Assessment Contractor License (SH125),Stamford Wrecking Company,,30 Nutmeg Drive,,Trumbull,CT,06611,2034562924,10/10/2025,10/31/2027,Active
25-61CYO-SHMO,Mold Assessment Contractor License (SH125),"Stat Sanitizing, LLC",,509 Peekskill Hollow Rd,,Putnam Valley,NY,10579,9142055989,07/31/2025,07/31/2027,Active
24-63RJ8-SHMO,Mold Assessment Contractor License (SH125),Stephen G Stringer,Stephen Stringer Home Inspections,141 S Allen Street,,Albany,NY,12208,7168606771,09/05/2024,12/31/2025,Expired
25-6LU6Q-SHMO,Mold Assessment Contractor License (SH125),"Stock Consulting, LLC",Stock Environmental Consulting,"2 Hartford Dr, Ste 205",,TINTON FALLS,NJ,07701,7323835190,12/16/2025,12/31/2027,Active
25-64TZR-SHMO,Mold Assessment Contractor License (SH125),Stone Home Inspections Corp,,2020 Maple Hill Street,Unit 373,Yorktown Heights,NY,10598,9146425277,01/24/2025,01/31/2027,Active
26-69NYX-SHMO,Mold Assessment Contractor License (SH125),Studious Services LLC,,2822 NY 82,,Pleasant Valley,NY,12569,8452759931,06/02/2026,06/30/2028,Active
26-6ZE9C-SHMO,Mold Remediation Contractor License (SH126),Sully Construction Corp,,4801 13th avenue,#303,Brooklyn,NY,11219,6469156035,02/17/2026,02/29/2028,Active
25-6Z737-SHMO,Mold Remediation Contractor License (SH126),Sunshine Environmental Solutions LLC,,80 East Jefryn Blvd,,DEER PARK,NY,11729,6318380646,09/12/2025,09/30/2027,Active
25-6188X-SHMO,Mold Remediation Contractor License (SH126),Superior Cleaning Services Inc,,69 Shadow Ridge Rd,,STAMFORD,CT,06905,,08/25/2025,08/31/2027,Active
26-6AANJ-SHMO,Mold Remediation Contractor License (SH126),"Superior Restoration & Remodeling, Inc.",,43-01 21st Street,Suite 105B,Long Island City,NY,11101,7184879596,06/02/2026,06/30/2028,Active
24-6ZUZT-SHMO,Mold Remediation Contractor License (SH126),Suraj Construction Inc.,,71-36 165th street,,Fresh Meadows,NY,11365,9174025240,04/01/2024,04/30/2026,Expired
25-67E1A-SHMO,Mold Remediation Contractor License (SH126),"T&S Properties of New York, LLC",,89 ETON RD,,BRONXVILLE,NY,10708,9146908140,11/12/2025,11/30/2027,Active
24-63YI8-SHMO,Mold Assessment Contractor License (SH125),TA-Facon LLC,,28 West Gate Road,,Suffern,NY,10901,9147051370,08/19/2024,08/31/2026,Expired
01891,Mold Remediation Contractor License (SH126),"TDM Royal, Inc",,3 Carroll St,,HICKSVILLE,NY,11801,9292450616,11/22/2022,11/30/2024,Expired
25-6IXZO-SHMO,Mold Remediation Contractor License (SH126),"THE ALC GROUP, LLC",ALC ENVIRONMENTAL,158 West 27th Street,8th Floor,New York,NY,10001,2126755544,11/20/2025,01/31/2028,Active
25-6UNCN-SHMO,Mold Remediation Contractor License (SH126),TKS Reconstruction 2 LLC,Servpro of Tarrytown/Elmsford,11 Clearbrook Rd.,,Elmsford,NY,10523,8608265169,07/15/2025,07/31/2027,Active
24-63EG4-SHMO,Mold Assessment Contractor License (SH125),TNA Field Services Inc.,,701 Eldert Lane,,Brooklyn,NY,11208,3475362202,09/19/2024,10/31/2026,Active
24-6I49D-SHMO,Mold Assessment Contractor License (SH125),TRI STATE MOLD TESTING,,2071 Flatbush Ave,STE 121,Brooklyn,NY,11234,9176813378,01/16/2024,01/31/2026,Expired
25-6HN41-SHMO,Mold Remediation Contractor License (SH126),"TTI Environmental, Inc.",,1253 N Church Street,,Moorestown,NJ,08057,8568408800,07/03/2025,07/31/2027,Active
26-6A4OG-SHMO,Mold Remediation Contractor License (SH126),Tabb Contracting Inc.,,212 Darwin Ave,,Rutherford,NJ,07070,2015522650,05/29/2026,05/31/2028,Active
25-64QVU-SHMO,Mold Remediation Contractor License (SH126),Tara Enterprises Corp.,,1 Crooker Place,,Port Washington,NY,11050,3475384591,01/14/2025,01/31/2027,Active
25-6ABKD-SHMO,Mold Assessment Contractor License (SH125),"Tech Smart Home Inspections, LLC",,26 Longmeadow Drive,,DELMAR,NY,12054,5185221449,07/22/2025,07/31/2027,Active
26-6Z8CX-SHMO,Mold Assessment Contractor License (SH125),"Terracon Consultants, Inc.",,70 Vantage Point Drive,STE 1,Rochester,NY,14624,9135996886,03/24/2026,03/31/2028,Active
24-63SNY-SHMO,Mold Assessment Contractor License (SH125),"Tetra Tech, Inc.",,498 7th Avenue,15th Floor,New York,NY,10018,2126153600,11/15/2024,11/30/2026,Active
26-66C7H-SHMO,Mold Remediation Contractor License (SH126),"The CASA Group, Inc",,120 Broadway,Suite 2775,New York,NY,10271,2122336348,03/23/2026,03/31/2028,Active
25-6LU77-SHMO,Mold Remediation Contractor License (SH126),"The New Crystal Restoration Enterprises, Inc.",,109 South Regent St,,PORT CHESTER,NY,10573,9149072392,10/09/2025,10/31/2027,Active
26-6ZIL9-SHMO,Mold Assessment Contractor License (SH125),"The Saban Engineering Group, Inc.",The Saban Group,201 Stuyvesant Avenue,,Lyndhurst,NJ,07071,2123720338,02/12/2026,02/29/2028,Active
25-6AQQ9-SHMO,Mold Remediation Contractor License (SH126),The Steam Police LLC,,Po Box 237,,WEBSTER,NY,14580,5855638008,10/07/2025,10/31/2027,Active
24-6AISQ-SHMO,Mold Remediation Contractor License (SH126),"Three Guys Maintenance, Inc.",,40 Dale Street,,West Babylon,NY,11704,6313932861,07/08/2024,07/31/2026,Expired
25-65HG9-SHMO,Mold Assessment Contractor License (SH125),Titan Group USA,,56-10 Grand Ave,,Maspeth NY 11378,NY,11378,6462438866,06/11/2025,06/30/2027,Active
24-637FP-SHMO,Mold Assessment Contractor License (SH125),Tom Conley Consulting LLC,,41 Croft Lane,,Smithtown,NY,11787,6318315117,12/06/2024,12/31/2026,Active
23-6LJCP-SHMO,Mold Remediation Contractor License (SH126),Top Notch Construction Corp.,,5 Hazel Drive,,Smithtown,NY,11787,6314844082,10/30/2023,11/30/2025,Expired
24-63C4B-SHMO,Mold Remediation Contractor License (SH126),"Topline Property Maintenance, Inc.",,4266 Kissena Blvd,STE 3,Flushing,NY,11355,2128589684,10/08/2024,10/31/2026,Active
24-6ACST-SHMO,Mold Assessment Contractor License (SH125),"Total Home Inspectors, LLC",,17 Thorman Lane,,North Babylon,NY,11703,5167288337,06/06/2024,06/30/2026,Expired
26-6ANST-SHMO,Mold Remediation Contractor License (SH126),Total Restoration Industries LLC,,160 Eileen Way,,Syosset,NY,11791,5163335333,04/15/2026,04/30/2028,Active
23-6UQWZ-SHMO,Mold Remediation Contractor License (SH126),"Trade-Mark Restoration, Inc.",Total Restoration Services,1 LePage Place,Suite 100,Syracuse,NY,13206,3154221937,08/17/2023,08/31/2025,Expired
01821,Mold Remediation Contractor License (SH126),Tradeseal Corp,Exitmold,421 Oakland Ave,,CEDARHURST,NY,11516,9172939598,06/18/2020,08/31/2024,Expired
25-6TJ1P-SHMO,Mold Remediation Contractor License (SH126),"Tri-State Environmental Restoration, Inc.",,110-15 Northern Blvd,,CORONA,NY,11368,3473226409,10/08/2025,10/31/2027,Active
24-6AZK1-SHMO,Mold Assessment Contractor License (SH125),Triplet Home Services Inc.,,1242 Pittsford Mendon Center Rd,,Honeoye Falls,NY,14472,5856627725,07/12/2024,08/31/2026,Expired
01777,Mold Assessment Contractor License (SH125),Tru Home Inspection LLC,,PO Box 646,,GLEN WILD,NY,12738,8453972121,09/15/2022,09/30/2024,Expired
23-6LAO9-SHMO,Mold Remediation Contractor License (SH126),"True Building Performance, LLC",,P.O. Box 3041,,ALBANY,NY,12203,5183003998,11/21/2023,12/31/2025,Expired
25-6TKJY-SHMO,Mold Assessment Contractor License (SH125),Tsoureki LLC,Beyond The Beams Home Inspectors,215-02 23rd Road,,BAYSIDE,NY,11360,7184061226,10/15/2025,10/31/2027,Active
26-6A1CD-SHMO,Mold Remediation Contractor License (SH126),"Two Brothers Contracting, Inc.",,7391 Cider Street,,Westmoreland,NY,13490,3157365288,07/30/2026,07/31/2028,Active
25-67VO9-SHMO,Mold Assessment Contractor License (SH125),"Two Sons Environmental, LLC",,"471 North Broadway, #308",,JERICHO,NY,11753,5162874159,11/24/2025,11/30/2027,Active
25-65A56-SHMO,Mold Remediation Contractor License (SH126),"U.S. Service Holdings, Inc.","Paul Davis Restoration of Mid-Central, NJ",51 Suttons Lane,Units 6 and 7,Piscataway,NJ,08854,9086332333,05/30/2025,05/31/2027,Active
25-6LGZ9-SHMO,Mold Assessment Contractor License (SH125),"UNYSE, LLC",,346 Austin St.,,Buffalo,NY,14207,8774664429,11/24/2025,12/31/2027,Active
23-6IEPI-SHMO,Mold Assessment Contractor License (SH125),"USA Drains, Inc.",,441 Horsepound Road,,CARMEL,NY,10512,9143141144,12/14/2023,12/31/2025,Expired
25-6U8DP-SHMO,Mold Remediation Contractor License (SH126),Undaunted Restoration Inc.,,31 Hemlock St,,BROOKLYN,NY,11208,5165122948,10/01/2025,10/31/2027,Active
25-6IF77-SHMO,Mold Remediation Contractor License (SH126),United Restoration Services Inc.,,7 West Cross St,#7B,Hawthorne,NY,10532,8009591188,12/11/2025,12/31/2027,Active
25-6LJCB-SHMO,Mold Assessment Contractor License (SH125),University of Rochester,,500 Joseph C Wilson Blvd,,Rochester,NY,14627,5852752121,11/05/2025,11/30/2027,Active
25-6TQPP-SHMO,Mold Remediation Contractor License (SH126),Upper West Side Restoration LLC,Servpro of Upper West Side Restoration,105 W 86th Street,,NEW YORK,NY,10024,9174981362,08/01/2025,08/31/2027,Active
24-6ZNP1-SHMO,Mold Remediation Contractor License (SH126),Upstate Property Restorations LLC,,5774 W Pine Grove Road,,Cicero,NY,13039,3152368241,02/26/2024,02/28/2026,Expired
26-69434-SHMO,Mold Assessment Contractor License (SH125),Utopia Restoration LLC,,4 GUNSCH ESTATE DR,,NEWBURGH,NY,12550,8455642349,08/25/2026,08/31/2028,Active
26-6646D-SHMO,Mold Remediation Contractor License (SH126),VIT Unlimited Inc,,8668 Bay 16th Street,4B,Brooklyn,NY,11214,7184271295,05/07/2026,05/31/2028,Active
25-6LIHI-SHMO,Mold Assessment Contractor License (SH125),Valcon Environmental & Mechanical Contracting LLC,,25450 Bates Rd.,,GREAT NECK,NY,11020,5163126589,12/11/2025,12/31/2027,Active
23-6UWJ5-SHMO,Mold Assessment Contractor License (SH125),Vanguard Home Services LLC,,1065 Glenwood Boulevard,,Schenectady,NY,12308,5184242322,09/13/2023,09/30/2025,Expired
24-63UKB-SHMO,Mold Assessment Contractor License (SH125),Verdantgarde LLC,,94 Prairie Lane,,Levittown,NY,11756,5162826869,11/04/2024,10/31/2026,Active
23-6LDOI-SHMO,Mold Remediation Contractor License (SH126),Vibrant Remediations and Environmental Services Inc.,,1449 Loughton Dr,,Webster,NY,14580,5853609639,10/19/2023,10/31/2025,Expired
00680,Mold Remediation Contractor License (SH126),"Vingoe Enterprises, Inc.","Servpro of NW Bergen, Southern, Eastern Rockland County",151 Crescent Ave,,Waldwick,NJ,07463,2012362400,05/06/2016,08/31/2024,Expired
01813,Mold Assessment Contractor License (SH125),Visual Diaries Home Inspections LLC,,95 Richmond St,,ROCHESTER,NY,14607,5858202865,11/18/2022,11/30/2024,Expired
26-6AGYR-SHMO,Mold Remediation Contractor License (SH126),W. B. Maintenance & Repair Corp,,18-40 26th Road,,Astoria,NY,11102,7186069128,03/18/2026,03/31/2028,Active
23-6TQ6D-SHMO,Mold Assessment Contractor License (SH125),Rimkus Consulting Group Inc,,"8 Greenway Plaza, Ste 500",,HOUSTON,TX,77046,2018207601,05/30/2023,05/31/2025,Expired
25-6UQT1-SHMO,Mold Assessment Contractor License (SH125),Riverbay Corporation,,2049 Bartow Ave,Suite 24,Bronx,NY,10475,7183203300,07/24/2025,07/31/2027,Active
23-6UOM4-SHMO,Mold Remediation Contractor License (SH126),Robust Clean Inc,,"5308 13th Ave, Ste 481",,BROOKLYN,NY,11219,9176986934,08/25/2023,06/30/2025,Expired
25-6TJK3-SHMO,Mold Remediation Contractor License (SH126),Rochester Mold Remediation LLC,,4411 Buffalo Rd,,North Chili,NY,14514,5857340353,02/26/2025,02/28/2027,Active
25-6URHW-SHMO,Mold Assessment Contractor License (SH125),Rock Solid Home Inspections LLC,,6630 Irish Rd,,MARCY,NY,13403,3154043368,07/16/2025,07/31/2027,Active
24-6A65Z-SHMO,Mold Assessment Contractor License (SH125),"Rolo Home Inspections, Inc",,188 Farmingdale Rd,,CHESTER,NY,10918,8459780961,08/12/2024,08/31/2026,Expired
23-6UX8I-SHMO,Mold Assessment Contractor License (SH125),Roofs Etc Inc,,180 East Prospect Ave,Suite 219,Mamaraneck,NY,10543,8887663738,08/21/2023,08/31/2025,Expired
24-63VOA-SHMO,Mold Assessment Contractor License (SH125),Roux Associates Inc.,,209 Shafter Street,,Islandia,NY,11749,6312322600,10/02/2024,10/31/2026,Active
00662,Mold Remediation Contractor License (SH126),S&J Services Inc.,Enviroduct,6 Stacy Drive,,PORT JEFFERSON STATION,NY,11776,6314766182,04/28/2016,06/30/2024,Expired
26-66XRS-SHMO,Mold Remediation Contractor License (SH126),"SAFE-T-KLEAN ENVIRONMENTAL, INC.",,82 St Stephens Place,,Staten Island,NY,10306,7189740317,03/30/2026,03/31/2028,Active
25-6UCSW-SHMO,Mold Remediation Contractor License (SH126),SBG Environmental Corp,,515 Crown St,,BROOKLYN,NY,11213,3474611130,08/14/2025,08/31/2027,Active
24-6AH8S-SHMO,Mold Remediation Contractor License (SH126),SERVPRO of Eastern Rockland LLC,,151 Crescent Ave,,Waldwick,NJ,07463,2012362400,08/01/2024,08/31/2026,Expired
25-6453X-SHMO,Mold Assessment Contractor License (SH125),SIBS Mechanical LLC,SIBS Mechanical,105 Healy Ave,,Inwood,NY,11096,9294486323,02/25/2025,02/28/2027,Active
01865,Mold Remediation Contractor License (SH126),SKM Northeast Inc.,,38-28th 30th Street,,LONG ISLAND CITY,NY,11101,7188779278,08/18/2022,08/31/2024,Expired
25-64UOV-SHMO,Mold Remediation Contractor License (SH126),SMG Solutions Group inc,,109 Pine Neck Ave.,,East Patchogue,NY,11772,6316270724,01/29/2025,01/31/2027,Active
26-6ZF6G-SHMO,Mold Remediation Contractor License (SH126),SPLUT Inc.,,1259 Dolsontown Road,,Middletown,NY,10940,8453423333,03/12/2026,03/31/2028,Active
25-653NB-SHMO,Mold Remediation Contractor License (SH126),STARNIGHT CORP,,43-11 19th ave,Suite 201,Long island city,NY,11105,3472372701,05/30/2025,05/31/2027,Active
00923,Mold Assessment Contractor License (SH125),SUBURBAN CONSULTANTS LTD,,PO BOX 270,,EAST NORWICH,NY,11732,5168354535,09/28/2016,09/30/2024,Expired
25-6IAB3-SHMO,Mold Assessment Contractor License (SH125),Safe Home Inspection Services LLC,,11 Brunswick Park Dr,,TROY,NY,12180,5187888711,10/31/2025,10/31/2027,Active
25-6TJZM-SHMO,Mold Assessment Contractor License (SH125),Safety Universal LLC,,383 Kingston Avenue #333,,Brooklyn,NY,11213,7186768090,01/06/2025,03/31/2027,Active
24-63OG9-SHMO,Mold Remediation Contractor License (SH126),Salvatore  Barbieri,Star Home Services,541 Whitney Road,,Fairport,NY,14450,5853811050,10/21/2024,10/31/2026,Active
26-6AY5Q-SHMO,Mold Assessment Contractor License (SH125),Sandy's Environmental Services LLC,Sandy's Environmental Services LLC,280 Longstreet Ave,#5A,Bronx,NY,10465,9173108823,05/06/2026,05/31/2028,Active
25-6IOZQ-SHMO,Mold Remediation Contractor License (SH126),Satgur Construction Inc,,135-39 124th St,,SOUTH OZONE PARK,NY,11420,9176670137,01/09/2025,02/28/2027,Active
26-6ASUE-SHMO,Mold Assessment Contractor License (SH125),Scott Olenick,True Quality Home Inspections,142 Avenue B,,Holbrook,NY,11741,6313752919,03/17/2026,03/31/2028,Active
26-6ZE9J-SHMO,Mold Remediation Contractor License (SH126),"Sepco, Inc.","Servpro of Broome County, Servpro of Chemung & Schuyler Counties, Servpro of Tompkins & Tioga Counti",134 Conklin Ave,,Binghamton,NY,13903,6077222262,01/23/2026,01/31/2028,Active
26-6Z138-SHMO,Mold Remediation Contractor License (SH126),ServiceMaster Restoration by Marano Services LLC,,7 N Lawn Ave,,Elmsford,NY,10523,2122337315,01/27/2026,01/31/2028,Active
25-65FSS-SHMO,Mold Remediation Contractor License (SH126),Setanta Inc,,"385 Fifth Ave, Ste #1107",,NEW YORK,NY,10016,3478668655,03/25/2025,03/31/2027,Active
24-6IZHB-SHMO,Mold Remediation Contractor License (SH126),"Sheperd & Sheperd, Inc.",ServPro of Scarsale/Mount Vernon,645 S. 3rd Ave.,,MOUNT VERNON,NY,10550,9146995181,01/10/2024,01/31/2026,Expired
26-64TB9-SHMO,Mold Remediation Contractor License (SH126),Shining Sky Inc,,2611 West 2nd Street,Apt#6C,Brooklyn,NY,11223,9292575818,07/20/2026,07/31/2028,Active
25-645ZZ-SHMO,Mold Remediation Contractor License (SH126),Sierra Environmental Solutions LLC,,1020 Campbell St,,Rochester,NY,14611,5854905503,02/25/2025,02/28/2027,Active
26-6SK8B-SHMO,Mold Assessment Contractor License (SH125),Silver Wolf Environmental Inc.,,74 Cobblestone Drive,,Shoreham,NY,11786,6318068018,02/09/2026,02/29/2028,Active
23-6TJ1X-SHMO,Mold Assessment Contractor License (SH125),Simon Hometech Inc.,,Post Office Box 630143,,Little Neck,NY,11363,7184469698,04/21/2023,02/25/2025,Expired
23-6T8E7-SHMO,Mold Remediation Contractor License (SH126),Simply the Best Cleaning Service LLC,,3436 Lakewood Drive,,North Tonawanda,NY,14120,7169125779,04/10/2023,04/30/2025,Expired
25-64V9X-SHMO,Mold Assessment Contractor License (SH125),"Skyward Property Solutions, LLC",,4706 46th St.,F1,Woodside,NY,11377,9297120216,01/08/2025,01/31/2027,Active
26-6Z8EN-SHMO,Mold Assessment Contractor License (SH125),"Smith Inspection Services, LLC",,504 W. Campbell Ave,,Sherrill,NY,13461,3153638074,03/03/2026,03/31/2028,Active
25-6I85Z-SHMO,Mold Assessment Contractor License (SH125),Sop's Home Inspection Corp,,24 Etna Lane,,DIX HILLS,NY,11746,6318314761,12/02/2025,12/31/2027,Active
23-6L4V9-SHMO,Mold Assessment Contractor License (SH125),SoundSure Inspections LLC,SoundSure Home Inspections,2444 Boston Post Road,#1044,Larchmont,NY,10538,6318488776,11/27/2023,11/30/2025,Expired
26-69AHI-SHMO,Mold Assessment Contractor License (SH125),Spartan Environmental Corp.,,670 Maple St,,Rochester,NY,14611,5857941095,08/18/2026,08/31/2028,Active
24-6AOBJ-SHMO,Mold Remediation Contractor License (SH126),Spartan Restoration Inc.,,"169 Commack Road, Suite H",,Commack,NY,11725,6316003169,06/17/2024,06/30/2026,Expired
23-6LHVY-SHMO,Mold Assessment Contractor License (SH125),"Split Rock Creative, LLC",,234 Split Rock Road,,Syosset,NY,11791,5165234200,11/29/2023,11/30/2025,Expired
25-6LCFY-SHMO,Mold Remediation Contractor License (SH126),"Stanley Steemer of Broome County, LLC",,2325 Owego Rd,,VESTAL,NY,13850,6077866429,12/11/2025,12/31/2027,Active
01161,Mold Assessment Contractor License (SH125),"State Environmental Analysis, Inc.",,45 Knollwood Rd ste 501,,ELMSFORD,NY,10523,9148299073,01/04/2018,01/31/2024,Expired
25-6TQY1-SHMO,Mold Assessment Contractor License (SH125),"Stern Environmental Group, LLC",Stern Mold,30 Seaview Drive,,SECAUCUS,NJ,07094,2013199620,12/11/2025,12/31/2027,Active
26-6SD97-SHMO,Mold Assessment Contractor License (SH125),"Stohl Environmental, LLC",,3860 California Road,,ORCHARD PARK,NY,14127,7163120070,01/02/2026,01/31/2028,Active
25-6LDX3-SHMO,Mold Remediation Contractor License (SH126),Storm Chaser Restoration Inc,Rainbow International of Ozone Park,106-08 101st Ave,,OZONE PARK,NY,11416,9293355300,11/07/2025,11/30/2027,Active
26-69PXX-SHMO,Mold Assessment Contractor License (SH125),Suffolk Power & Electric LLC,,4408 Southfield Drive,,Nottingham,MD,21236,4436537746,07/07/2026,07/31/2028,Active
25-6LVX7-SHMO,Mold Remediation Contractor License (SH126),"Summit Environmental Services, Inc.",,6075 Corporate Drive,,East Syracuse,NY,13057,3154371418,09/12/2025,09/30/2027,Active
25-6LYUN-SHMO,Mold Remediation Contractor License (SH126),"Sunshine Restoration Services, Inc.",,42 Circle Ln,,Bay Shore,NY,11706,6316013096,11/12/2025,11/30/2027,Active
24-638GR-SHMO,Mold Assessment Contractor License (SH125),Superior Home Inspection Services Inc,,6 Rowena Rd,,MANALAPAN,NJ,07726,9174284340,09/16/2024,09/30/2026,Active
25-65BHF-SHMO,Mold Remediation Contractor License (SH126),Superstar Industries LLC,Restored,5 Union Square West,Suite 1356,New York,NY,10003,8777358673,03/13/2025,03/31/2027,Active
23-6TOC1-SHMO,Mold Assessment Contractor License (SH125),Surfacing Insights LLC,,16 Rabin Terrace,,Buffalo,NY,14201,7163981657,06/08/2023,05/31/2025,Expired
25-67EOR-SHMO,Mold Assessment Contractor License (SH125),"T&S Properties of New York, LLC",,89 ETON RD,,BRONXVILLE,NY,10708,9146908140,11/12/2025,11/30/2027,Active
01293,Mold Assessment Contractor License (SH125),"TBL Building Sciences, LLC",,Po Box 1576,,NEW YORK,NY,10159,6468872750,01/29/2019,01/31/2025,Expired
24-6A7FI-SHMO,Mold Remediation Contractor License (SH126),"TEENUSA Construction, Corp.",,45 Coe Place,,Hicksville,NY,11801,6465915865,08/05/2024,08/31/2026,Expired
25-6TK8T-SHMO,Mold Assessment Contractor License (SH125),THE DELAWARE VERTEX COMPANIES,,400 Libbey Parkway,,Weymouth,MA,02189,7819526000,04/17/2025,04/30/2027,Active
25-6LGAD-SHMO,Mold Remediation Contractor License (SH126),"TLD Services, Inc",,49 East Vincent St,,ELMSFORD,NY,10523,7188980500,12/15/2025,12/31/2027,Active
26-6ZAKF-SHMO,Mold Remediation Contractor License (SH126),"TPM General Contractors, Inc.",,7709 Maltlage Drive,,Liverpool,NY,13090,3157010107,07/15/2026,07/31/2028,Active
25-6T8Z7-SHMO,Mold Assessment Contractor License (SH125),TRISTATE MOLD SOLUTIONS INC,,136 Oswego Road,,PLEASANT VALLEY,NY,12569,8458978249,03/14/2025,03/31/2027,Active
25-6LJC8-SHMO,Mold Assessment Contractor License (SH125),"TTI Environmental, Inc.",,1253 N Church Street,,Moorestown,NJ,08057,8568408800,08/04/2025,08/31/2027,Active
25-6uy3b-shmo,Mold Assessment Contractor License (SH125),Tacys Enterprises Inc.,Sircle Home Inspection,320 Saratoga Ave,,Ballston Spa,NY,12020,5185228117,02/10/2025,03/31/2027,Active
25-6IGRO-SHMO,Mold Assessment Contractor License (SH125),"Taylor Environmental Group, Inc.",,130A Jericho Turnpike,,FLORAL PARK,NY,11001,,12/03/2025,12/31/2027,Active
26-6ZUSL-SHMO,Mold Remediation Contractor License (SH126),TechClean Industries,,145Comac Street,,Ronkonkoma,NY,11779,6314549595,06/02/2026,06/30/2028,Active
25-6UUHE-SHMO,Mold Assessment Contractor License (SH125),Testing Mechanics Corp.,,3770 Merrick Rd.,,SEAFORD,NY,11783,6314805792,08/25/2025,08/31/2027,Active
25-64Q4Y-SHMO,Mold Remediation Contractor License (SH126),"The Abatement Group, LLC",,21-44 74th Street,,EAST ELMHURST,NY,11370,9176200945,01/15/2025,12/31/2026,Active
25-6ICUF-SHMO,Mold Remediation Contractor License (SH126),"The Heights Management Company, LLC",,369 East 62 Street,,New York,NY,10065,2123171423,11/24/2025,12/31/2027,Active
23-6UYQI-SHMO,Mold Assessment Contractor License (SH125),"The New York Public Library, Astor Lenox Tilden Foundation",,"476 Fith Ave, Rm 104",,NEW YORK,NY,10018,3477643933,06/22/2023,04/30/2025,Expired
23-61ERA-SHMO,Mold Assessment Contractor License (SH125),"The Sierra Group Home Inspections, LLC",Pillar to Post Professional Home Inspection,221 Country Ridge Drive,,Rye Brook,NY,10573,9177632063,09/20/2023,09/30/2025,Expired
24-63UBS-SHMO,Mold Remediation Contractor License (SH126),The Water Mitigation Friend LLC,RestoPros of Fairfield County,101 Aspetuck Ave,,New Milford,CT,06776,2032000897,11/04/2024,11/30/2026,Active
24-6AAB9-SHMO,Mold Assessment Contractor License (SH125),"Three Guys Maintenance, Inc.",,40 Dale Street,,West Babylon,NY,11704,6313932861,07/16/2024,07/31/2026,Expired
25-6LS3K-SHMO,Mold Assessment Contractor License (SH125),"Titanium Laboratories, Inc.",,249 Satterthwaite Ave,,Nutley,NJ,07110,8777848264,11/07/2025,11/30/2027,Active
26-6Z6NZ-SHMO,Mold Assessment Contractor License (SH125),"Top Gun Inspection Services Group, Inc.",,47 Crestwood Drive,,Schenectady,NY,12306,5189560532,03/13/2026,03/31/2028,Active
26-6AYQN-SHMO,Mold Remediation Contractor License (SH126),Top Restorations LLC,,139 Weiner Street,,Staten Island,NY,10309,6467720289,04/08/2026,04/30/2028,Active
25-63HYE-SHMO,Mold Remediation Contractor License (SH126),"Total Carpet Cleaning Service, Inc.",J & B CLEANING,950-4 Old Medford Ave,,MEDFORD,NY,11763,6316984754,09/24/2025,09/30/2027,Active
24-63NEC-SHMO,Mold Remediation Contractor License (SH126),Total Mold Assessment And Remediation Corp.,,8808 Cooper Ave,,Glendale,NY,11385,3476534309,08/27/2024,08/31/2026,Expired
26-66HSF-SHMO,Mold Remediation Contractor License (SH126),Total Restoration Services LLC,,1 Lepage Place,Suite 100,Syracuse,NY,13206,3154221937,05/13/2026,05/31/2028,Active
01244,Mold Remediation Contractor License (SH126),Tradeseal Corp,Exitmold,421 Oakland Ave,,CEDARHURST,NY,11516,9172939598,08/03/2018,08/31/2024,Expired
26-6SDK3-SHMO,Mold Remediation Contractor License (SH126),Tri Boro Mold Remediation Inc.,,"199 Lee Avenue, Suite 842",,Brooklyn,NY,11211,7183885900,03/12/2026,03/31/2028,Active
01771,Mold Assessment Contractor License (SH125),Tricheck Home Inspections LLC,,24 Oxford Cir,,TROY,NY,12180,5183262439,08/29/2022,08/31/2024,Expired
24-63UGB-SHMO,Mold Assessment Contractor License (SH125),Trisafe Inspections NY LLC,,332 New York Ave,,Brooklyn,NY,11213,9174999599,11/04/2024,11/30/2026,Active
26-664H6-SHMO,Mold Assessment Contractor License (SH125),Tru-Air Mold Advisors LLC,,23 Lancelot Dr,,Saugerties,NY,12477,8454302091,05/07/2026,05/31/2028,Active
26-693YZ-SHMO,Mold Assessment Contractor License (SH125),True North Home Services LLC,PuroClean of North Albany,30 Wood Rd Unit 3,,Round Lake,NY,12151,5188300070,08/18/2026,08/31/2028,Active
01760,Mold Assessment Contractor License (SH125),Tubman Contracting Enterprises Inc,,203 W 137th Street,,NEW YORK,NY,10030,2679053721,07/19/2022,07/31/2024,Expired
26-69VRA-SHMO,Mold Assessment Contractor License (SH125),"Two Sons Environmental 2, LLC",Janine,141 SALMONS HOLLOW ROAD,,Brewster,NY,10509,2033123092,06/29/2026,06/30/2028,Active
24-63RJB-SHMO,Mold Remediation Contractor License (SH126),U. A Builders Corp.,,7 Sabatino Court,,Deer Park,NY,11729,3479881694,09/05/2024,09/30/2026,Active
24-6ZENT-SHMO,Mold Remediation Contractor License (SH126),UHL Ventures LLC,Servpro of Jamestown/Olean,1376 E 2nd Street,,Jamestown,NY,14701,7163384901,03/05/2024,03/31/2026,Expired
25-6UNSJ-SHMO,Mold Assessment Contractor License (SH125),URS Corporation- New York,,"120 South Central Ave, Ste 350",,CLAYTON,MO,63105,6032331435,06/05/2025,06/30/2027,Active
25-6UD5R-SHMO,Mold Assessment Contractor License (SH125),Ulster County BOCES,,175 Route 32 N,,NEW PALTZ,NY,12561,8452551400,07/01/2025,07/31/2027,Active
01887,Mold Remediation Contractor License (SH126),Unique Remediation LLC,,1320-4 Lincoln Ave,,HOLBROOK,NY,11741,6315686267,11/15/2022,11/30/2024,Expired
26-63GVA-SHMO,Mold Remediation Contractor License (SH126),United Safety LLC,,101 Alexander Ave Unit 4,,Pompton Plains,NJ,07444,9732760099,08/12/2026,08/31/2028,Active
01744,Mold Assessment Contractor License (SH125),Upfront Mold Assessors LLC,,1302 4th Ave,,SCHENECTADY,NY,12303,5184177493,06/22/2022,06/30/2024,Expired
25-6LSPP-SHMO,Mold Remediation Contractor License (SH126),Upstate Drainage and Mold LLC,,172 alexander st,,rochester,NY,14607,3155766050,12/01/2025,12/31/2027,Active
25-6UODA-SHMO,Mold Assessment Contractor License (SH125),Urgent Restoration1 LLC,,199 Lee Ave Apt 244,,BROOKLYN,NY,11211,7184384200,09/02/2025,09/30/2027,Active
01757,Mold Remediation Contractor License (SH126),V & R Classic Management Inc.,,75 South Broadway Ste 400,,WHITE PLAINS,NY,10601,9147580040,06/08/2022,06/30/2024,Expired
26-6ZQZ6-SHMO,Mold Assessment Contractor License (SH125),"VK General Contractor, Inc.",,Post Office Box 5705,,Long Island City,NY,11105,3476655624,03/26/2026,03/31/2028,Active
25-67QJF-SHMO,Mold Assessment Contractor License (SH125),Valente Home Inspections LLC,,23 Friendly way,,Stormville,NY,12582,9142031076,12/04/2025,12/31/2027,Active
26-6ZO6H-SHMO,Mold Assessment Contractor License (SH125),"Venture Management & Reconstruction, Inc.",,"8230 Poplar Tent Road, Suite 101",,Concord,NC,28027,7047956127,01/02/2026,03/31/2028,Active
24-63OST-SHMO,Mold Assessment Contractor License (SH125),Verify Home Inspection LLC,,3 Neptune Road,N13,Poughkeepsie,NY,12601,8455542137,10/23/2024,10/31/2026,Active
24-63ISO-SHMO,Mold Assessment Contractor License (SH125),Victor Escalona,COMMERCIAL LAB ENTERPRISE,270 SWINTON AVE,,BRONX,NY,10465,7187922832,11/14/2024,11/30/2026,Active
25-6L65Q-SHMO,Mold Remediation Contractor License (SH126),Vision 21 Inc,,963 E 101 St,,BROOKLYN,NY,11236,3474060958,12/22/2025,12/31/2027,Active
25-6TJ9Y-SHMO,Mold Assessment Contractor License (SH125),Vivid Home Inspection LLC,,35 Creek Rd,,Wynantskill,NY,12198,5188179501,03/12/2025,03/31/2027,Active
25-6H8XE-SHMO,Mold Remediation Contractor License (SH126),WALL CONTRACTOR CORP.,,2372 Arthur Kill Rd,,Staten Island,NY,10309,7182822300,07/21/2025,07/31/2027,Active
25-67OEL-SHMO,Mold Assessment Contractor License (SH125),WATER AND MOLD  SOLUTIONS LLC,,7048 153rd St,,Flushing,NY,11367,3476709311,12/10/2025,12/31/2027,Active
25-6TQ3F-SHMO,Mold Remediation Contractor License (SH126),WESTERN SYSTEMS CORPORATION,,15067 115TH DRIVE,,JAMAICA,NY,11434,3475230020,07/23/2025,07/31/2027,Active
25-6UQUJ-SHMO,Mold Assessment Contractor License (SH125),WNY Capital Development LLC,,1 Seneca Street Suite 2900,,Buffalo,NY,14203,7163466724,12/01/2025,12/31/2027,Active
24-63O4S-SHMO,Mold Remediation Contractor License (SH126),WRS Environmental Services Inc,,17 Old Dock Rd,,YAPHANK,NY,11980,6319248111,10/23/2024,12/31/2026,Active
26-6ZFBJ-SHMO,Mold Assessment Contractor License (SH125),"Warbler Property Inspections, LLC",,47 Ridgewood Drive,,Mechanicville,NY,12118,5189268067,02/20/2026,02/29/2028,Active
25-67J93-SHMO,Mold Remediation Contractor License (SH126),Water Restoration Services of Central New York,RestoPros of Syracuse-Utica-Rome,8674 S Main St,,Poland,NY,13431,6172857042,11/18/2025,11/30/2027,Active
26-6AF3E-SHMO,Mold Remediation Contractor License (SH126),"We-Do Windows, Inc.",,14 Old Dock Road,,Yaphank,NY,11980,6319242707,05/28/2026,05/31/2028,Active
26-6ZUGL-SHMO,Mold Assessment Contractor License (SH125),"WestNY Environmental Resources, LLC",,136 Chambers St.,,Spencerport,NY,14559,5857394528,03/31/2026,03/31/2028,Active
24-6ZH9D-SHMO,Mold Remediation Contractor License (SH126),"WetDry Carpet and Restoration, LLC",,78 Phaeton Drive,,Penfield,NY,14526,5852307421,04/23/2024,12/31/2025,Expired
24-6A648-SHMO,Mold Assessment Contractor License (SH125),"Windmill Environmental, Inc.",Windmill Oil Tank Service,89B Bellport Avenue,,Yaphank,NY,11980,6313608901,08/12/2024,08/31/2026,Expired
26-6Z43A-SHMO,Mold Remediation Contractor License (SH126),Woodys Construction Inc,Liberty Restoratation,165 Bedell Ave,,Highland,NY,12528,8446334872,04/08/2026,04/30/2028,Active
25-6T8ZO-SHMO,Mold Assessment Contractor License (SH125),"Wright Way Inspections, LLC",,16 Camp Terrace,,Albany,NY,12203,5182294156,12/15/2025,12/31/2027,Active
26-6L9U8-SHMO,Mold Assessment Contractor License (SH125),"YU & Associates, Inc.","YU & Associates Engineers, PC",611 River Drive,,Elmwood Park,NJ,07407,2017910075,01/08/2026,01/31/2028,Active
25-65UDX-SHMO,Mold Assessment Contractor License (SH125),"York Colony, LLC",,22 charlyle court,,ballston lake,NY,12019,8022720591,05/08/2025,05/31/2027,Active
26-69JSY-SHMO,Mold Remediation Contractor License (SH126),Zcarpentry LLC,,6414 Madison St Apt 1L,,Ridgewood,NY,11385,3472162858,06/24/2026,06/30/2028,Active
24-63UQ6-SHMO,Mold Remediation Contractor License (SH126),Zion Global Concept LLC,Puroclean of Bulls Head LLC,213 Simonson Ave,,Staten Island,NY,10303,3237049898,11/05/2024,11/30/2026,Active
26-673FU-SHMO,Mold Remediation Contractor License (SH126),"iFlooded Services, Inc.",iFlooded Restoration,20 Burling Lane,Floor 4 Office 3,New Rochelle,NY,10801,8008748146,01/14/2026,01/31/2028,Active
26-67HX4-SHMO,Mold Remediation Contractor License (SH126),WATER CLEANUP EXPERTS INC.,,3445 Niagara Falls Blvd,,North Tonawanda,NY,14120,7166942424,01/26/2026,01/31/2028,Active
25-6TQ3G-SHMO,Mold Assessment Contractor License (SH125),WESTERN SYSTEMS CORPORATION,,15067 115TH DRIVE,,JAMAICA,NY,11434,3475230020,11/20/2025,05/31/2027,Active
25-65O63-SHMO,Mold Remediation Contractor License (SH126),WNY DRY LLC,,26 Glenside Ct,,Buffalo,NY,14223,7163337217,04/30/2025,04/30/2027,Active
25-65YUR-SHMO,Mold Assessment Contractor License (SH125),WSP USA SOLUTIONS INC.,,"One Penn Plaza, 4th Floor",,New York,NY,10119,2124655000,03/10/2025,03/31/2027,Active
24-6387E-SHMO,Mold Remediation Contractor License (SH126),Wardour Restoration Inc.,Rainbow International of Buffalo,190 Gruner Road,,Buffalo,NY,14227,7168744919,09/18/2024,09/30/2026,Active
26-6ZCUT-SHMO,Mold Assessment Contractor License (SH125),"Watson & Associates, Occupational Hygiene and Safety, LLC",,709 County Route 403,,Greenville,NY,12083,5184959151,03/18/2026,03/31/2028,Active
26-66KRQ-SHMO,Mold Remediation Contractor License (SH126),Wedge Wood Building Services Inc.,,102 Keyland Court,,Bohemia,NY,11716,6318720074,03/12/2026,03/31/2028,Active
24-63HKD-SHMO,Mold Assessment Contractor License (SH125),"Westchester Drywall NY, Corp.",DKC Design Solutions,6 Boxwood Place,,Rye Brook,NY,10573,9144004979,12/05/2024,12/31/2026,Active
23-6LEQ1-SHMO,Mold Assessment Contractor License (SH125),William J. Kimble,Turn Key Home Inspections,5577 Centerpointe #8,,CANANDAIGUA,NY,14424,5857643288,10/27/2023,10/31/2025,Expired
25-6HZI6-SHMO,Mold Remediation Contractor License (SH126),"Window Specialist, Inc.",,188 Erie St.,,LANCASTER,NY,14086,7165832677,09/23/2025,09/30/2027,Active
24-63P98-SHMO,Mold Assessment Contractor License (SH125),World Class Environmental LLC,,"470 Route 211 E, Suite 24",,Middletown,NY,10940,8774967530,10/11/2024,10/31/2026,Active
23-6U66A-SHMO,Mold Assessment Contractor License (SH125),"Wunder Home Consultants, LLC",,189 Stock Farm Road,,Chestertown,NY,12817,5183619097,10/16/2023,12/31/2025,Expired
25-6UDQB-SHMO,Mold Remediation Contractor License (SH126),Yellow Restoration Inc,,358 Grove st #14B,,BROOKLYN,NY,11237,9177101129,06/27/2025,06/30/2027,Active
01779,Mold Assessment Contractor License (SH125),Young and Old Home Inspection LLC,,125 Van Schoick Ave,,ALBANY,NY,12209,5183960651,09/22/2022,09/30/2024,Expired
24-63VG8-SHMO,Mold Assessment Contractor License (SH125),Zen Rustic Home & Design LLC,Insight Home Inspection Services,24 Aspinwall Road,,Red Hook,NY,12571,8454070079,10/01/2024,10/31/2026,Active
25-6IBYH-SHMO,Mold Remediation Contractor License (SH126),Zott Restoration and Remediation LLC,,551 Hosner Mountain Rd,,Stormville,NY,12582,8452274141,11/21/2025,12/31/2027,Active
26-66AP9-SHMO,Mold Remediation Contractor License (SH126),northeastern restoration services llc,,485 pelham rd,unit b72,new york,NY,10805,9293534349,04/29/2026,04/30/2028,Active
25-6UKUU-SHMO,Mold Remediation Contractor License (SH126),WDNY LLC,RYTECH OF MID HUDSON,9 Park Blvd,,HYDE PARK,NY,12538,8455450944,06/30/2025,06/30/2027,Active
25-6LZG4-SHMO,Mold Remediation Contractor License (SH126),"WESTFAIR RESTORATION SERVICES, INC.",,34 First street,,new rochelle,NY,10801,9147416660,12/11/2025,12/31/2027,Active
24-63T8J-SHMO,Mold Remediation Contractor License (SH126),WNY Eco Solutions LLC,,"178 MacArthur dr, williamsville, ny 14221",,Buffalo,NY,14221,7168805956,10/25/2024,10/31/2026,Active
26-6ZZEU-SHMO,Mold Assessment Contractor License (SH125),"Walden Environmental Engineering,PLLC",Walden Associates,16 Spring Street,,Oyster Bay,NY,11771,5166247200,04/29/2026,04/30/2028,Active
23-6LDOU-SHMO,Mold Assessment Contractor License (SH125),"Warren & Panzer Engineers, P.C.",,228 E 45th Street,Floor 2,New York,NY,10017,2129220077,10/19/2023,10/31/2024,Expired
25-6L6ZP-SHMO,Mold Assessment Contractor License (SH125),"Watts Architecture + Engineering, D.P.C.",,"95 Perry St, Suite 300",,BUFFALO,NY,14203,7163610996,10/21/2025,10/31/2027,Active
24-6AADC-SHMO,Mold Remediation Contractor License (SH126),Wedry and Restore LLC,,3 E Evergreen Road,Suite 101 PMB 525,New City,NY,10956,8456415540,07/16/2024,07/31/2026,Expired
24-63HKN-SHMO,Mold Remediation Contractor License (SH126),"Westchester Drywall NY, Corp.",DKC Design Solutions,6 Boxwood Place,,Rye Brook,NY,10573,9144004979,12/05/2024,12/31/2026,Active
01743,Mold Remediation Contractor License (SH126),Win Fairfield LLC,,5 Flax Fairfield Rd,,Brookfield,CT,06804,9143067676,04/29/2022,04/30/2024,Expired
24-6AZSV-SHMO,Mold Assessment Contractor License (SH125),Windsor Inspections LLC,,28a Windsor Place,,Brooklyn,NY,11215,6316172754,07/15/2024,07/31/2026,Expired
24-63P9E-SHMO,Mold Remediation Contractor License (SH126),World Class Environmental LLC,,"470 Route 211 E, Suite 24",,Middletown,NY,10940,8774967530,10/11/2024,10/31/2026,Active
26-667I9-SHMO,Mold Assessment Contractor License (SH125),"YA Engineering, PLLC",,12851 Manchester Rd.,Suite #160,St. Louis,MO,63131,2068908511,05/15/2026,05/31/2028,Active
25-61OCF-SHMO,Mold Remediation Contractor License (SH126),Yellowstone Builders 2 LLC,SERVPRO of Central Monroe County,460 Buffalo Rd,Suite 70,Rochester,NY,14611,8608265169,11/06/2025,11/30/2027,Active
01902,Mold Remediation Contractor License (SH126),Zamlis LLC,,"40-04 Bowne St, Ste 2J",,FLUSHING,NY,11354,,12/13/2022,12/31/2024,Expired
23-6UDE7-SHMO,Mold Remediation Contractor License (SH126),Ziaur Bhuiyan DBA Dynamic Construction Co.,Ziaur Bhuiyan DBA Dynamic Construction Co.,"1149 E 34th Street, 2nd Floor Suite B",,Brooklyn,NY,11210,6462365359,07/05/2023,07/31/2025,Expired
24-6355R-SHMO,Mold Assessment Contractor License (SH125),asap environmental consultants llc,,740 east 243rd street,apt 2f,bronx,NY,10470,6463893361,12/04/2024,12/31/2026,Active
25-64X7A-SHMO,Mold Remediation Contractor License (SH126),"y&N Construction,LLC",5star restoration Services,37 Irving Ave,,Newark,NJ,07112,8622368691,01/17/2025,01/31/2027,Active
25-6HBT8-SHMO,Mold Assessment Contractor License (SH125),WDNY LLC,RYTECH OF MID HUDSON,9 Park Blvd,,HYDE PARK,NY,12538,8455450944,06/30/2025,06/30/2027,Active
25-6LYFG-SHMO,Mold Assessment Contractor License (SH125),"WHITESTONE ASSOCIATES, INC.",,"30 Independence Blvd, Ste 250",,WARREN,NJ,07059,9086687777,10/27/2025,10/31/2027,Active
25-6UCSH-SHMO,Mold Remediation Contractor License (SH126),WPS Contracting Group LLC,,"25 Melville Park Road, Suite 142",,Melville,NY,11747,5165449707,07/08/2025,07/31/2027,Active
25-67VVJ-SHMO,Mold Assessment Contractor License (SH125),Walter Baenziger,Walter Baenziger,"4 School Street, Suite 2",,Westfield,MA,01085,4134273416,11/24/2025,11/30/2027,Active
26-6S4PZ-SHMO,Mold Remediation Contractor License (SH126),Warwick Valley Builders LLC,,1 Commercial Drive,Suite K,Florida,NY,10921,8456511850,03/24/2026,03/31/2028,Active
26-6ZLRH-SHMO,Mold Assessment Contractor License (SH125),We Inspect LLC,,12651 High Bluff Dr,Suite 130,San Diego,CA,92130,8884366653,03/27/2026,03/31/2028,Active
24-6I6II-SHMO,Mold Remediation Contractor License (SH126),"West Sky Enterprise, LLC",Restoration 1 of the Capital Region,5 West Sky Lane,,Clifton Park,NY,12065,5188179915,01/23/2024,01/31/2026,Expired
26-6ACU1-SHMO,Mold Assessment Contractor License (SH125),"Weston Solutions, Inc.",,342 Raritan Center Parkway,,Edison,NJ,08837,7324175800,04/08/2026,04/30/2028,Active
01754,Mold Assessment Contractor License (SH125),Win Fairfield LLC,,5 Flax Fairfield Rd,,Brookfield,CT,06804,9143067676,07/07/2022,07/31/2024,Expired
24-6ZUEY-SHMO,Mold Remediation Contractor License (SH126),"Wise Home Solutions, Inc.",,7 Walnut Street,,Albany,NY,12205,5183302268,03/29/2024,03/31/2026,Expired
26-6AF8B-SHMO,Mold Assessment Contractor License (SH125),Worthex Pro Inspections LLC,,2522 South Road,#1032,Poughkeepsie,NY,12601,8452935828,04/29/2026,04/30/2028,Active
01803,Mold Assessment Contractor License (SH125),YETCS INC,,1544 Coleman St,,BROOKLYN,NY,11234,3473273079,10/31/2022,10/31/2024,Expired
25-61OC8-SHMO,Mold Remediation Contractor License (SH126),Yellowstone Builders LLC,Servpro of Central Albany,14 Jupiter Lane,Suite 3,Colonie,NY,12205,8608265169,11/06/2025,11/30/2027,Active
26-6APQG-SHMO,Mold Remediation Contractor License (SH126),Zavza Seal LLC,,176-8 Central Avenue,,Farmingdale,NY,11735,6319801800,05/06/2026,05/31/2028,Active
23-6L79Y-SHMO,Mold Assessment Contractor License (SH125),"Zielinski Home Inspections, LLC",Gary Zielinski,1223 Coplon Ave,,SCHENECTADY,NY,12309,5184249909,11/30/2023,11/30/2025,Expired
26-69SH3-SHMO,Mold Remediation Contractor License (SH126),asap environmental consultants llc,,740 east 243rd street,apt 2f,bronx,NY,10470,6463893361,08/11/2026,08/31/2028,Active
